"points","Image","X","Y"
1,"207_fs1-00001.jpg",560.833,218.833
2,"207_fs1-00001.jpg",561.329583010309,219.350440096597
3,"207_fs1-00001.jpg",561.825545804056,219.869405575419
4,"207_fs1-00001.jpg",562.320888150293,220.38987107195
5,"207_fs1-00001.jpg",562.815609818072,220.911811221678
6,"207_fs1-00001.jpg",563.309710576446,221.435200660089
7,"207_fs1-00001.jpg",563.803190194468,221.960014022668
8,"207_fs1-00001.jpg",564.29604844119,222.486225944903
9,"207_fs1-00001.jpg",564.788285085663,223.013811062278
10,"207_fs1-00001.jpg",565.279899896942,223.542744010281
11,"207_fs1-00001.jpg",565.770892644077,224.072999424398
12,"207_fs1-00001.jpg",566.261263096122,224.604551940115
13,"207_fs1-00001.jpg",566.751011022129,225.137376192918
14,"207_fs1-00001.jpg",567.24013619115,225.671446818294
15,"207_fs1-00001.jpg",567.728638372238,226.206738451728
16,"207_fs1-00001.jpg",568.216517334445,226.743225728707
17,"207_fs1-00001.jpg",568.703772846824,227.280883284717
18,"207_fs1-00001.jpg",569.190404678427,227.819685755244
19,"207_fs1-00001.jpg",569.676412598306,228.359607775775
20,"207_fs1-00001.jpg",570.161796375515,228.900623981796
21,"207_fs1-00001.jpg",570.646555779104,229.442709008792
22,"207_fs1-00001.jpg",571.130690578128,229.985837492252
23,"207_fs1-00001.jpg",571.614200541638,230.529984067659
24,"207_fs1-00001.jpg",572.097085438686,231.075123370501
25,"207_fs1-00001.jpg",572.579345038325,231.621230036264
26,"207_fs1-00001.jpg",573.060979109608,232.168278700434
27,"207_fs1-00001.jpg",573.541987421587,232.716243998498
28,"207_fs1-00001.jpg",574.022369743314,233.265100565941
29,"207_fs1-00001.jpg",574.502125843842,233.81482303825
30,"207_fs1-00001.jpg",574.981255492224,234.365386050911
31,"207_fs1-00001.jpg",575.45975845751,234.91676423941
32,"207_fs1-00001.jpg",575.937634508755,235.468932239234
33,"207_fs1-00001.jpg",576.414883415011,236.021864685869
34,"207_fs1-00001.jpg",576.891504945329,236.5755362148
35,"207_fs1-00001.jpg",577.367498868763,237.129921461515
36,"207_fs1-00001.jpg",577.842864954364,237.684995061499
37,"207_fs1-00001.jpg",578.317602971186,238.240731650239
38,"207_fs1-00001.jpg",578.791712688281,238.797105863221
39,"207_fs1-00001.jpg",579.2651938747,239.354092335931
40,"207_fs1-00001.jpg",579.738046299497,239.911665703855
41,"207_fs1-00001.jpg",580.210269731724,240.469800602479
42,"207_fs1-00001.jpg",580.681863748409,241.028471667291
43,"207_fs1-00001.jpg",581.152539318456,241.587653533776
44,"207_fs1-00001.jpg",581.622066313811,242.147320837419
45,"207_fs1-00001.jpg",582.090489556706,242.707448213709
46,"207_fs1-00001.jpg",582.557853869375,243.26801029813
47,"207_fs1-00001.jpg",583.02420407405,243.828981726169
48,"207_fs1-00001.jpg",583.489584992963,244.390337133312
49,"207_fs1-00001.jpg",583.954041448348,244.952051155045
50,"207_fs1-00001.jpg",584.417618262437,245.514098426855
51,"207_fs1-00001.jpg",584.880360257462,246.076453584228
52,"207_fs1-00001.jpg",585.342312255657,246.63909126265
53,"207_fs1-00001.jpg",585.803519079254,247.201986097607
54,"207_fs1-00001.jpg",586.264025550486,247.765112724586
55,"207_fs1-00001.jpg",586.723876491585,248.328445779073
56,"207_fs1-00001.jpg",587.183116724784,248.891959896553
57,"207_fs1-00001.jpg",587.641791072317,249.455629712514
58,"207_fs1-00001.jpg",588.099944356414,250.019429862441
59,"207_fs1-00001.jpg",588.55762139931,250.583334981821
60,"207_fs1-00001.jpg",589.014867023237,251.14731970614
61,"207_fs1-00001.jpg",589.471726050427,251.711358670884
62,"207_fs1-00001.jpg",589.928243303114,252.275426511539
63,"207_fs1-00001.jpg",590.384463603529,252.839497863592
64,"207_fs1-00001.jpg",590.840431773906,253.403547362529
65,"207_fs1-00001.jpg",591.296192636477,253.967549643836
66,"207_fs1-00001.jpg",591.751791013476,254.531479342999
67,"207_fs1-00001.jpg",592.207271727134,255.095311095504
68,"207_fs1-00001.jpg",592.662679599684,255.659019536838
69,"207_fs1-00001.jpg",593.11805945336,256.222579302487
70,"207_fs1-00001.jpg",593.573456110393,256.785965027938
71,"207_fs1-00001.jpg",594.028914393017,257.349151348675
72,"207_fs1-00001.jpg",594.484479123464,257.912112900187
73,"207_fs1-00001.jpg",594.940195123966,258.474824317958
74,"207_fs1-00001.jpg",595.396107216757,259.037260237475
75,"207_fs1-00001.jpg",595.85226022407,259.599395294225
76,"207_fs1-00001.jpg",596.308698968136,260.161204123693
77,"207_fs1-00001.jpg",596.765468271188,260.722661361366
78,"207_fs1-00001.jpg",597.22261295546,261.28374164273
79,"207_fs1-00001.jpg",597.680177843184,261.844419603271
80,"207_fs1-00001.jpg",598.138207756593,262.404669878476
81,"207_fs1-00001.jpg",598.596933953483,262.964468882348
82,"207_fs1-00001.jpg",599.057244231191,263.523825021937
83,"207_fs1-00001.jpg",599.519156846604,264.08277441216
84,"207_fs1-00001.jpg",599.982565280246,264.641354083857
85,"207_fs1-00001.jpg",600.447363012639,265.199601067866
86,"207_fs1-00001.jpg",600.913443524309,265.757552395027
87,"207_fs1-00001.jpg",601.380700295779,266.31524509618
88,"207_fs1-00001.jpg",601.849026807571,266.872716202164
89,"207_fs1-00001.jpg",602.318316540211,267.430002743818
90,"207_fs1-00001.jpg",602.788462974221,267.987141751981
91,"207_fs1-00001.jpg",603.259359590125,268.544170257494
92,"207_fs1-00001.jpg",603.730899868448,269.101125291195
93,"207_fs1-00001.jpg",604.202977289711,269.658043883923
94,"207_fs1-00001.jpg",604.675485334441,270.214963066518
95,"207_fs1-00001.jpg",605.148317483159,270.77191986982
96,"207_fs1-00001.jpg",605.62136721639,271.328951324667
97,"207_fs1-00001.jpg",606.094528014657,271.8860944619
98,"207_fs1-00001.jpg",606.567693358484,272.443386312357
99,"207_fs1-00001.jpg",607.040756728395,273.000863906877
100,"207_fs1-00001.jpg",607.513611604913,273.558564276301
101,"207_fs1-00001.jpg",607.986151468562,274.116524451468
102,"207_fs1-00001.jpg",608.458269799866,274.674781463216
103,"207_fs1-00001.jpg",608.929860079348,275.233372342385
104,"207_fs1-00001.jpg",609.400815787532,275.792334119815
105,"207_fs1-00001.jpg",609.871030404942,276.351703826345
106,"207_fs1-00001.jpg",610.340397412102,276.911518492814
107,"207_fs1-00001.jpg",610.808810289534,277.471815150062
108,"207_fs1-00001.jpg",611.276162517763,278.032630828928
109,"207_fs1-00001.jpg",611.742347577312,278.594002560252
110,"207_fs1-00001.jpg",612.207258948706,279.155967374872
111,"207_fs1-00001.jpg",612.670790112467,279.718562303628
112,"207_fs1-00001.jpg",613.13283454912,280.281824377359
113,"207_fs1-00001.jpg",613.593285739188,280.845790626906
114,"207_fs1-00001.jpg",614.052037163194,281.410498083106
115,"207_fs1-00001.jpg",614.508982301663,281.9759837768
116,"207_fs1-00001.jpg",614.964014635118,282.542284738827
117,"207_fs1-00001.jpg",615.417027644083,283.109438000027
118,"207_fs1-00001.jpg",615.867914809081,283.677480591237
119,"207_fs1-00001.jpg",616.316569610637,284.246449543299
120,"207_fs1-00001.jpg",616.762885529273,284.816381887051
121,"207_fs1-00001.jpg",617.206756045514,285.387314653333
122,"207_fs1-00001.jpg",617.648074639883,285.959284872984
123,"207_fs1-00001.jpg",618.086734792903,286.532329576843
124,"207_fs1-00001.jpg",618.5226299851,287.10648579575
125,"207_fs1-00001.jpg",618.955653696995,287.681790560544
126,"207_fs1-00001.jpg",619.385699409113,288.258280902065
127,"207_fs1-00001.jpg",619.812660601978,288.835993851151
128,"207_fs1-00001.jpg",620.236430756113,289.414966438643
129,"207_fs1-00001.jpg",620.656903352042,289.995235695379
130,"207_fs1-00001.jpg",621.073971870288,290.576838652199
131,"207_fs1-00001.jpg",621.487529791376,291.159812339943
132,"207_fs1-00001.jpg",621.898755564458,291.744192527885
133,"207_fs1-00001.jpg",622.31104639813,292.33000258972
134,"207_fs1-00001.jpg",622.724414166806,292.917258862663
135,"207_fs1-00001.jpg",623.138663852359,293.505977603128
136,"207_fs1-00001.jpg",623.553600436659,294.096175067534
137,"207_fs1-00001.jpg",623.96902890158,294.687867512298
138,"207_fs1-00001.jpg",624.384754228994,295.281071193838
139,"207_fs1-00001.jpg",624.800581400772,295.87580236857
140,"207_fs1-00001.jpg",625.216315398786,296.472077292911
141,"207_fs1-00001.jpg",625.63176120491,297.06991222328
142,"207_fs1-00001.jpg",626.046723801013,297.669323416092
143,"207_fs1-00001.jpg",626.46100816897,298.270327127767
144,"207_fs1-00001.jpg",626.874419290651,298.87293961472
145,"207_fs1-00001.jpg",627.286762147929,299.477177133369
146,"207_fs1-00001.jpg",627.697841722676,300.083055940132
147,"207_fs1-00001.jpg",628.107462996763,300.690592291425
148,"207_fs1-00001.jpg",628.515430952064,301.299802443666
149,"207_fs1-00001.jpg",628.92155057045,301.910702653272
150,"207_fs1-00001.jpg",629.325626833793,302.52330917666
151,"207_fs1-00001.jpg",629.727464723965,303.137638270248
152,"207_fs1-00001.jpg",630.126869222838,303.753706190453
153,"207_fs1-00001.jpg",630.523645312284,304.371529193692
154,"207_fs1-00001.jpg",630.917597974176,304.991123536382
155,"207_fs1-00001.jpg",631.308532190386,305.612505474941
156,"207_fs1-00001.jpg",631.696252942784,306.235691265786
157,"207_fs1-00001.jpg",632.080565213245,306.860697165335
158,"207_fs1-00001.jpg",632.461273983638,307.487539430003
159,"207_fs1-00001.jpg",632.838184235838,308.11623431621
160,"207_fs1-00001.jpg",633.211100951715,308.746798080371
161,"207_fs1-00001.jpg",633.579829113142,309.379246978904
162,"207_fs1-00001.jpg",633.944173701991,310.013597268227
163,"207_fs1-00001.jpg",634.303939700133,310.649865204757
164,"207_fs1-00001.jpg",634.658932089442,311.288067044911
165,"207_fs1-00001.jpg",635.008955851789,311.928219045106
166,"207_fs1-00001.jpg",635.353815969045,312.57033746176
167,"207_fs1-00001.jpg",635.693317423084,313.21443855129
168,"207_fs1-00001.jpg",636.027265195777,313.860538570112
169,"207_fs1-00001.jpg",636.355464268996,314.508653774645
170,"207_fs1-00001.jpg",636.677719624614,315.158800421305
171,"207_fs1-00001.jpg",636.993836244501,315.810994766511
172,"207_fs1-00001.jpg",637.303619110532,316.465253066678
173,"207_fs1-00001.jpg",637.606873204576,317.121591578225
174,"207_fs1-00001.jpg",637.903403508508,317.780026557568
175,"207_fs1-00001.jpg",638.193015004197,318.440574261126
176,"207_fs1-00001.jpg",638.475512673518,319.103250945314
177,"207_fs1-00001.jpg",638.750701498341,319.768072866551
178,"207_fs1-00001.jpg",639.018633906133,320.435056281254
179,"207_fs1-00001.jpg",639.281664427739,321.104217445839
180,"207_fs1-00001.jpg",639.540409181537,321.775572616725
181,"207_fs1-00001.jpg",639.794849110042,322.449138050328
182,"207_fs1-00001.jpg",640.04496515577,323.124930003066
183,"207_fs1-00001.jpg",640.290738261235,323.802964731356
184,"207_fs1-00001.jpg",640.532149368954,324.483258491616
185,"207_fs1-00001.jpg",640.769179421441,325.165827540261
186,"207_fs1-00001.jpg",641.001809361212,325.850688133711
187,"207_fs1-00001.jpg",641.230020130782,326.537856528381
188,"207_fs1-00001.jpg",641.453792672667,327.22734898069
189,"207_fs1-00001.jpg",641.673107929381,327.919181747055
190,"207_fs1-00001.jpg",641.887946843441,328.613371083892
191,"207_fs1-00001.jpg",642.098290357362,329.309933247619
192,"207_fs1-00001.jpg",642.304119413658,330.008884494654
193,"207_fs1-00001.jpg",642.505414954846,330.710241081413
194,"207_fs1-00001.jpg",642.70215792344,331.414019264315
195,"207_fs1-00001.jpg",642.894329261957,332.120235299775
196,"207_fs1-00001.jpg",643.081909912911,332.828905444212
197,"207_fs1-00001.jpg",643.264880818817,333.540045954042
198,"207_fs1-00001.jpg",643.443222922192,334.253673085683
199,"207_fs1-00001.jpg",643.616917165549,334.969803095553
200,"207_fs1-00001.jpg",643.785944491406,335.688452240068
1,"207_fs1-00002.jpg",582.167,212.167
2,"207_fs1-00002.jpg",582.167,212.827808726552
3,"207_fs1-00002.jpg",582.167,213.486360092162
4,"207_fs1-00002.jpg",582.167,214.14266136134
5,"207_fs1-00002.jpg",582.167,214.796719798598
6,"207_fs1-00002.jpg",582.167,215.448542668447
7,"207_fs1-00002.jpg",582.167,216.098137235399
8,"207_fs1-00002.jpg",582.167,216.745510763964
9,"207_fs1-00002.jpg",582.167,217.390670518655
10,"207_fs1-00002.jpg",582.167,218.033623763981
11,"207_fs1-00002.jpg",582.167,218.674377764455
12,"207_fs1-00002.jpg",582.167,219.312939784587
13,"207_fs1-00002.jpg",582.167,219.94931708889
14,"207_fs1-00002.jpg",582.167,220.583516941874
15,"207_fs1-00002.jpg",582.167,221.21554660805
16,"207_fs1-00002.jpg",582.167,221.84541335193
17,"207_fs1-00002.jpg",582.167,222.473124438025
18,"207_fs1-00002.jpg",582.167,223.098687130846
19,"207_fs1-00002.jpg",582.167,223.722108694905
20,"207_fs1-00002.jpg",582.167,224.343396394713
21,"207_fs1-00002.jpg",582.167,224.962557494781
22,"207_fs1-00002.jpg",582.167,225.57959925962
23,"207_fs1-00002.jpg",582.167,226.194528953741
24,"207_fs1-00002.jpg",582.167,226.807353841657
25,"207_fs1-00002.jpg",582.167,227.418081187878
26,"207_fs1-00002.jpg",582.167,228.026718256915
27,"207_fs1-00002.jpg",582.167,228.63327231328
28,"207_fs1-00002.jpg",582.167,229.237750621483
29,"207_fs1-00002.jpg",582.167,229.840160446037
30,"207_fs1-00002.jpg",582.167,230.440509051453
31,"207_fs1-00002.jpg",582.167,231.038803702241
32,"207_fs1-00002.jpg",582.167,231.635051662913
33,"207_fs1-00002.jpg",582.167,232.22926019798
34,"207_fs1-00002.jpg",582.167,232.821436571953
35,"207_fs1-00002.jpg",582.167,233.411588049345
36,"207_fs1-00002.jpg",582.167,233.999721894665
37,"207_fs1-00002.jpg",582.167,234.585845372426
38,"207_fs1-00002.jpg",582.167,235.169965747138
39,"207_fs1-00002.jpg",582.167,235.752090283314
40,"207_fs1-00002.jpg",582.167,236.332226245463
41,"207_fs1-00002.jpg",582.167,236.910380898097
42,"207_fs1-00002.jpg",582.167,237.486561505728
43,"207_fs1-00002.jpg",582.167,238.060775332867
44,"207_fs1-00002.jpg",582.167,238.633029644025
45,"207_fs1-00002.jpg",582.167,239.203331703714
46,"207_fs1-00002.jpg",582.167,239.771688776444
47,"207_fs1-00002.jpg",582.167,240.338108126727
48,"207_fs1-00002.jpg",582.172238070336,240.902597019074
49,"207_fs1-00002.jpg",582.20451188008,241.465162717997
50,"207_fs1-00002.jpg",582.265251174454,242.025812488006
51,"207_fs1-00002.jpg",582.353340373973,242.584553593614
52,"207_fs1-00002.jpg",582.467663899153,243.14139329933
53,"207_fs1-00002.jpg",582.607106170511,243.696338869667
54,"207_fs1-00002.jpg",582.770551608564,244.249397569136
55,"207_fs1-00002.jpg",582.956884633828,244.800576662248
56,"207_fs1-00002.jpg",583.164989666819,245.349883413514
57,"207_fs1-00002.jpg",583.393751128055,245.897325087446
58,"207_fs1-00002.jpg",583.642053438051,246.442908948554
59,"207_fs1-00002.jpg",583.908781017323,246.98664226135
60,"207_fs1-00002.jpg",584.19281828639,247.528532290346
61,"207_fs1-00002.jpg",584.493049665766,248.068586300053
62,"207_fs1-00002.jpg",584.808359575968,248.606811554981
63,"207_fs1-00002.jpg",585.137632437513,249.143215319642
64,"207_fs1-00002.jpg",585.479752670918,249.677804858548
65,"207_fs1-00002.jpg",585.833604696698,250.21058743621
66,"207_fs1-00002.jpg",586.198072935371,250.741570317138
67,"207_fs1-00002.jpg",586.572041807452,251.270760765844
68,"207_fs1-00002.jpg",586.954395733459,251.79816604684
69,"207_fs1-00002.jpg",587.344019133907,252.323793424637
70,"207_fs1-00002.jpg",587.739796429313,252.847650163745
71,"207_fs1-00002.jpg",588.140612040194,253.369743528677
72,"207_fs1-00002.jpg",588.545350387066,253.890080783943
73,"207_fs1-00002.jpg",588.952895890445,254.408669194056
74,"207_fs1-00002.jpg",589.362132970849,254.925516023525
75,"207_fs1-00002.jpg",589.771946048793,255.440628536862
76,"207_fs1-00002.jpg",590.181219544794,255.954013998579
77,"207_fs1-00002.jpg",590.588837879369,256.465679673186
78,"207_fs1-00002.jpg",590.993685473033,256.975632825196
79,"207_fs1-00002.jpg",591.394646746304,257.483880719119
80,"207_fs1-00002.jpg",591.790606119698,257.990430619467
81,"207_fs1-00002.jpg",592.180448013731,258.49528979075
82,"207_fs1-00002.jpg",592.563056848919,258.998465497481
83,"207_fs1-00002.jpg",592.937317045781,259.49996500417
84,"207_fs1-00002.jpg",593.302113024831,259.999795575328
85,"207_fs1-00002.jpg",593.657415542133,260.497963721494
86,"207_fs1-00002.jpg",594.014290070939,260.994439795881
87,"207_fs1-00002.jpg",594.375820352822,261.489142785909
88,"207_fs1-00002.jpg",594.741901035507,261.981987765311
89,"207_fs1-00002.jpg",595.112426766718,262.472889807815
90,"207_fs1-00002.jpg",595.48729219418,262.961763987153
91,"207_fs1-00002.jpg",595.866391965617,263.448525377054
92,"207_fs1-00002.jpg",596.249620728754,263.933089051249
93,"207_fs1-00002.jpg",596.636873131314,264.415370083469
94,"207_fs1-00002.jpg",597.028043821023,264.895283547444
95,"207_fs1-00002.jpg",597.423027445604,265.372744516904
96,"207_fs1-00002.jpg",597.821718652783,265.84766806558
97,"207_fs1-00002.jpg",598.224012090282,266.319969267201
98,"207_fs1-00002.jpg",598.629802405828,266.789563195499
99,"207_fs1-00002.jpg",599.038984247144,267.256364924203
100,"207_fs1-00002.jpg",599.451452261954,267.720289527045
101,"207_fs1-00002.jpg",599.867101097984,268.181252077754
102,"207_fs1-00002.jpg",600.285825402957,268.639167650061
103,"207_fs1-00002.jpg",600.707519824598,269.093951317696
104,"207_fs1-00002.jpg",601.13207901063,269.54551815439
105,"207_fs1-00002.jpg",601.55939760878,269.993783233872
106,"207_fs1-00002.jpg",601.989370266771,270.438661629874
107,"207_fs1-00002.jpg",602.421891632327,270.880068416126
108,"207_fs1-00002.jpg",602.856856353173,271.317918666358
109,"207_fs1-00002.jpg",603.294159077033,271.7521274543
110,"207_fs1-00002.jpg",603.733694451631,272.182609853683
111,"207_fs1-00002.jpg",604.175357124693,272.609280938237
112,"207_fs1-00002.jpg",604.619041743942,273.032055781693
113,"207_fs1-00002.jpg",605.064642957103,273.450849457781
114,"207_fs1-00002.jpg",605.5120554119,273.865577040231
115,"207_fs1-00002.jpg",605.961173756058,274.276153602774
116,"207_fs1-00002.jpg",606.4118926373,274.68249421914
117,"207_fs1-00002.jpg",606.864106703352,275.084513963059
118,"207_fs1-00002.jpg",607.317710601938,275.482127908262
119,"207_fs1-00002.jpg",607.772598980782,275.87525112848
120,"207_fs1-00002.jpg",608.228666487609,276.263798697442
121,"207_fs1-00002.jpg",608.685807770142,276.647685688879
122,"207_fs1-00002.jpg",609.143917476107,277.026827176521
123,"207_fs1-00002.jpg",609.605361861454,277.401173803067
124,"207_fs1-00002.jpg",610.074259551184,277.770907105663
125,"207_fs1-00002.jpg",610.550230030661,278.136300797472
126,"207_fs1-00002.jpg",611.0328028022,278.497628832425
127,"207_fs1-00002.jpg",611.521507368115,278.855165164453
128,"207_fs1-00002.jpg",612.015873230721,279.209183747486
129,"207_fs1-00002.jpg",612.515429892332,279.559958535456
130,"207_fs1-00002.jpg",613.019706855262,279.907763482292
131,"207_fs1-00002.jpg",613.528233621826,280.252872541927
132,"207_fs1-00002.jpg",614.040539694337,280.59555966829
133,"207_fs1-00002.jpg",614.556154575111,280.936098815313
134,"207_fs1-00002.jpg",615.074607766462,281.274763936925
135,"207_fs1-00002.jpg",615.595428770703,281.611828987059
136,"207_fs1-00002.jpg",616.118147090149,281.947567919644
137,"207_fs1-00002.jpg",616.642292227115,282.282254688612
138,"207_fs1-00002.jpg",617.167393683915,282.616163247894
139,"207_fs1-00002.jpg",617.692980962863,282.949567551419
140,"207_fs1-00002.jpg",618.218583566274,283.282741553119
141,"207_fs1-00002.jpg",618.743730996461,283.615959206924
142,"207_fs1-00002.jpg",619.26795275574,283.949494466766
143,"207_fs1-00002.jpg",619.790778346424,284.283621286575
144,"207_fs1-00002.jpg",620.311737270828,284.618613620282
145,"207_fs1-00002.jpg",620.830359031266,284.954745421818
146,"207_fs1-00002.jpg",621.346173130053,285.292290645113
147,"207_fs1-00002.jpg",621.858709069502,285.631523244098
148,"207_fs1-00002.jpg",622.367496351928,285.972717172705
149,"207_fs1-00002.jpg",622.872064479646,286.316146384863
150,"207_fs1-00002.jpg",623.37194295497,286.662084834503
151,"207_fs1-00002.jpg",623.866661280213,287.010806475557
152,"207_fs1-00002.jpg",624.355748957691,287.362585261955
153,"207_fs1-00002.jpg",624.838735489718,287.717695147628
154,"207_fs1-00002.jpg",625.315150378608,288.076410086506
155,"207_fs1-00002.jpg",625.786671576416,288.438987528784
156,"207_fs1-00002.jpg",626.258711202776,288.805526532168
157,"207_fs1-00002.jpg",626.731297195957,289.17603789454
158,"207_fs1-00002.jpg",627.20413835948,289.550531458606
159,"207_fs1-00002.jpg",627.67694349687,289.929017067071
160,"207_fs1-00002.jpg",628.149421411649,290.31150456264
161,"207_fs1-00002.jpg",628.621280907341,290.69800378802
162,"207_fs1-00002.jpg",629.092230787468,291.088524585914
163,"207_fs1-00002.jpg",629.561979855555,291.48307679903
164,"207_fs1-00002.jpg",630.030236915124,291.881670270072
165,"207_fs1-00002.jpg",630.496710769698,292.284314841746
166,"207_fs1-00002.jpg",630.961110222801,292.691020356756
167,"207_fs1-00002.jpg",631.423144077956,293.101796657809
168,"207_fs1-00002.jpg",631.882521138685,293.51665358761
169,"207_fs1-00002.jpg",632.338950208513,293.935600988864
170,"207_fs1-00002.jpg",632.792140090963,294.358648704277
171,"207_fs1-00002.jpg",633.241799589557,294.785806576554
172,"207_fs1-00002.jpg",633.687637507819,295.217084448401
173,"207_fs1-00002.jpg",634.129362649272,295.652492162522
174,"207_fs1-00002.jpg",634.566683817439,296.092039561624
175,"207_fs1-00002.jpg",634.999309815844,296.535736488412
176,"207_fs1-00002.jpg",635.42694944801,296.983592785591
177,"207_fs1-00002.jpg",635.849311517459,297.435618295866
178,"207_fs1-00002.jpg",636.266104827716,297.891822861944
179,"207_fs1-00002.jpg",636.677038182302,298.352216326529
180,"207_fs1-00002.jpg",637.081820384743,298.816808532326
181,"207_fs1-00002.jpg",637.48016023856,299.285609322042
182,"207_fs1-00002.jpg",637.871766547277,299.758628538382
183,"207_fs1-00002.jpg",638.256348114417,300.235876024051
184,"207_fs1-00002.jpg",638.633613743503,300.717361621754
185,"207_fs1-00002.jpg",639.003277783686,301.203095174197
186,"207_fs1-00002.jpg",639.365994580386,301.693086524086
187,"207_fs1-00002.jpg",639.72245003797,302.187345514125
188,"207_fs1-00002.jpg",640.072763105399,302.68588198702
189,"207_fs1-00002.jpg",640.417052731635,303.188705785477
190,"207_fs1-00002.jpg",640.755437865639,303.695826752201
191,"207_fs1-00002.jpg",641.088037456373,304.207254729897
192,"207_fs1-00002.jpg",641.414970452799,304.722999561272
193,"207_fs1-00002.jpg",641.736355803878,305.243071089029
194,"207_fs1-00002.jpg",642.052312458571,305.767479155875
195,"207_fs1-00002.jpg",642.36295936584,306.296233604515
196,"207_fs1-00002.jpg",642.668415474647,306.829344277654
197,"207_fs1-00002.jpg",642.968799733953,307.366821017999
198,"207_fs1-00002.jpg",643.264231092719,307.908673668253
199,"207_fs1-00002.jpg",643.554828499908,308.454912071124
200,"207_fs1-00002.jpg",643.84071090448,309.005546069315
1,"207_fs1-00003.jpg",606.5,207.833
2,"207_fs1-00003.jpg",605.985046125867,208.339958693709
3,"207_fs1-00003.jpg",605.473067359504,208.846983196154
4,"207_fs1-00003.jpg",604.964116587588,209.354169206662
5,"207_fs1-00003.jpg",604.458246696794,209.86161242456
6,"207_fs1-00003.jpg",603.955510573799,210.369408549173
7,"207_fs1-00003.jpg",603.455961105282,210.877653279829
8,"207_fs1-00003.jpg",602.959651177917,211.386442315854
9,"207_fs1-00003.jpg",602.466633678382,211.895871356574
10,"207_fs1-00003.jpg",601.976961493354,212.406036101316
11,"207_fs1-00003.jpg",601.490687509509,212.917032249406
12,"207_fs1-00003.jpg",601.007864613524,213.428955500171
13,"207_fs1-00003.jpg",600.528545692077,213.941901552937
14,"207_fs1-00003.jpg",600.052783631842,214.45596610703
15,"207_fs1-00003.jpg",599.580631319498,214.971244861777
16,"207_fs1-00003.jpg",599.112141641722,215.487833516505
17,"207_fs1-00003.jpg",598.647367485189,216.00582777054
18,"207_fs1-00003.jpg",598.186361736576,216.525323323208
19,"207_fs1-00003.jpg",597.729177282561,217.046415873836
20,"207_fs1-00003.jpg",597.275867009819,217.569201121751
21,"207_fs1-00003.jpg",596.826483805029,218.093774766278
22,"207_fs1-00003.jpg",596.381080554866,218.620232506744
23,"207_fs1-00003.jpg",595.939710146007,219.148670042476
24,"207_fs1-00003.jpg",595.502425465129,219.6791830728
25,"207_fs1-00003.jpg",595.069279398909,220.211867297043
26,"207_fs1-00003.jpg",594.640324834024,220.746818414531
27,"207_fs1-00003.jpg",594.215614657149,221.28413212459
28,"207_fs1-00003.jpg",593.794933056666,221.823904126547
29,"207_fs1-00003.jpg",593.369331116002,222.366230119728
30,"207_fs1-00003.jpg",592.935418017629,222.911205803461
31,"207_fs1-00003.jpg",592.494537962083,223.45892687707
32,"207_fs1-00003.jpg",592.048035149897,224.009489039883
33,"207_fs1-00003.jpg",591.597253781608,224.562987991227
34,"207_fs1-00003.jpg",591.143538057749,225.119519430427
35,"207_fs1-00003.jpg",590.688232178857,225.67917905681
36,"207_fs1-00003.jpg",590.232680345467,226.242062569703
37,"207_fs1-00003.jpg",589.778226758112,226.808265668432
38,"207_fs1-00003.jpg",589.326215617329,227.377884052324
39,"207_fs1-00003.jpg",588.877991123653,227.951013420704
40,"207_fs1-00003.jpg",588.434897477617,228.527749472899
41,"207_fs1-00003.jpg",587.998278879759,229.108187908237
42,"207_fs1-00003.jpg",587.569479530611,229.692424426043
43,"207_fs1-00003.jpg",587.149843630711,230.280554725643
44,"207_fs1-00003.jpg",586.740715380591,230.872674506365
45,"207_fs1-00003.jpg",586.343438980789,231.468879467534
46,"207_fs1-00003.jpg",585.959358631838,232.069265308478
47,"207_fs1-00003.jpg",585.589818534273,232.673927728522
48,"207_fs1-00003.jpg",585.236162888631,233.282962426993
49,"207_fs1-00003.jpg",584.899735895445,233.896465103217
50,"207_fs1-00003.jpg",584.581881755251,234.514531456522
51,"207_fs1-00003.jpg",584.283944668584,235.137257186233
52,"207_fs1-00003.jpg",584.007268835978,235.764737991676
53,"207_fs1-00003.jpg",583.75319845797,236.397069572179
54,"207_fs1-00003.jpg",583.523077735093,237.034347627068
55,"207_fs1-00003.jpg",583.318250867883,237.676667855669
56,"207_fs1-00003.jpg",583.140062056876,238.324125957308
57,"207_fs1-00003.jpg",582.986804263878,238.976811833089
58,"207_fs1-00003.jpg",582.838725795358,239.634660631982
59,"207_fs1-00003.jpg",582.692366857961,240.297439841173
60,"207_fs1-00003.jpg",582.548125293013,240.964908562495
61,"207_fs1-00003.jpg",582.406398941842,241.636825897781
62,"207_fs1-00003.jpg",582.267585645771,242.312950948864
63,"207_fs1-00003.jpg",582.132083246129,242.993042817577
64,"207_fs1-00003.jpg",582.000289584241,243.676860605753
65,"207_fs1-00003.jpg",581.872602501432,244.364163415224
66,"207_fs1-00003.jpg",581.749419839031,245.054710347825
67,"207_fs1-00003.jpg",581.631139438361,245.748260505387
68,"207_fs1-00003.jpg",581.51815914075,246.444572989745
69,"207_fs1-00003.jpg",581.410876787524,247.143406902731
70,"207_fs1-00003.jpg",581.309690220009,247.844521346177
71,"207_fs1-00003.jpg",581.214997279531,248.547675421918
72,"207_fs1-00003.jpg",581.127195807416,249.252628231786
73,"207_fs1-00003.jpg",581.046683644991,249.959138877614
74,"207_fs1-00003.jpg",580.973858633581,250.666966461234
75,"207_fs1-00003.jpg",580.909118614513,251.375870084482
76,"207_fs1-00003.jpg",580.852861429113,252.085608849188
77,"207_fs1-00003.jpg",580.805484918707,252.795941857186
78,"207_fs1-00003.jpg",580.767386924621,253.50662821031
79,"207_fs1-00003.jpg",580.738965288181,254.217427010391
80,"207_fs1-00003.jpg",580.720617850714,254.928097359264
81,"207_fs1-00003.jpg",580.712742453545,255.638398358761
82,"207_fs1-00003.jpg",580.721055393135,256.348080430637
83,"207_fs1-00003.jpg",580.75734138719,257.056823366329
84,"207_fs1-00003.jpg",580.821054939018,257.764272574677
85,"207_fs1-00003.jpg",580.911165340388,258.470073234555
86,"207_fs1-00003.jpg",581.02664188307,259.173870524838
87,"207_fs1-00003.jpg",581.166453858834,259.8753096244
88,"207_fs1-00003.jpg",581.329570559451,260.574035712116
89,"207_fs1-00003.jpg",581.514961276691,261.269693966861
90,"207_fs1-00003.jpg",581.721595302323,261.961929567508
91,"207_fs1-00003.jpg",581.948441928118,262.650387692933
92,"207_fs1-00003.jpg",582.194470445846,263.33471352201
93,"207_fs1-00003.jpg",582.458650147278,264.014552233614
94,"207_fs1-00003.jpg",582.739950324183,264.689549006619
95,"207_fs1-00003.jpg",583.037340268332,265.3593490199
96,"207_fs1-00003.jpg",583.349789271495,266.023597452331
97,"207_fs1-00003.jpg",583.676266625442,266.681939482788
98,"207_fs1-00003.jpg",584.015741621942,267.334020290143
99,"207_fs1-00003.jpg",584.367183552768,267.979485053273
100,"207_fs1-00003.jpg",584.729561709687,268.617978951052
101,"207_fs1-00003.jpg",585.101845384471,269.249147162353
102,"207_fs1-00003.jpg",585.48300386889,269.872634866053
103,"207_fs1-00003.jpg",585.872006454714,270.488087241024
104,"207_fs1-00003.jpg",586.267822433714,271.095149466143
105,"207_fs1-00003.jpg",586.669421097658,271.693466720283
106,"207_fs1-00003.jpg",587.075771738318,272.282684182319
107,"207_fs1-00003.jpg",587.485843647463,272.862447031126
108,"207_fs1-00003.jpg",587.898606116865,273.432400445578
109,"207_fs1-00003.jpg",588.313028438292,273.992189604549
110,"207_fs1-00003.jpg",588.728079903515,274.541459686915
111,"207_fs1-00003.jpg",589.142729804305,275.079855871549
112,"207_fs1-00003.jpg",589.555947432431,275.607023337327
113,"207_fs1-00003.jpg",589.966702079664,276.122607263123
114,"207_fs1-00003.jpg",590.373963037773,276.626252827812
115,"207_fs1-00003.jpg",590.788047050565,277.117640492209
116,"207_fs1-00003.jpg",591.230131543019,277.596702357414
117,"207_fs1-00003.jpg",591.699211934356,278.063479839784
118,"207_fs1-00003.jpg",592.193664825409,278.518014801158
119,"207_fs1-00003.jpg",592.711866817014,278.960349103374
120,"207_fs1-00003.jpg",593.252194510003,279.390524608272
121,"207_fs1-00003.jpg",593.813024505212,279.808583177691
122,"207_fs1-00003.jpg",594.392733403476,280.21456667347
123,"207_fs1-00003.jpg",594.989697805627,280.608516957446
124,"207_fs1-00003.jpg",595.602294312502,280.99047589146
125,"207_fs1-00003.jpg",596.228899524934,281.360485337351
126,"207_fs1-00003.jpg",596.867890043759,281.718587156956
127,"207_fs1-00003.jpg",597.517642469809,282.064823212116
128,"207_fs1-00003.jpg",598.176533403919,282.399235364669
129,"207_fs1-00003.jpg",598.842939446925,282.721865476453
130,"207_fs1-00003.jpg",599.51523719966,283.032755409309
131,"207_fs1-00003.jpg",600.191803262959,283.331947025074
132,"207_fs1-00003.jpg",600.871014237656,283.619482185588
133,"207_fs1-00003.jpg",601.551246724586,283.895402752689
134,"207_fs1-00003.jpg",602.230877324583,284.159750588217
135,"207_fs1-00003.jpg",602.908282638482,284.41256755401
136,"207_fs1-00003.jpg",603.581839267116,284.653895511907
137,"207_fs1-00003.jpg",604.24992381132,284.883776323747
138,"207_fs1-00003.jpg",604.910912871929,285.10225185137
139,"207_fs1-00003.jpg",605.563183049777,285.309363956614
140,"207_fs1-00003.jpg",606.209810462434,285.505186087986
141,"207_fs1-00003.jpg",606.864911328489,285.690159472724
142,"207_fs1-00003.jpg",607.52898144196,285.864962892126
143,"207_fs1-00003.jpg",608.201354860483,286.030279099208
144,"207_fs1-00003.jpg",608.881365641694,286.186790846985
145,"207_fs1-00003.jpg",609.56834784323,286.335180888476
146,"207_fs1-00003.jpg",610.261635522726,286.476131976696
147,"207_fs1-00003.jpg",610.960562737818,286.610326864662
148,"207_fs1-00003.jpg",611.664463546143,286.73844830539
149,"207_fs1-00003.jpg",612.372672005336,286.861179051896
150,"207_fs1-00003.jpg",613.084522173034,286.979201857197
151,"207_fs1-00003.jpg",613.799348106873,287.09319947431
152,"207_fs1-00003.jpg",614.516483864489,287.203854656251
153,"207_fs1-00003.jpg",615.235263503519,287.311850156036
154,"207_fs1-00003.jpg",615.955021081597,287.417868726681
155,"207_fs1-00003.jpg",616.675090656361,287.522593121204
156,"207_fs1-00003.jpg",617.394806285446,287.62670609262
157,"207_fs1-00003.jpg",618.113502026489,287.730890393946
158,"207_fs1-00003.jpg",618.830511937126,287.835828778199
159,"207_fs1-00003.jpg",619.545170074992,287.942203998394
160,"207_fs1-00003.jpg",620.256810497725,288.050698807549
161,"207_fs1-00003.jpg",620.964767262959,288.161995958679
162,"207_fs1-00003.jpg",621.668374428332,288.276778204802
163,"207_fs1-00003.jpg",622.366966051479,288.395728298933
164,"207_fs1-00003.jpg",623.059876190036,288.519528994089
165,"207_fs1-00003.jpg",623.74643890164,288.648863043286
166,"207_fs1-00003.jpg",624.425988243926,288.784413199541
167,"207_fs1-00003.jpg",625.097858274531,288.926862215871
168,"207_fs1-00003.jpg",625.761383051091,289.076892845291
169,"207_fs1-00003.jpg",626.415896631242,289.235187840819
170,"207_fs1-00003.jpg",627.06073307262,289.40242995547
171,"207_fs1-00003.jpg",627.695226432862,289.57930194226
172,"207_fs1-00003.jpg",628.318710769602,289.766486554208
173,"207_fs1-00003.jpg",628.930520140478,289.964666544328
174,"207_fs1-00003.jpg",629.53109245526,290.174524665637
175,"207_fs1-00003.jpg",630.126210330265,290.396743671153
176,"207_fs1-00003.jpg",630.716791685169,290.63200631389
177,"207_fs1-00003.jpg",631.302812816847,290.880995346866
178,"207_fs1-00003.jpg",631.884250022171,291.144393523097
179,"207_fs1-00003.jpg",632.461079598016,291.422883595599
180,"207_fs1-00003.jpg",633.033277841257,291.717148317389
181,"207_fs1-00003.jpg",633.600821048766,292.027870441484
182,"207_fs1-00003.jpg",634.163685517419,292.355732720899
183,"207_fs1-00003.jpg",634.721847544089,292.701417908651
184,"207_fs1-00003.jpg",635.27528342565,293.065608757757
185,"207_fs1-00003.jpg",635.823969458977,293.448988021233
186,"207_fs1-00003.jpg",636.367881940943,293.852238452095
187,"207_fs1-00003.jpg",636.906997168423,294.27604280336
188,"207_fs1-00003.jpg",637.44129143829,294.721083828045
189,"207_fs1-00003.jpg",637.970741047419,295.188044279165
190,"207_fs1-00003.jpg",638.495322292683,295.677606909737
191,"207_fs1-00003.jpg",639.015011470958,296.190454472778
192,"207_fs1-00003.jpg",639.529784879116,296.727269721304
193,"207_fs1-00003.jpg",640.039618814032,297.288735408331
194,"207_fs1-00003.jpg",640.544489572579,297.875534286877
195,"207_fs1-00003.jpg",641.044373451633,298.488349109956
196,"207_fs1-00003.jpg",641.539246748067,299.127862630586
197,"207_fs1-00003.jpg",642.029085758755,299.794757601784
198,"207_fs1-00003.jpg",642.513866780571,300.489716776565
199,"207_fs1-00003.jpg",642.993566110389,301.213422907946
200,"207_fs1-00003.jpg",643.468160045083,301.966558748943
1,"207_fs1-00004.jpg",616.5,196.167
2,"207_fs1-00004.jpg",616.122664323198,196.782051768999
3,"207_fs1-00004.jpg",615.744474690534,197.394489518076
4,"207_fs1-00004.jpg",615.365434004949,198.004373307595
5,"207_fs1-00004.jpg",614.985545169383,198.611763197919
6,"207_fs1-00004.jpg",614.604811086775,199.216719249411
7,"207_fs1-00004.jpg",614.223234660067,199.819301522435
8,"207_fs1-00004.jpg",613.840818792197,200.419570077355
9,"207_fs1-00004.jpg",613.457566386107,201.017584974533
10,"207_fs1-00004.jpg",613.073480344735,201.613406274334
11,"207_fs1-00004.jpg",612.688563571023,202.207094037119
12,"207_fs1-00004.jpg",612.30281896791,202.798708323254
13,"207_fs1-00004.jpg",611.916249438336,203.388309193101
14,"207_fs1-00004.jpg",611.528857885242,203.975956707024
15,"207_fs1-00004.jpg",611.140647211567,204.561710925386
16,"207_fs1-00004.jpg",610.751620320252,205.14563190855
17,"207_fs1-00004.jpg",610.361780114236,205.72777971688
18,"207_fs1-00004.jpg",609.97112949646,206.308214410739
19,"207_fs1-00004.jpg",609.579671369863,206.886996050491
20,"207_fs1-00004.jpg",609.187408637387,207.4641846965
21,"207_fs1-00004.jpg",608.79434420197,208.039840409127
22,"207_fs1-00004.jpg",608.400480966553,208.614023248738
23,"207_fs1-00004.jpg",608.005821834077,209.186793275694
24,"207_fs1-00004.jpg",607.61036970748,209.758210550361
25,"207_fs1-00004.jpg",607.214127489703,210.3283351331
26,"207_fs1-00004.jpg",606.817098083687,210.897227084276
27,"207_fs1-00004.jpg",606.419284392371,211.464946464252
28,"207_fs1-00004.jpg",606.020689318695,212.031553333391
29,"207_fs1-00004.jpg",605.6213157656,212.597107752057
30,"207_fs1-00004.jpg",605.221166636025,213.161669780613
31,"207_fs1-00004.jpg",604.820244832911,213.725299479422
32,"207_fs1-00004.jpg",604.418553259197,214.288056908848
33,"207_fs1-00004.jpg",604.016094817824,214.850002129254
34,"207_fs1-00004.jpg",603.612872411732,215.411195201005
35,"207_fs1-00004.jpg",603.208888943861,215.971696184462
36,"207_fs1-00004.jpg",602.80414731715,216.531565139989
37,"207_fs1-00004.jpg",602.396742237337,217.090862127951
38,"207_fs1-00004.jpg",601.984811880673,217.649647208709
39,"207_fs1-00004.jpg",601.568705336185,218.207980442628
40,"207_fs1-00004.jpg",601.148772804691,218.765921890072
41,"207_fs1-00004.jpg",600.725364487011,219.323531611403
42,"207_fs1-00004.jpg",600.298830583966,219.880869666984
43,"207_fs1-00004.jpg",599.869521296375,220.43799611718
44,"207_fs1-00004.jpg",599.437786825058,220.994971022354
45,"207_fs1-00004.jpg",599.003977370836,221.551854442868
46,"207_fs1-00004.jpg",598.568443134528,222.108706439087
47,"207_fs1-00004.jpg",598.131534316953,222.665587071374
48,"207_fs1-00004.jpg",597.693601118933,223.222556400092
49,"207_fs1-00004.jpg",597.254993741287,223.779674485605
50,"207_fs1-00004.jpg",596.816062384834,224.337001388276
51,"207_fs1-00004.jpg",596.377157250396,224.894597168468
52,"207_fs1-00004.jpg",595.938628538791,225.452521886545
53,"207_fs1-00004.jpg",595.500826450839,226.01083560287
54,"207_fs1-00004.jpg",595.064101187362,226.569598377807
55,"207_fs1-00004.jpg",594.628802949177,227.128870271719
56,"207_fs1-00004.jpg",594.195281937107,227.688711344969
57,"207_fs1-00004.jpg",593.763888351969,228.249181657921
58,"207_fs1-00004.jpg",593.334972394585,228.810341270939
59,"207_fs1-00004.jpg",592.908884265775,229.372250244385
60,"207_fs1-00004.jpg",592.485974166357,229.934968638623
61,"207_fs1-00004.jpg",592.066592297153,230.498556514016
62,"207_fs1-00004.jpg",591.651088858981,231.063073930928
63,"207_fs1-00004.jpg",591.239814052663,231.628580949723
64,"207_fs1-00004.jpg",590.833118079017,232.195137630763
65,"207_fs1-00004.jpg",590.431351138865,232.762804034412
66,"207_fs1-00004.jpg",590.034863433025,233.331640221033
67,"207_fs1-00004.jpg",589.644005162318,233.901706250991
68,"207_fs1-00004.jpg",589.259126527563,234.473062184647
69,"207_fs1-00004.jpg",588.880577729581,235.045768082366
70,"207_fs1-00004.jpg",588.508708969192,235.619884004511
71,"207_fs1-00004.jpg",588.140022534334,236.195473464433
72,"207_fs1-00004.jpg",587.760515867779,236.772648314636
73,"207_fs1-00004.jpg",587.370246060681,237.351555987437
74,"207_fs1-00004.jpg",586.970782507263,237.932344740902
75,"207_fs1-00004.jpg",586.563694601745,238.515162833097
76,"207_fs1-00004.jpg",586.15055173835,239.100158522088
77,"207_fs1-00004.jpg",585.7329233113,239.687480065941
78,"207_fs1-00004.jpg",585.312378714816,240.277275722723
79,"207_fs1-00004.jpg",584.89048734312,240.8696937505
80,"207_fs1-00004.jpg",584.468818590434,241.464882407337
81,"207_fs1-00004.jpg",584.04894185098,242.062989951301
82,"207_fs1-00004.jpg",583.63242651898,242.664164640458
83,"207_fs1-00004.jpg",583.220841988655,243.268554732874
84,"207_fs1-00004.jpg",582.815757654227,243.876308486615
85,"207_fs1-00004.jpg",582.418742909919,244.487574159747
86,"207_fs1-00004.jpg",582.031367149952,245.102500010337
87,"207_fs1-00004.jpg",581.655199768547,245.721234296451
88,"207_fs1-00004.jpg",581.291810159927,246.343925276154
89,"207_fs1-00004.jpg",580.942767718314,246.970721207513
90,"207_fs1-00004.jpg",580.609641837929,247.601770348594
91,"207_fs1-00004.jpg",580.294001912994,248.237220957463
92,"207_fs1-00004.jpg",579.997417337731,248.877221292186
93,"207_fs1-00004.jpg",579.721457506362,249.52191961083
94,"207_fs1-00004.jpg",579.467691813108,250.17146417146
95,"207_fs1-00004.jpg",579.237689652192,250.826003232142
96,"207_fs1-00004.jpg",579.033020417835,251.485685050944
97,"207_fs1-00004.jpg",578.855253504259,252.15065788593
98,"207_fs1-00004.jpg",578.705958305686,252.821069995167
99,"207_fs1-00004.jpg",578.586704216338,253.497069636721
100,"207_fs1-00004.jpg",578.499060630436,254.178805068658
101,"207_fs1-00004.jpg",578.444304160789,254.866424238107
102,"207_fs1-00004.jpg",578.403133645997,255.559881693953
103,"207_fs1-00004.jpg",578.363214956864,256.258608945392
104,"207_fs1-00004.jpg",578.324601596626,256.96194994978
105,"207_fs1-00004.jpg",578.287347068524,257.66924866447
106,"207_fs1-00004.jpg",578.251504875795,258.379849046817
107,"207_fs1-00004.jpg",578.217128521679,259.093095054174
108,"207_fs1-00004.jpg",578.184271509413,259.808330643895
109,"207_fs1-00004.jpg",578.152987342236,260.524899773334
110,"207_fs1-00004.jpg",578.123329523388,261.242146399845
111,"207_fs1-00004.jpg",578.095351556107,261.959414480783
112,"207_fs1-00004.jpg",578.069106943631,262.6760479735
113,"207_fs1-00004.jpg",578.044649189199,263.391390835352
114,"207_fs1-00004.jpg",578.022031796049,264.104787023691
115,"207_fs1-00004.jpg",578.001308267421,264.815580495873
116,"207_fs1-00004.jpg",577.982532106553,265.52311520925
117,"207_fs1-00004.jpg",577.965756816683,266.226735121178
118,"207_fs1-00004.jpg",577.951035901051,266.925784189009
119,"207_fs1-00004.jpg",577.938422862894,267.619606370098
120,"207_fs1-00004.jpg",577.927971205452,268.307545621799
121,"207_fs1-00004.jpg",577.919734431963,268.988945901465
122,"207_fs1-00004.jpg",577.913766045666,269.663151166451
123,"207_fs1-00004.jpg",577.910119549799,270.329505374111
124,"207_fs1-00004.jpg",577.908848447601,270.987352481799
125,"207_fs1-00004.jpg",577.940548605778,271.636134077305
126,"207_fs1-00004.jpg",578.036666963471,272.275715218294
127,"207_fs1-00004.jpg",578.193333680025,272.906075750207
128,"207_fs1-00004.jpg",578.406654938575,273.527195520572
129,"207_fs1-00004.jpg",578.672736922254,274.139054376912
130,"207_fs1-00004.jpg",578.987685814197,274.741632166754
131,"207_fs1-00004.jpg",579.347607797537,275.334908737624
132,"207_fs1-00004.jpg",579.748609055408,275.918863937045
133,"207_fs1-00004.jpg",580.186795770943,276.493477612545
134,"207_fs1-00004.jpg",580.658274127277,277.058729611649
135,"207_fs1-00004.jpg",581.159150307544,277.614599781882
136,"207_fs1-00004.jpg",581.685530494876,278.161067970769
137,"207_fs1-00004.jpg",582.233520872409,278.698114025837
138,"207_fs1-00004.jpg",582.799227623275,279.22571779461
139,"207_fs1-00004.jpg",583.378756930609,279.743859124615
140,"207_fs1-00004.jpg",583.968214977544,280.252517863376
141,"207_fs1-00004.jpg",584.563707947214,280.75167385842
142,"207_fs1-00004.jpg",585.161342022754,281.241306957271
143,"207_fs1-00004.jpg",585.757223387296,281.721397007456
144,"207_fs1-00004.jpg",586.347458223974,282.1919238565
145,"207_fs1-00004.jpg",586.928152715923,282.652867351928
146,"207_fs1-00004.jpg",587.495413046276,283.104207341266
147,"207_fs1-00004.jpg",588.045345398168,283.545923672039
148,"207_fs1-00004.jpg",588.577575467876,283.977986994124
149,"207_fs1-00004.jpg",589.122347516952,284.399999051721
150,"207_fs1-00004.jpg",589.686241006021,284.811075697745
151,"207_fs1-00004.jpg",590.267704512102,285.210299632463
152,"207_fs1-00004.jpg",590.865186612212,285.596753556141
153,"207_fs1-00004.jpg",591.477135883369,285.969520169047
154,"207_fs1-00004.jpg",592.102000902591,286.327682171447
155,"207_fs1-00004.jpg",592.738230246894,286.670322263609
156,"207_fs1-00004.jpg",593.384272493297,286.9965231458
157,"207_fs1-00004.jpg",594.038576218818,287.305367518288
158,"207_fs1-00004.jpg",594.699590000473,287.595938081338
159,"207_fs1-00004.jpg",595.36576241528,287.867317535218
160,"207_fs1-00004.jpg",596.035542040257,288.118588580195
161,"207_fs1-00004.jpg",596.707377452422,288.348833916537
162,"207_fs1-00004.jpg",597.379717228792,288.557136244509
163,"207_fs1-00004.jpg",598.051009946385,288.74257826438
164,"207_fs1-00004.jpg",598.719704182218,288.904242676417
165,"207_fs1-00004.jpg",599.384252367421,289.04121218509
166,"207_fs1-00004.jpg",600.05031367929,289.152899289032
167,"207_fs1-00004.jpg",600.723522677196,289.239944378021
168,"207_fs1-00004.jpg",601.403240718946,289.303273552091
169,"207_fs1-00004.jpg",602.088829162344,289.343812911275
170,"207_fs1-00004.jpg",602.779649365196,289.362488555606
171,"207_fs1-00004.jpg",603.475062685305,289.360226585117
172,"207_fs1-00004.jpg",604.174430480478,289.337953099841
173,"207_fs1-00004.jpg",604.877114108518,289.296594199813
174,"207_fs1-00004.jpg",605.582474927232,289.237075985065
175,"207_fs1-00004.jpg",606.289874294424,289.160324555631
176,"207_fs1-00004.jpg",606.998673567899,289.067266011544
177,"207_fs1-00004.jpg",607.708234105462,288.958826452837
178,"207_fs1-00004.jpg",608.417917264918,288.835931979543
179,"207_fs1-00004.jpg",609.127084404072,288.699508691697
180,"207_fs1-00004.jpg",609.835096880729,288.55048268933
181,"207_fs1-00004.jpg",610.541316052694,288.389780072477
182,"207_fs1-00004.jpg",611.245103277772,288.218326941171
183,"207_fs1-00004.jpg",611.945819913768,288.037049395444
184,"207_fs1-00004.jpg",612.642827318486,287.846873535332
185,"207_fs1-00004.jpg",613.335486849733,287.648725460865
186,"207_fs1-00004.jpg",614.023159865313,287.443531272079
187,"207_fs1-00004.jpg",614.705208020345,287.232217069006
188,"207_fs1-00004.jpg",615.383045651117,287.01570895168
189,"207_fs1-00004.jpg",616.05847378974,286.794933020134
190,"207_fs1-00004.jpg",616.731574526116,286.570815374401
191,"207_fs1-00004.jpg",617.402429950149,286.344282114514
192,"207_fs1-00004.jpg",618.071122151742,286.116259340508
193,"207_fs1-00004.jpg",618.737733220796,285.887673152414
194,"207_fs1-00004.jpg",619.402345247215,285.659449650267
195,"207_fs1-00004.jpg",620.065040320902,285.4325149341
196,"207_fs1-00004.jpg",620.725900531758,285.207795103945
197,"207_fs1-00004.jpg",621.385007969688,284.986216259838
198,"207_fs1-00004.jpg",622.042444724593,284.768704501809
199,"207_fs1-00004.jpg",622.698292886377,284.556185929894
200,"207_fs1-00004.jpg",623.352634544942,284.349586644125
1,"207_fs1-00005.jpg",623.167,184.167
2,"207_fs1-00005.jpg",622.749838136161,184.713980113624
3,"207_fs1-00005.jpg",622.334557996472,185.268535033444
4,"207_fs1-00005.jpg",621.921172233901,185.83044336967
5,"207_fs1-00005.jpg",621.509693501415,186.399483732508
6,"207_fs1-00005.jpg",621.100134451981,186.975434732168
7,"207_fs1-00005.jpg",620.692507738566,187.558074978856
8,"207_fs1-00005.jpg",620.286826014139,188.147183082781
9,"207_fs1-00005.jpg",619.883101931667,188.742537654151
10,"207_fs1-00005.jpg",619.481348144116,189.343917303174
11,"207_fs1-00005.jpg",619.081577304455,189.951100640057
12,"207_fs1-00005.jpg",618.683802065651,190.563866275009
13,"207_fs1-00005.jpg",618.288035080671,191.181992818238
14,"207_fs1-00005.jpg",617.894289002483,191.805258879951
15,"207_fs1-00005.jpg",617.502576484053,192.433443070356
16,"207_fs1-00005.jpg",617.112910178351,193.066323999662
17,"207_fs1-00005.jpg",616.725302738342,193.703680278076
18,"207_fs1-00005.jpg",616.339766816995,194.345290515807
19,"207_fs1-00005.jpg",615.956315067277,194.990933323062
20,"207_fs1-00005.jpg",615.574960142155,195.640387310049
21,"207_fs1-00005.jpg",615.195714694597,196.293431086976
22,"207_fs1-00005.jpg",614.818591377569,196.949843264052
23,"207_fs1-00005.jpg",614.443602844041,197.609402451483
24,"207_fs1-00005.jpg",614.070761746978,198.271887259478
25,"207_fs1-00005.jpg",613.700080739349,198.937076298246
26,"207_fs1-00005.jpg",613.33157247412,199.604748177993
27,"207_fs1-00005.jpg",612.96524960426,200.274681508928
28,"207_fs1-00005.jpg",612.601124782735,200.946654901259
29,"207_fs1-00005.jpg",612.239210662514,201.620446965193
30,"207_fs1-00005.jpg",611.879519896563,202.29583631094
31,"207_fs1-00005.jpg",611.522065137849,202.972601548705
32,"207_fs1-00005.jpg",611.167073150692,203.650521288699
33,"207_fs1-00005.jpg",610.818290572747,204.329374141128
34,"207_fs1-00005.jpg",610.476609841385,205.008938716201
35,"207_fs1-00005.jpg",610.141410867038,205.688993624125
36,"207_fs1-00005.jpg",609.812073560139,206.369317475108
37,"207_fs1-00005.jpg",609.48797783112,207.049688879359
38,"207_fs1-00005.jpg",609.168503590412,207.729886447085
39,"207_fs1-00005.jpg",608.853030748449,208.409688788494
40,"207_fs1-00005.jpg",608.540939215661,209.088874513795
41,"207_fs1-00005.jpg",608.231608902481,209.767222233194
42,"207_fs1-00005.jpg",607.924419719341,210.444510556901
43,"207_fs1-00005.jpg",607.618751576673,211.120518095122
44,"207_fs1-00005.jpg",607.313984384909,211.795023458067
45,"207_fs1-00005.jpg",607.009498054481,212.467805255943
46,"207_fs1-00005.jpg",606.704672495822,213.138642098957
47,"207_fs1-00005.jpg",606.398887619362,213.807312597319
48,"207_fs1-00005.jpg",606.091523335535,214.473595361235
49,"207_fs1-00005.jpg",605.781959554772,215.137269000913
50,"207_fs1-00005.jpg",605.469576187505,215.798112126563
51,"207_fs1-00005.jpg",605.153753144167,216.455903348391
52,"207_fs1-00005.jpg",604.833870335189,217.110421276606
53,"207_fs1-00005.jpg",604.509307671004,217.761444521415
54,"207_fs1-00005.jpg",604.179445062043,218.408751693027
55,"207_fs1-00005.jpg",603.843662418738,219.052121401649
56,"207_fs1-00005.jpg",603.501339651522,219.691332257489
57,"207_fs1-00005.jpg",603.151856670827,220.326162870756
58,"207_fs1-00005.jpg",602.794593387085,220.956391851657
59,"207_fs1-00005.jpg",602.428929710727,221.5817978104
60,"207_fs1-00005.jpg",602.054245552186,222.202159357194
61,"207_fs1-00005.jpg",601.669909480766,222.817255166648
62,"207_fs1-00005.jpg",601.274129357376,223.42695821784
63,"207_fs1-00005.jpg",600.866407042343,224.031424614627
64,"207_fs1-00005.jpg",600.447415128228,224.630863372908
65,"207_fs1-00005.jpg",600.017826207595,225.22548350858
66,"207_fs1-00005.jpg",599.578312873008,225.81549403754
67,"207_fs1-00005.jpg",599.129547717029,226.401103975685
68,"207_fs1-00005.jpg",598.672203332223,226.982522338914
69,"207_fs1-00005.jpg",598.206952311151,227.559958143124
70,"207_fs1-00005.jpg",597.734467246377,228.133620404212
71,"207_fs1-00005.jpg",597.255420730464,228.703718138075
72,"207_fs1-00005.jpg",596.770485355976,229.270460360611
73,"207_fs1-00005.jpg",596.280333715475,229.834056087718
74,"207_fs1-00005.jpg",595.785638401525,230.394714335293
75,"207_fs1-00005.jpg",595.287072006689,230.952644119234
76,"207_fs1-00005.jpg",594.785307123529,231.508054455438
77,"207_fs1-00005.jpg",594.28101634461,232.061154359801
78,"207_fs1-00005.jpg",593.774872262494,232.612152848224
79,"207_fs1-00005.jpg",593.267547469745,233.161258936601
80,"207_fs1-00005.jpg",592.759714558925,233.708681640831
81,"207_fs1-00005.jpg",592.252046122598,234.254629976812
82,"207_fs1-00005.jpg",591.745214753327,234.799312960441
83,"207_fs1-00005.jpg",591.239893043675,235.342939607615
84,"207_fs1-00005.jpg",590.736753586205,235.885718934231
85,"207_fs1-00005.jpg",590.236468973481,236.427859956188
86,"207_fs1-00005.jpg",589.739711798065,236.969571689383
87,"207_fs1-00005.jpg",589.247154652521,237.511063149713
88,"207_fs1-00005.jpg",588.759470129412,238.052543353076
89,"207_fs1-00005.jpg",588.277330821301,238.594221315369
90,"207_fs1-00005.jpg",587.801409320751,239.136306052489
91,"207_fs1-00005.jpg",587.331511986681,239.679006809333
92,"207_fs1-00005.jpg",586.852777751909,240.222554517111
93,"207_fs1-00005.jpg",586.361164443758,240.767219321531
94,"207_fs1-00005.jpg",585.858700869908,241.313275493379
95,"207_fs1-00005.jpg",585.347415838039,241.860997303443
96,"207_fs1-00005.jpg",584.829338155832,242.410659022509
97,"207_fs1-00005.jpg",584.306496630967,242.962534921365
98,"207_fs1-00005.jpg",583.780920071124,243.516899270798
99,"207_fs1-00005.jpg",583.254637283984,244.074026341596
100,"207_fs1-00005.jpg",582.729677077228,244.634190404546
101,"207_fs1-00005.jpg",582.208068258534,245.197665730434
102,"207_fs1-00005.jpg",581.691839635585,245.764726590049
103,"207_fs1-00005.jpg",581.18302001606,246.335647254178
104,"207_fs1-00005.jpg",580.683638207639,246.910701993608
105,"207_fs1-00005.jpg",580.195723018003,247.490165079125
106,"207_fs1-00005.jpg",579.721303254831,248.074310781518
107,"207_fs1-00005.jpg",579.262407725806,248.663413371574
108,"207_fs1-00005.jpg",578.821065238606,249.257747120079
109,"207_fs1-00005.jpg",578.399304600913,249.857586297822
110,"207_fs1-00005.jpg",577.999154620405,250.463205175589
111,"207_fs1-00005.jpg",577.622644104765,251.074878024168
112,"207_fs1-00005.jpg",577.271801861672,251.692879114346
113,"207_fs1-00005.jpg",576.948656698806,252.31748271691
114,"207_fs1-00005.jpg",576.655237423848,252.948963102647
115,"207_fs1-00005.jpg",576.392287459297,253.587593400162
116,"207_fs1-00005.jpg",576.136968811027,254.233532064141
117,"207_fs1-00005.jpg",575.881120225038,254.886726487251
118,"207_fs1-00005.jpg",575.625937112704,255.547101363201
119,"207_fs1-00005.jpg",575.372614885397,256.214581385705
120,"207_fs1-00005.jpg",575.122348954488,256.889091248473
121,"207_fs1-00005.jpg",574.876334731351,257.570555645216
122,"207_fs1-00005.jpg",574.635767627358,258.258899269645
123,"207_fs1-00005.jpg",574.401843053882,258.954046815472
124,"207_fs1-00005.jpg",574.175756422293,259.655922976407
125,"207_fs1-00005.jpg",573.958703143967,260.364452446162
126,"207_fs1-00005.jpg",573.751878630273,261.079559918447
127,"207_fs1-00005.jpg",573.556478292586,261.801170086975
128,"207_fs1-00005.jpg",573.373697542277,262.529207645456
129,"207_fs1-00005.jpg",573.204731790718,263.263597287601
130,"207_fs1-00005.jpg",573.050776449283,264.004263707122
131,"207_fs1-00005.jpg",572.913026929343,264.751131597729
132,"207_fs1-00005.jpg",572.792678642271,265.504125653134
133,"207_fs1-00005.jpg",572.69092699944,266.263170567049
134,"207_fs1-00005.jpg",572.608967412221,267.028191033183
135,"207_fs1-00005.jpg",572.547995291987,267.799111745248
136,"207_fs1-00005.jpg",572.509206050112,268.575857396956
137,"207_fs1-00005.jpg",572.493795097966,269.358352682017
138,"207_fs1-00005.jpg",572.502389205012,270.146347865501
139,"207_fs1-00005.jpg",572.533994283183,270.938543324926
140,"207_fs1-00005.jpg",572.587638058179,271.733248508272
141,"207_fs1-00005.jpg",572.662355515892,272.528772203873
142,"207_fs1-00005.jpg",572.757181642213,273.323423200064
143,"207_fs1-00005.jpg",572.871151423034,274.115510285177
144,"207_fs1-00005.jpg",573.003299844244,274.903342247547
145,"207_fs1-00005.jpg",573.152661891737,275.685227875508
146,"207_fs1-00005.jpg",573.318272551403,276.459475957392
147,"207_fs1-00005.jpg",573.499166809134,277.224395281535
148,"207_fs1-00005.jpg",573.69437965082,277.978294636269
149,"207_fs1-00005.jpg",573.902946062353,278.719482809929
150,"207_fs1-00005.jpg",574.123901029624,279.446268590849
151,"207_fs1-00005.jpg",574.356279538525,280.156960767361
152,"207_fs1-00005.jpg",574.599116574946,280.849868127801
153,"207_fs1-00005.jpg",574.85144712478,281.523299460501
154,"207_fs1-00005.jpg",575.112306173917,282.175563553795
155,"207_fs1-00005.jpg",575.380728708249,282.804969196018
156,"207_fs1-00005.jpg",575.655749713666,283.409825175503
157,"207_fs1-00005.jpg",575.936404176061,283.988440280584
158,"207_fs1-00005.jpg",576.221727081324,284.539123299595
159,"207_fs1-00005.jpg",576.511799853648,285.060185276214
160,"207_fs1-00005.jpg",576.850265254367,285.55064420254
161,"207_fs1-00005.jpg",577.256810859631,286.011226085304
162,"207_fs1-00005.jpg",577.726321097694,286.442909755638
163,"207_fs1-00005.jpg",578.253680396809,286.846674044674
164,"207_fs1-00005.jpg",578.833773185228,287.223497783543
165,"207_fs1-00005.jpg",579.461483891206,287.574359803377
166,"207_fs1-00005.jpg",580.131696942994,287.900238935307
167,"207_fs1-00005.jpg",580.839296768848,288.202114010466
168,"207_fs1-00005.jpg",581.579167797019,288.480963859985
169,"207_fs1-00005.jpg",582.346194455761,288.737767314995
170,"207_fs1-00005.jpg",583.135261173327,288.973503206629
171,"207_fs1-00005.jpg",583.94125237797,289.189150366018
172,"207_fs1-00005.jpg",584.759052497944,289.385687624293
173,"207_fs1-00005.jpg",585.583545961501,289.564093812588
174,"207_fs1-00005.jpg",586.409617196896,289.725347762032
175,"207_fs1-00005.jpg",587.23215063238,289.870428303758
176,"207_fs1-00005.jpg",588.046030696208,290.000314268898
177,"207_fs1-00005.jpg",588.846141816632,290.115984488583
178,"207_fs1-00005.jpg",589.627368421906,290.218417793945
179,"207_fs1-00005.jpg",590.384594940283,290.308593016115
180,"207_fs1-00005.jpg",591.112777999183,290.387488986226
181,"207_fs1-00005.jpg",591.828122623596,290.456084535408
182,"207_fs1-00005.jpg",592.545856555291,290.515358494795
183,"207_fs1-00005.jpg",593.265963515566,290.566289695516
184,"207_fs1-00005.jpg",593.988427225717,290.609856968705
185,"207_fs1-00005.jpg",594.713231407042,290.647039145493
186,"207_fs1-00005.jpg",595.440359780837,290.678815057011
187,"207_fs1-00005.jpg",596.169796068399,290.706163534391
188,"207_fs1-00005.jpg",596.901523991026,290.730063408765
189,"207_fs1-00005.jpg",597.635527270013,290.751493511264
190,"207_fs1-00005.jpg",598.371789626659,290.771432673021
191,"207_fs1-00005.jpg",599.110294782259,290.790859725166
192,"207_fs1-00005.jpg",599.851026458111,290.810753498832
193,"207_fs1-00005.jpg",600.593968375512,290.83209282515
194,"207_fs1-00005.jpg",601.339104255758,290.855856535253
195,"207_fs1-00005.jpg",602.086417820147,290.883023460271
196,"207_fs1-00005.jpg",602.835892789975,290.914572431336
197,"207_fs1-00005.jpg",603.587512886539,290.95148227958
198,"207_fs1-00005.jpg",604.341261831137,290.994731836135
199,"207_fs1-00005.jpg",605.097123345065,291.045299932132
200,"207_fs1-00005.jpg",605.85508114962,291.104165398704
1,"207_fs1-00006.jpg",628.833,176.167
2,"207_fs1-00006.jpg",628.456410731142,176.70815053064
3,"207_fs1-00006.jpg",628.081169477587,177.25203783085
4,"207_fs1-00006.jpg",627.707286356821,177.798601296782
5,"207_fs1-00006.jpg",627.334771486331,178.347780324586
6,"207_fs1-00006.jpg",626.963634983601,178.899514310412
7,"207_fs1-00006.jpg",626.593886966119,179.453742650412
8,"207_fs1-00006.jpg",626.22553755137,180.010404740736
9,"207_fs1-00006.jpg",625.85859685684,180.569439977535
10,"207_fs1-00006.jpg",625.493075000014,181.130787756959
11,"207_fs1-00006.jpg",625.128982098379,181.694387475158
12,"207_fs1-00006.jpg",624.766328269421,182.260178528285
13,"207_fs1-00006.jpg",624.405123630626,182.828100312488
14,"207_fs1-00006.jpg",624.04537829948,183.398092223919
15,"207_fs1-00006.jpg",623.687102393468,183.970093658729
16,"207_fs1-00006.jpg",623.330306030076,184.544044013067
17,"207_fs1-00006.jpg",622.974999326791,185.119882683085
18,"207_fs1-00006.jpg",622.621192401098,185.697549064934
19,"207_fs1-00006.jpg",622.268895370483,186.276982554763
20,"207_fs1-00006.jpg",621.918118352433,186.858122548724
21,"207_fs1-00006.jpg",621.568871464433,187.440908442967
22,"207_fs1-00006.jpg",621.221164823968,188.025279633643
23,"207_fs1-00006.jpg",620.875008548526,188.611175516902
24,"207_fs1-00006.jpg",620.530412755592,189.198535488896
25,"207_fs1-00006.jpg",620.187387562652,189.787298945774
26,"207_fs1-00006.jpg",619.845943087191,190.377405283687
27,"207_fs1-00006.jpg",619.506089446697,190.968793898786
28,"207_fs1-00006.jpg",619.167836758654,191.561404187222
29,"207_fs1-00006.jpg",618.831195140548,192.155175545145
30,"207_fs1-00006.jpg",618.496174709867,192.750047368706
31,"207_fs1-00006.jpg",618.162785584094,193.345959054056
32,"207_fs1-00006.jpg",617.831037880718,193.942849997344
33,"207_fs1-00006.jpg",617.500941717222,194.540659594722
34,"207_fs1-00006.jpg",617.172701499371,195.139327242341
35,"207_fs1-00006.jpg",616.848381159957,195.73879233635
36,"207_fs1-00006.jpg",616.528296379773,196.338994272901
37,"207_fs1-00006.jpg",616.212146468993,196.939872448145
38,"207_fs1-00006.jpg",615.899630737792,197.541366258231
39,"207_fs1-00006.jpg",615.590448496346,198.143415099311
40,"207_fs1-00006.jpg",615.28429905483,198.745958367534
41,"207_fs1-00006.jpg",614.980881723419,199.348935459053
42,"207_fs1-00006.jpg",614.679895812288,199.952285770017
43,"207_fs1-00006.jpg",614.381040631612,200.555948696577
44,"207_fs1-00006.jpg",614.084015491566,201.159863634883
45,"207_fs1-00006.jpg",613.788519702326,201.763969981087
46,"207_fs1-00006.jpg",613.494252574066,202.368207131339
47,"207_fs1-00006.jpg",613.200913416962,202.972514481789
48,"207_fs1-00006.jpg",612.908201541189,203.576831428589
49,"207_fs1-00006.jpg",612.615816256921,204.181097367888
50,"207_fs1-00006.jpg",612.323456874334,204.785251695837
51,"207_fs1-00006.jpg",612.030822703603,205.389233808588
52,"207_fs1-00006.jpg",611.737613054903,205.99298310229
53,"207_fs1-00006.jpg",611.44352723841,206.596438973095
54,"207_fs1-00006.jpg",611.148264564298,207.199540817152
55,"207_fs1-00006.jpg",610.851524342742,207.802228030614
56,"207_fs1-00006.jpg",610.553005883918,208.404440009629
57,"207_fs1-00006.jpg",610.252408498001,209.006116150349
58,"207_fs1-00006.jpg",609.949431495165,209.607195848925
59,"207_fs1-00006.jpg",609.643774185586,210.207618501506
60,"207_fs1-00006.jpg",609.33513587944,210.807323504244
61,"207_fs1-00006.jpg",609.0232158869,211.40625025329
62,"207_fs1-00006.jpg",608.707713518143,212.004338144794
63,"207_fs1-00006.jpg",608.388328083343,212.601526574906
64,"207_fs1-00006.jpg",608.064758892675,213.197754939777
65,"207_fs1-00006.jpg",607.736705256315,213.792962635559
66,"207_fs1-00006.jpg",607.403866484438,214.3870890584
67,"207_fs1-00006.jpg",607.066124524358,214.980073640595
68,"207_fs1-00006.jpg",606.72519785629,215.571857456966
69,"207_fs1-00006.jpg",606.381611959374,216.162383864622
70,"207_fs1-00006.jpg",606.035404800032,216.751596389122
71,"207_fs1-00006.jpg",605.686614344683,217.339438556024
72,"207_fs1-00006.jpg",605.33527855975,217.925853890885
73,"207_fs1-00006.jpg",604.981435411654,218.510785919264
74,"207_fs1-00006.jpg",604.625122866816,219.094178166718
75,"207_fs1-00006.jpg",604.266378891656,219.675974158805
76,"207_fs1-00006.jpg",603.905241452597,220.256117421084
77,"207_fs1-00006.jpg",603.541748516058,220.834551479113
78,"207_fs1-00006.jpg",603.175938048462,221.411219858449
79,"207_fs1-00006.jpg",602.80784801623,221.98606608465
80,"207_fs1-00006.jpg",602.437516385782,222.559033683275
81,"207_fs1-00006.jpg",602.064981123539,223.130066179882
82,"207_fs1-00006.jpg",601.690280195923,223.699107100028
83,"207_fs1-00006.jpg",601.313451569355,224.266099969271
84,"207_fs1-00006.jpg",600.934533210257,224.83098831317
85,"207_fs1-00006.jpg",600.553563085048,225.393715657282
86,"207_fs1-00006.jpg",600.170579160151,225.954225527165
87,"207_fs1-00006.jpg",599.785619401986,226.512461448378
88,"207_fs1-00006.jpg",599.398721776975,227.068366946478
89,"207_fs1-00006.jpg",599.009924251538,227.621885547024
90,"207_fs1-00006.jpg",598.619264792097,228.172960775573
91,"207_fs1-00006.jpg",598.226781365073,228.721536157683
92,"207_fs1-00006.jpg",597.832511936887,229.267555218913
93,"207_fs1-00006.jpg",597.436494473961,229.81096148482
94,"207_fs1-00006.jpg",597.038766942715,230.351698480962
95,"207_fs1-00006.jpg",596.63936730957,230.889709732897
96,"207_fs1-00006.jpg",596.238333540947,231.424938766184
97,"207_fs1-00006.jpg",595.835703603269,231.95732910638
98,"207_fs1-00006.jpg",595.431515462955,232.486824279044
99,"207_fs1-00006.jpg",595.025807086427,233.013367809732
100,"207_fs1-00006.jpg",594.618616440106,233.536903224004
101,"207_fs1-00006.jpg",594.209981490414,234.057374047417
102,"207_fs1-00006.jpg",593.79994020377,234.57472380553
103,"207_fs1-00006.jpg",593.388530546598,235.088896023899
104,"207_fs1-00006.jpg",592.975790485317,235.599834228084
105,"207_fs1-00006.jpg",592.560784068243,236.107487239311
106,"207_fs1-00006.jpg",592.137749752771,236.611929104181
107,"207_fs1-00006.jpg",591.706176695405,237.113361027524
108,"207_fs1-00006.jpg",591.266595837119,237.611989896439
109,"207_fs1-00006.jpg",590.819538118884,238.108022598026
110,"207_fs1-00006.jpg",590.365534481675,238.601666019382
111,"207_fs1-00006.jpg",589.905115866465,239.093127047607
112,"207_fs1-00006.jpg",589.438813214227,239.5826125698
113,"207_fs1-00006.jpg",588.967157465935,240.070329473059
114,"207_fs1-00006.jpg",588.490679562562,240.556484644483
115,"207_fs1-00006.jpg",588.009910445082,241.041284971171
116,"207_fs1-00006.jpg",587.525381054467,241.524937340222
117,"207_fs1-00006.jpg",587.037622331691,242.007648638735
118,"207_fs1-00006.jpg",586.547165217727,242.489625753807
119,"207_fs1-00006.jpg",586.054540653549,242.97107557254
120,"207_fs1-00006.jpg",585.56027958013,243.45220498203
121,"207_fs1-00006.jpg",585.064912938444,243.933220869377
122,"207_fs1-00006.jpg",584.568971669463,244.41433012168
123,"207_fs1-00006.jpg",584.072986714162,244.895739626038
124,"207_fs1-00006.jpg",583.577489013512,245.377656269549
125,"207_fs1-00006.jpg",583.083009508489,245.860286939312
126,"207_fs1-00006.jpg",582.590079140065,246.343838522426
127,"207_fs1-00006.jpg",582.099228849213,246.82851790599
128,"207_fs1-00006.jpg",581.610989576908,247.314531977102
129,"207_fs1-00006.jpg",581.125892264121,247.802087622862
130,"207_fs1-00006.jpg",580.644467851827,248.291391730368
131,"207_fs1-00006.jpg",580.167247280999,248.78265118672
132,"207_fs1-00006.jpg",579.69476149261,249.276072879015
133,"207_fs1-00006.jpg",579.227541427633,249.771863694353
134,"207_fs1-00006.jpg",578.766118027043,250.270230519832
135,"207_fs1-00006.jpg",578.311022231811,250.771380242552
136,"207_fs1-00006.jpg",577.862784982913,251.275519749612
137,"207_fs1-00006.jpg",577.42193722132,251.782855928109
138,"207_fs1-00006.jpg",576.989009888007,252.293595665143
139,"207_fs1-00006.jpg",576.564533923946,252.807945847813
140,"207_fs1-00006.jpg",576.149040270111,253.326113363217
141,"207_fs1-00006.jpg",575.743059867476,253.848305098454
142,"207_fs1-00006.jpg",575.347123657013,254.374727940624
143,"207_fs1-00006.jpg",574.961762579696,254.905588776824
144,"207_fs1-00006.jpg",574.587507576499,255.441094494155
145,"207_fs1-00006.jpg",574.224889588394,255.981451979714
146,"207_fs1-00006.jpg",573.874439556355,256.5268681206
147,"207_fs1-00006.jpg",573.52826292656,257.077513928032
148,"207_fs1-00006.jpg",573.173905637363,257.633351053485
149,"207_fs1-00006.jpg",572.812436312472,258.194265417777
150,"207_fs1-00006.jpg",572.445096673698,258.760142837765
151,"207_fs1-00006.jpg",572.073128442851,259.330869130305
152,"207_fs1-00006.jpg",571.697773341742,259.906330112254
153,"207_fs1-00006.jpg",571.320273092181,260.48641160047
154,"207_fs1-00006.jpg",570.941869415981,261.070999411808
155,"207_fs1-00006.jpg",570.56380403495,261.659979363125
156,"207_fs1-00006.jpg",570.1873186709,262.253237271279
157,"207_fs1-00006.jpg",569.813655045643,262.850658953126
158,"207_fs1-00006.jpg",569.444054880988,263.452130225523
159,"207_fs1-00006.jpg",569.079759898746,264.057536905327
160,"207_fs1-00006.jpg",568.722011820728,264.666764809394
161,"207_fs1-00006.jpg",568.372052368746,265.279699754581
162,"207_fs1-00006.jpg",568.031123264609,265.896227557745
163,"207_fs1-00006.jpg",567.700466230128,266.516234035742
164,"207_fs1-00006.jpg",567.381322987115,267.13960500543
165,"207_fs1-00006.jpg",567.07493525738,267.766226283666
166,"207_fs1-00006.jpg",566.782544762733,268.395983687305
167,"207_fs1-00006.jpg",566.505393224986,269.028763033205
168,"207_fs1-00006.jpg",566.24472236595,269.664450138223
169,"207_fs1-00006.jpg",566.001773907434,270.302930819215
170,"207_fs1-00006.jpg",565.77778957125,270.944090893038
171,"207_fs1-00006.jpg",565.574011079209,271.587816176548
172,"207_fs1-00006.jpg",565.391680153121,272.233992486604
173,"207_fs1-00006.jpg",565.232038514798,272.882505640061
174,"207_fs1-00006.jpg",565.096327886049,273.533241453776
175,"207_fs1-00006.jpg",564.985789988686,274.186085744606
176,"207_fs1-00006.jpg",564.901666544519,274.840924329408
177,"207_fs1-00006.jpg",564.84519927536,275.497643025038
178,"207_fs1-00006.jpg",564.817629903019,276.156127648354
179,"207_fs1-00006.jpg",564.815542553757,276.816264016211
180,"207_fs1-00006.jpg",564.819526043085,277.477937945468
181,"207_fs1-00006.jpg",564.827924035037,278.14103525298
182,"207_fs1-00006.jpg",564.841467644452,278.805441755604
183,"207_fs1-00006.jpg",564.860887986174,279.471043270197
184,"207_fs1-00006.jpg",564.886916175042,280.137725613616
185,"207_fs1-00006.jpg",564.920283325899,280.805374602718
186,"207_fs1-00006.jpg",564.961720553585,281.47387605436
187,"207_fs1-00006.jpg",565.011958972942,282.143115785397
188,"207_fs1-00006.jpg",565.071729698812,282.812979612688
189,"207_fs1-00006.jpg",565.141763846036,283.483353353088
190,"207_fs1-00006.jpg",565.222792529454,284.154122823455
191,"207_fs1-00006.jpg",565.31554686391,284.825173840645
192,"207_fs1-00006.jpg",565.420757964243,285.496392221515
193,"207_fs1-00006.jpg",565.539156945295,286.167663782922
194,"207_fs1-00006.jpg",565.671474921907,286.838874341722
195,"207_fs1-00006.jpg",565.818443008922,287.509909714773
196,"207_fs1-00006.jpg",565.98079232118,288.180655718931
197,"207_fs1-00006.jpg",566.159253973522,288.850998171053
198,"207_fs1-00006.jpg",566.35455908079,289.520822887996
199,"207_fs1-00006.jpg",566.567438757826,290.190015686616
200,"207_fs1-00006.jpg",566.79862411947,290.85846238377
1,"207_fs1-00007.jpg",642.5,170.833
2,"207_fs1-00007.jpg",642.023288380622,171.307816235963
3,"207_fs1-00007.jpg",641.548152703756,171.78571076672
4,"207_fs1-00007.jpg",641.074656339121,172.266645058934
5,"207_fs1-00007.jpg",640.602862656439,172.750580579267
6,"207_fs1-00007.jpg",640.13283502543,173.237478794383
7,"207_fs1-00007.jpg",639.664636815816,173.727301170945
8,"207_fs1-00007.jpg",639.198331397317,174.220009175614
9,"207_fs1-00007.jpg",638.733982139655,174.715564275053
10,"207_fs1-00007.jpg",638.271652412549,175.213927935926
11,"207_fs1-00007.jpg",637.811405585722,175.715061624895
12,"207_fs1-00007.jpg",637.353305028893,176.218926808623
13,"207_fs1-00007.jpg",636.897414111785,176.725484953772
14,"207_fs1-00007.jpg",636.443796204117,177.234697527006
15,"207_fs1-00007.jpg",635.99251467561,177.746525994986
16,"207_fs1-00007.jpg",635.543632895986,178.260931824376
17,"207_fs1-00007.jpg",635.097214234965,178.777876481839
18,"207_fs1-00007.jpg",634.653322062269,179.297321434037
19,"207_fs1-00007.jpg",634.212019747617,179.819228147633
20,"207_fs1-00007.jpg",633.773370660731,180.34355808929
21,"207_fs1-00007.jpg",633.337438171333,180.87027272567
22,"207_fs1-00007.jpg",632.904285649141,181.399333523436
23,"207_fs1-00007.jpg",632.473976463879,181.930701949252
24,"207_fs1-00007.jpg",632.046573985266,182.464339469778
25,"207_fs1-00007.jpg",631.622141583023,183.00020755168
26,"207_fs1-00007.jpg",631.200742626872,183.538267661618
27,"207_fs1-00007.jpg",630.782440486532,184.078481266256
28,"207_fs1-00007.jpg",630.367298531726,184.620809832257
29,"207_fs1-00007.jpg",629.955380132173,185.165214826283
30,"207_fs1-00007.jpg",629.546748657595,185.711657714997
31,"207_fs1-00007.jpg",629.141467477713,186.260099965062
32,"207_fs1-00007.jpg",628.739599962248,186.81050304314
33,"207_fs1-00007.jpg",628.341209480919,187.362828415895
34,"207_fs1-00007.jpg",627.946359403449,187.917037549989
35,"207_fs1-00007.jpg",627.555113099559,188.473091912084
36,"207_fs1-00007.jpg",627.167648006783,189.030952968844
37,"207_fs1-00007.jpg",626.784048433592,189.590582186931
38,"207_fs1-00007.jpg",626.40418440621,190.151941033008
39,"207_fs1-00007.jpg",626.027925403202,190.714990973738
40,"207_fs1-00007.jpg",625.65514090313,191.279693475783
41,"207_fs1-00007.jpg",625.285700384559,191.846010005806
42,"207_fs1-00007.jpg",624.919473326051,192.41390203047
43,"207_fs1-00007.jpg",624.556329206171,192.983331016438
44,"207_fs1-00007.jpg",624.196137503482,193.554258430372
45,"207_fs1-00007.jpg",623.838767696547,194.126645738935
46,"207_fs1-00007.jpg",623.48408926393,194.700454408791
47,"207_fs1-00007.jpg",623.131971684195,195.2756459066
48,"207_fs1-00007.jpg",622.782284435905,195.852181699027
49,"207_fs1-00007.jpg",622.434896997623,196.430023252734
50,"207_fs1-00007.jpg",622.089678847914,197.009132034384
51,"207_fs1-00007.jpg",621.746499465341,197.589469510639
52,"207_fs1-00007.jpg",621.405228328467,198.170997148163
53,"207_fs1-00007.jpg",621.065734915856,198.753676413617
54,"207_fs1-00007.jpg",620.727888706071,199.337468773665
55,"207_fs1-00007.jpg",620.391559177677,199.92233569497
56,"207_fs1-00007.jpg",620.056615809236,200.508238644194
57,"207_fs1-00007.jpg",619.722928079312,201.095139088
58,"207_fs1-00007.jpg",619.390365466469,201.68299849305
59,"207_fs1-00007.jpg",619.05879744927,202.271778326008
60,"207_fs1-00007.jpg",618.728093506279,202.861440053536
61,"207_fs1-00007.jpg",618.398123116059,203.451945142297
62,"207_fs1-00007.jpg",618.068755757175,204.043255058954
63,"207_fs1-00007.jpg",617.739860908188,204.635331270168
64,"207_fs1-00007.jpg",617.411308047664,205.228135242604
65,"207_fs1-00007.jpg",617.082966654165,205.821628442924
66,"207_fs1-00007.jpg",616.754706206256,206.41577233779
67,"207_fs1-00007.jpg",616.426396182499,207.010528393866
68,"207_fs1-00007.jpg",616.097906061459,207.605858077814
69,"207_fs1-00007.jpg",615.769105321698,208.201722856296
70,"207_fs1-00007.jpg",615.439863441781,208.798084195976
71,"207_fs1-00007.jpg",615.11004990027,209.394903563516
72,"207_fs1-00007.jpg",614.779534175731,209.992142425579
73,"207_fs1-00007.jpg",614.448185746725,210.589762248828
74,"207_fs1-00007.jpg",614.115874091817,211.187724499925
75,"207_fs1-00007.jpg",613.782468689569,211.785990645534
76,"207_fs1-00007.jpg",613.447839018547,212.384522152316
77,"207_fs1-00007.jpg",613.111854557313,212.983280486935
78,"207_fs1-00007.jpg",612.774384784431,213.582227116054
79,"207_fs1-00007.jpg",612.435299178464,214.181323506334
80,"207_fs1-00007.jpg",612.094467217976,214.78053112444
81,"207_fs1-00007.jpg",611.75175838153,215.379811437033
82,"207_fs1-00007.jpg",611.407042147691,215.979125910776
83,"207_fs1-00007.jpg",611.060187995021,216.578436012332
84,"207_fs1-00007.jpg",610.711065402084,217.177703208365
85,"207_fs1-00007.jpg",610.359543847444,217.776888965535
86,"207_fs1-00007.jpg",610.005492809665,218.375954750507
87,"207_fs1-00007.jpg",609.649427661652,218.974861251933
88,"207_fs1-00007.jpg",609.293979392586,219.573557077263
89,"207_fs1-00007.jpg",608.939362911018,220.171981303591
90,"207_fs1-00007.jpg",608.585484031387,220.770072749177
91,"207_fs1-00007.jpg",608.23224856813,221.367770232285
92,"207_fs1-00007.jpg",607.879562335684,221.965012571176
93,"207_fs1-00007.jpg",607.527331148487,222.561738584112
94,"207_fs1-00007.jpg",607.175460820975,223.157887089357
95,"207_fs1-00007.jpg",606.823857167587,223.753396905171
96,"207_fs1-00007.jpg",606.472426002759,224.348206849818
97,"207_fs1-00007.jpg",606.121073140928,224.942255741559
98,"207_fs1-00007.jpg",605.769704396533,225.535482398657
99,"207_fs1-00007.jpg",605.41822558401,226.127825639374
100,"207_fs1-00007.jpg",605.066542517797,226.719224281972
101,"207_fs1-00007.jpg",604.71456101233,227.309617144713
102,"207_fs1-00007.jpg",604.362186882048,227.89894304586
103,"207_fs1-00007.jpg",604.009325941387,228.487140803674
104,"207_fs1-00007.jpg",603.655884004785,229.074149236419
105,"207_fs1-00007.jpg",603.301766886679,229.659907162355
106,"207_fs1-00007.jpg",602.946880401507,230.244353399746
107,"207_fs1-00007.jpg",602.591130363705,230.827426766853
108,"207_fs1-00007.jpg",602.234422587711,231.40906608194
109,"207_fs1-00007.jpg",601.876662887963,231.989210163267
110,"207_fs1-00007.jpg",601.517757078897,232.567797829097
111,"207_fs1-00007.jpg",601.157610974951,233.144767897692
112,"207_fs1-00007.jpg",600.796130390562,233.720059187316
113,"207_fs1-00007.jpg",600.433221140168,234.293610516229
114,"207_fs1-00007.jpg",600.068789038206,234.865360702694
115,"207_fs1-00007.jpg",599.702739899113,235.435248564973
116,"207_fs1-00007.jpg",599.334979537326,236.003212921328
117,"207_fs1-00007.jpg",598.965413767283,236.569192590023
118,"207_fs1-00007.jpg",598.593948403421,237.133126389318
119,"207_fs1-00007.jpg",598.220489260177,237.694953137476
120,"207_fs1-00007.jpg",597.844942151989,238.254611652759
121,"207_fs1-00007.jpg",597.467212893294,238.81204075343
122,"207_fs1-00007.jpg",597.087207298529,239.36717925775
123,"207_fs1-00007.jpg",596.704831182132,239.919965983983
124,"207_fs1-00007.jpg",596.319990358539,240.470339750389
125,"207_fs1-00007.jpg",595.932590642189,241.018239375232
126,"207_fs1-00007.jpg",595.542537847518,241.563603676773
127,"207_fs1-00007.jpg",595.149737788964,242.106371473275
128,"207_fs1-00007.jpg",594.754096280963,242.646481582999
129,"207_fs1-00007.jpg",594.355519137954,243.183872824209
130,"207_fs1-00007.jpg",593.953912174374,243.718484015166
131,"207_fs1-00007.jpg",593.54918120466,244.250253974133
132,"207_fs1-00007.jpg",593.141232043249,244.779121519371
133,"207_fs1-00007.jpg",592.729970504578,245.305025469144
134,"207_fs1-00007.jpg",592.315302403086,245.827904641712
135,"207_fs1-00007.jpg",591.897049884608,246.34769831861
136,"207_fs1-00007.jpg",591.473508435063,246.864395852763
137,"207_fs1-00007.jpg",591.044204527604,247.37808077993
138,"207_fs1-00007.jpg",590.609359344621,247.88884704127
139,"207_fs1-00007.jpg",590.169194068503,248.396788577944
140,"207_fs1-00007.jpg",589.723929881639,248.901999331113
141,"207_fs1-00007.jpg",589.273787966417,249.404573241938
142,"207_fs1-00007.jpg",588.818989505226,249.904604251579
143,"207_fs1-00007.jpg",588.359755680456,250.402186301196
144,"207_fs1-00007.jpg",587.896307674495,250.89741333195
145,"207_fs1-00007.jpg",587.428866669732,251.390379285002
146,"207_fs1-00007.jpg",586.957653848555,251.881178101512
147,"207_fs1-00007.jpg",586.482890393355,252.369903722641
148,"207_fs1-00007.jpg",586.004797486519,252.856650089549
149,"207_fs1-00007.jpg",585.523596310436,253.341511143396
150,"207_fs1-00007.jpg",585.039508047496,253.824580825344
151,"207_fs1-00007.jpg",584.552753880087,254.305953076553
152,"207_fs1-00007.jpg",584.063554990598,254.785721838184
153,"207_fs1-00007.jpg",583.572132561418,255.263981051396
154,"207_fs1-00007.jpg",583.078707774936,255.740824657351
155,"207_fs1-00007.jpg",582.583501813541,256.216346597209
156,"207_fs1-00007.jpg",582.086735859621,256.69064081213
157,"207_fs1-00007.jpg",581.588631095565,257.163801243275
158,"207_fs1-00007.jpg",581.089408703763,257.635921831806
159,"207_fs1-00007.jpg",580.589289866603,258.107096518881
160,"207_fs1-00007.jpg",580.088495766474,258.577419245662
161,"207_fs1-00007.jpg",579.587247585765,259.04698395331
162,"207_fs1-00007.jpg",579.085766506864,259.515884582984
163,"207_fs1-00007.jpg",578.584273712161,259.984215075846
164,"207_fs1-00007.jpg",578.082990384045,260.452069373056
165,"207_fs1-00007.jpg",577.582137704904,260.919541415774
166,"207_fs1-00007.jpg",577.081936857128,261.386725145162
167,"207_fs1-00007.jpg",576.582609023104,261.853714502379
168,"207_fs1-00007.jpg",576.084375385222,262.320603428586
169,"207_fs1-00007.jpg",575.587457125872,262.787485864943
170,"207_fs1-00007.jpg",575.09207542744,263.254455752612
171,"207_fs1-00007.jpg",574.598451472318,263.721607032753
172,"207_fs1-00007.jpg",574.106806442893,264.189033646526
173,"207_fs1-00007.jpg",573.617361521554,264.656829535092
174,"207_fs1-00007.jpg",573.130337890691,265.125088639611
175,"207_fs1-00007.jpg",572.645956732691,265.593904901245
176,"207_fs1-00007.jpg",572.164439229945,266.063372261152
177,"207_fs1-00007.jpg",571.68600656484,266.533584660495
178,"207_fs1-00007.jpg",571.209706236955,267.004636040433
179,"207_fs1-00007.jpg",570.733795214439,267.476620342128
180,"207_fs1-00007.jpg",570.258243968156,267.949631506739
181,"207_fs1-00007.jpg",569.783043803867,268.423763475428
182,"207_fs1-00007.jpg",569.308186027335,268.899110189354
183,"207_fs1-00007.jpg",568.833661944322,269.375765589678
184,"207_fs1-00007.jpg",568.359462860589,269.853823617561
185,"207_fs1-00007.jpg",567.885580081899,270.333378214164
186,"207_fs1-00007.jpg",567.412004914012,270.814523320647
187,"207_fs1-00007.jpg",566.938728662693,271.29735287817
188,"207_fs1-00007.jpg",566.465742633701,271.781960827894
189,"207_fs1-00007.jpg",565.9930381328,272.26844111098
190,"207_fs1-00007.jpg",565.520606465751,272.756887668588
191,"207_fs1-00007.jpg",565.048438938317,273.247394441878
192,"207_fs1-00007.jpg",564.576526856258,273.740055372012
193,"207_fs1-00007.jpg",564.104861525338,274.23496440015
194,"207_fs1-00007.jpg",563.633434251317,274.732215467452
195,"207_fs1-00007.jpg",563.162236339959,275.231902515079
196,"207_fs1-00007.jpg",562.691259097025,275.734119484191
197,"207_fs1-00007.jpg",562.220493828277,276.238960315949
198,"207_fs1-00007.jpg",561.749931839476,276.746518951513
199,"207_fs1-00007.jpg",561.279564436386,277.256889332045
200,"207_fs1-00007.jpg",560.809382924768,277.770165398704
1,"207_fs1-00008.jpg",655.5,165.5
2,"207_fs1-00008.jpg",654.806434792478,165.652199905889
3,"207_fs1-00008.jpg",654.116882343206,165.818448914876
4,"207_fs1-00008.jpg",653.431581104333,165.998519669194
5,"207_fs1-00008.jpg",652.750769528011,166.192184811075
6,"207_fs1-00008.jpg",652.074686066389,166.399216982752
7,"207_fs1-00008.jpg",651.403569171617,166.619388826457
8,"207_fs1-00008.jpg",650.737657295846,166.852472984424
9,"207_fs1-00008.jpg",650.077188891226,167.098242098884
10,"207_fs1-00008.jpg",649.422402409908,167.35646881207
11,"207_fs1-00008.jpg",648.77353630404,167.626925766215
12,"207_fs1-00008.jpg",648.130829025775,167.909385603552
13,"207_fs1-00008.jpg",647.494519027261,168.203620966313
14,"207_fs1-00008.jpg",646.864844760649,168.509404496731
15,"207_fs1-00008.jpg",646.242044678089,168.826508837038
16,"207_fs1-00008.jpg",645.626357231732,169.154706629467
17,"207_fs1-00008.jpg",645.018020873728,169.493770516251
18,"207_fs1-00008.jpg",644.417274056226,169.843473139622
19,"207_fs1-00008.jpg",643.824355231377,170.203587141813
20,"207_fs1-00008.jpg",643.239502851332,170.573885165056
21,"207_fs1-00008.jpg",642.662955368241,170.954139851585
22,"207_fs1-00008.jpg",642.094951234253,171.344123843631
23,"207_fs1-00008.jpg",641.535728901518,171.743609783427
24,"207_fs1-00008.jpg",640.985526822189,172.152370313206
25,"207_fs1-00008.jpg",640.444583448413,172.570178075201
26,"207_fs1-00008.jpg",639.913137232342,172.996805711644
27,"207_fs1-00008.jpg",639.391426626126,173.432025864768
28,"207_fs1-00008.jpg",638.879690081915,173.875611176805
29,"207_fs1-00008.jpg",638.378166051859,174.327334289988
30,"207_fs1-00008.jpg",637.885502639858,174.786967846549
31,"207_fs1-00008.jpg",637.399919303637,175.254284488722
32,"207_fs1-00008.jpg",636.921194173021,175.729056858739
33,"207_fs1-00008.jpg",636.449105987364,176.211057598832
34,"207_fs1-00008.jpg",635.983433486014,176.700059351234
35,"207_fs1-00008.jpg",635.523955408324,177.195834758178
36,"207_fs1-00008.jpg",635.070450493646,177.698156461897
37,"207_fs1-00008.jpg",634.62269748133,178.206797104622
38,"207_fs1-00008.jpg",634.180475110727,178.721529328586
39,"207_fs1-00008.jpg",633.743562121189,179.242125776023
40,"207_fs1-00008.jpg",633.311737252067,179.768359089165
41,"207_fs1-00008.jpg",632.884779242713,180.300001910243
42,"207_fs1-00008.jpg",632.462466832478,180.836826881492
43,"207_fs1-00008.jpg",632.044578760712,181.378606645144
44,"207_fs1-00008.jpg",631.630893766768,181.92511384343
45,"207_fs1-00008.jpg",631.221190589996,182.476121118585
46,"207_fs1-00008.jpg",630.815247969748,183.03140111284
47,"207_fs1-00008.jpg",630.412844645375,183.590726468428
48,"207_fs1-00008.jpg",630.013759356228,184.153869827581
49,"207_fs1-00008.jpg",629.617770841659,184.720603832533
50,"207_fs1-00008.jpg",629.224657841018,185.290701125516
51,"207_fs1-00008.jpg",628.834199093658,185.863934348762
52,"207_fs1-00008.jpg",628.446173338929,186.440076144505
53,"207_fs1-00008.jpg",628.060359316183,187.018899154976
54,"207_fs1-00008.jpg",627.67653576477,187.600176022409
55,"207_fs1-00008.jpg",627.294481424043,188.183679389035
56,"207_fs1-00008.jpg",626.913975033352,188.769181897088
57,"207_fs1-00008.jpg",626.534795332049,189.356456188801
58,"207_fs1-00008.jpg",626.156721059485,189.945274906405
59,"207_fs1-00008.jpg",625.779530955011,190.535410692133
60,"207_fs1-00008.jpg",625.403003757979,191.126636188219
61,"207_fs1-00008.jpg",625.026918207739,191.718724036894
62,"207_fs1-00008.jpg",624.651053043644,192.311446880392
63,"207_fs1-00008.jpg",624.275187005044,192.904577360944
64,"207_fs1-00008.jpg",623.89909883129,193.497888120784
65,"207_fs1-00008.jpg",623.522567261734,194.091151802144
66,"207_fs1-00008.jpg",623.145371035728,194.684141047257
67,"207_fs1-00008.jpg",622.767288892622,195.276628498355
68,"207_fs1-00008.jpg",622.388099571767,195.868386797671
69,"207_fs1-00008.jpg",622.008704454898,196.459215915008
70,"207_fs1-00008.jpg",621.631158013751,197.049106715685
71,"207_fs1-00008.jpg",621.255467950433,197.638131476572
72,"207_fs1-00008.jpg",620.881587104173,198.226362777589
73,"207_fs1-00008.jpg",620.509468314197,198.813873198653
74,"207_fs1-00008.jpg",620.139064419736,199.400735319683
75,"207_fs1-00008.jpg",619.770328260018,199.987021720599
76,"207_fs1-00008.jpg",619.403212674271,200.572804981319
77,"207_fs1-00008.jpg",619.037670501723,201.158157681761
78,"207_fs1-00008.jpg",618.673654581604,201.743152401845
79,"207_fs1-00008.jpg",618.311117753141,202.327861721488
80,"207_fs1-00008.jpg",617.950012855563,202.912358220611
81,"207_fs1-00008.jpg",617.590292728099,203.496714479132
82,"207_fs1-00008.jpg",617.231910209977,204.081003076968
83,"207_fs1-00008.jpg",616.874818140426,204.66529659404
84,"207_fs1-00008.jpg",616.518969358673,205.249667610266
85,"207_fs1-00008.jpg",616.164316703949,205.834188705564
86,"207_fs1-00008.jpg",615.81081301548,206.418932459853
87,"207_fs1-00008.jpg",615.458411132497,207.003971453053
88,"207_fs1-00008.jpg",615.107063894226,207.589378265081
89,"207_fs1-00008.jpg",614.756724139897,208.175225475856
90,"207_fs1-00008.jpg",614.407344708738,208.761585665298
91,"207_fs1-00008.jpg",614.058878439977,209.348531413325
92,"207_fs1-00008.jpg",613.711278172844,209.936135299855
93,"207_fs1-00008.jpg",613.364496746566,210.524469904808
94,"207_fs1-00008.jpg",613.018487000373,211.113607808102
95,"207_fs1-00008.jpg",612.673201773492,211.703621589656
96,"207_fs1-00008.jpg",612.328593905152,212.294583829388
97,"207_fs1-00008.jpg",611.984616234582,212.886567107218
98,"207_fs1-00008.jpg",611.64122160101,213.479644003064
99,"207_fs1-00008.jpg",611.298362843665,214.073887096845
100,"207_fs1-00008.jpg",610.955992801775,214.669368968479
101,"207_fs1-00008.jpg",610.614064314568,215.266162197885
102,"207_fs1-00008.jpg",610.272530221273,215.864339364982
103,"207_fs1-00008.jpg",609.931343361119,216.46397304969
104,"207_fs1-00008.jpg",609.590456573335,217.065135831925
105,"207_fs1-00008.jpg",609.249822697147,217.667900291608
106,"207_fs1-00008.jpg",608.909473818027,218.272338761042
107,"207_fs1-00008.jpg",608.572157454003,218.878464095339
108,"207_fs1-00008.jpg",608.239018160919,219.486152843077
109,"207_fs1-00008.jpg",607.909739337604,220.095262537688
110,"207_fs1-00008.jpg",607.584004382888,220.705650712604
111,"207_fs1-00008.jpg",607.261496695598,221.317174901259
112,"207_fs1-00008.jpg",606.941899674564,221.929692637084
113,"207_fs1-00008.jpg",606.624896718615,222.543061453514
114,"207_fs1-00008.jpg",606.310171226579,223.15713888398
115,"207_fs1-00008.jpg",605.997406597286,223.771782461915
116,"207_fs1-00008.jpg",605.686286229564,224.386849720752
117,"207_fs1-00008.jpg",605.376493522242,225.002198193924
118,"207_fs1-00008.jpg",605.06771187415,225.617685414864
119,"207_fs1-00008.jpg",604.759624684115,226.233168917003
120,"207_fs1-00008.jpg",604.451915350968,226.848506233776
121,"207_fs1-00008.jpg",604.144267273536,227.463554898615
122,"207_fs1-00008.jpg",603.836363850649,228.078172444952
123,"207_fs1-00008.jpg",603.527888481135,228.69221640622
124,"207_fs1-00008.jpg",603.218524563824,229.305544315852
125,"207_fs1-00008.jpg",602.907955497544,229.91801370728
126,"207_fs1-00008.jpg",602.595864681124,230.529482113938
127,"207_fs1-00008.jpg",602.281935513393,231.139807069259
128,"207_fs1-00008.jpg",601.965851393181,231.748846106674
129,"207_fs1-00008.jpg",601.647295719315,232.356456759616
130,"207_fs1-00008.jpg",601.325951890624,232.962496561519
131,"207_fs1-00008.jpg",601.001503305939,233.566823045816
132,"207_fs1-00008.jpg",600.673633364087,234.169293745937
133,"207_fs1-00008.jpg",600.342025463897,234.769766195318
134,"207_fs1-00008.jpg",600.006363004199,235.36809792739
135,"207_fs1-00008.jpg",599.66632938382,235.964146475586
136,"207_fs1-00008.jpg",599.321608001591,236.557769373338
137,"207_fs1-00008.jpg",598.97188225634,237.14882415408
138,"207_fs1-00008.jpg",598.616835546895,237.737168351245
139,"207_fs1-00008.jpg",598.256151272086,238.322659498264
140,"207_fs1-00008.jpg",597.889512830742,238.905155128571
141,"207_fs1-00008.jpg",597.516603621691,239.484512775599
142,"207_fs1-00008.jpg",597.137107043762,240.060589972779
143,"207_fs1-00008.jpg",596.751021300895,240.633252499526
144,"207_fs1-00008.jpg",596.358859619466,241.20242136986
145,"207_fs1-00008.jpg",595.960756241664,241.768040284475
146,"207_fs1-00008.jpg",595.556834473218,242.330053013522
147,"207_fs1-00008.jpg",595.147217619853,242.888403327148
148,"207_fs1-00008.jpg",594.732028987297,243.443034995503
149,"207_fs1-00008.jpg",594.311391881277,243.993891788736
150,"207_fs1-00008.jpg",593.88542960752,244.540917476996
151,"207_fs1-00008.jpg",593.454265471751,245.084055830431
152,"207_fs1-00008.jpg",593.018022779699,245.623250619191
153,"207_fs1-00008.jpg",592.57682483709,246.158445613424
154,"207_fs1-00008.jpg",592.13079494965,246.689584583281
155,"207_fs1-00008.jpg",591.680056423108,247.216611298909
156,"207_fs1-00008.jpg",591.224732563189,247.739469530458
157,"207_fs1-00008.jpg",590.76494667562,248.258103048076
158,"207_fs1-00008.jpg",590.300822066129,248.772455621913
159,"207_fs1-00008.jpg",589.832482040442,249.282471022118
160,"207_fs1-00008.jpg",589.360049904286,249.78809301884
161,"207_fs1-00008.jpg",588.883648963387,250.289265382227
162,"207_fs1-00008.jpg",588.403402523474,250.785931882429
163,"207_fs1-00008.jpg",587.919433890272,251.278036289594
164,"207_fs1-00008.jpg",587.431866369508,251.765522373872
165,"207_fs1-00008.jpg",586.94082326691,252.248333905412
166,"207_fs1-00008.jpg",586.446427888204,252.726414654362
167,"207_fs1-00008.jpg",585.948803539117,253.199708390872
168,"207_fs1-00008.jpg",585.448073525376,253.66815888509
169,"207_fs1-00008.jpg",584.944361152707,254.131709907166
170,"207_fs1-00008.jpg",584.437789726838,254.590305227249
171,"207_fs1-00008.jpg",583.928482553496,255.043888615487
172,"207_fs1-00008.jpg",583.416562938406,255.49240384203
173,"207_fs1-00008.jpg",582.902085633594,255.935794677026
174,"207_fs1-00008.jpg",582.382944898563,256.374004890625
175,"207_fs1-00008.jpg",581.858157455261,256.806978252976
176,"207_fs1-00008.jpg",581.327803231783,257.234658534227
177,"207_fs1-00008.jpg",580.791962156228,257.656989504527
178,"207_fs1-00008.jpg",580.250714156691,258.073914934026
179,"207_fs1-00008.jpg",579.70413916127,258.485378592872
180,"207_fs1-00008.jpg",579.152317098062,258.891324251215
181,"207_fs1-00008.jpg",578.595327895163,259.291695679204
182,"207_fs1-00008.jpg",578.033251480672,259.686436646987
183,"207_fs1-00008.jpg",577.466167782683,260.075490924713
184,"207_fs1-00008.jpg",576.894156729295,260.458802282532
185,"207_fs1-00008.jpg",576.317298248605,260.836314490592
186,"207_fs1-00008.jpg",575.735672268709,261.207971319043
187,"207_fs1-00008.jpg",575.149358717704,261.573716538033
188,"207_fs1-00008.jpg",574.558437523687,261.933493917712
189,"207_fs1-00008.jpg",573.962988614755,262.287247228228
190,"207_fs1-00008.jpg",573.363091919006,262.634920239731
191,"207_fs1-00008.jpg",572.758827364535,262.976456722368
192,"207_fs1-00008.jpg",572.150274879441,263.311800446291
193,"207_fs1-00008.jpg",571.537514391819,263.640895181646
194,"207_fs1-00008.jpg",570.920625829767,263.963684698585
195,"207_fs1-00008.jpg",570.299689121382,264.280112767254
196,"207_fs1-00008.jpg",569.674784194761,264.590123157804
197,"207_fs1-00008.jpg",569.045990978,264.893659640383
198,"207_fs1-00008.jpg",568.413389399196,265.19066598514
199,"207_fs1-00008.jpg",567.777059386447,265.481085962225
200,"207_fs1-00008.jpg",567.13708086785,265.764863341786
