points,Image,X,Y
1,207_fs2-00001.jpg,449.000,262.500
2,207_fs2-00001.jpg,449.697,262.750
3,207_fs2-00001.jpg,450.350,263.100
4,207_fs2-00001.jpg,451.031,263.391
5,207_fs2-00001.jpg,451.693,263.722
6,207_fs2-00001.jpg,452.420,263.864
7,207_fs2-00001.jpg,453.052,264.250
8,207_fs2-00001.jpg,453.792,264.271
9,207_fs2-00001.jpg,454.497,264.500
10,207_fs2-00001.jpg,455.237,264.500
11,207_fs2-00001.jpg,455.941,264.730
12,207_fs2-00001.jpg,456.644,264.965
13,207_fs2-00001.jpg,457.346,265.199
14,207_fs2-00001.jpg,458.049,265.433
15,207_fs2-00001.jpg,458.787,265.500
16,207_fs2-00001.jpg,459.527,265.500
17,207_fs2-00001.jpg,460.268,265.509
18,207_fs2-00001.jpg,460.930,265.840
19,207_fs2-00001.jpg,461.653,266.000
20,207_fs2-00001.jpg,462.394,266.000
21,207_fs2-00001.jpg,463.135,266.000
22,207_fs2-00001.jpg,463.713,266.463
23,207_fs2-00001.jpg,464.452,266.500
24,207_fs2-00001.jpg,465.193,266.500
25,207_fs2-00001.jpg,465.934,266.500
26,207_fs2-00001.jpg,466.631,266.750
27,207_fs2-00001.jpg,467.371,266.750
28,207_fs2-00001.jpg,468.092,266.921
29,207_fs2-00001.jpg,468.828,267.000
30,207_fs2-00001.jpg,469.569,267.000
31,207_fs2-00001.jpg,470.310,267.000
32,207_fs2-00001.jpg,471.050,267.000
33,207_fs2-00001.jpg,471.790,267.040
34,207_fs2-00001.jpg,472.500,267.250
35,207_fs2-00001.jpg,473.240,267.250
36,207_fs2-00001.jpg,473.937,267.500
37,207_fs2-00001.jpg,474.678,267.500
38,207_fs2-00001.jpg,475.419,267.500
39,207_fs2-00001.jpg,476.159,267.500
40,207_fs2-00001.jpg,476.896,267.573
41,207_fs2-00001.jpg,477.615,267.750
42,207_fs2-00001.jpg,478.356,267.750
43,207_fs2-00001.jpg,479.053,268.000
44,207_fs2-00001.jpg,479.793,268.022
45,207_fs2-00001.jpg,480.498,268.250
46,207_fs2-00001.jpg,481.239,268.250
47,207_fs2-00001.jpg,481.979,268.250
48,207_fs2-00001.jpg,482.720,268.250
49,207_fs2-00001.jpg,483.460,268.250
50,207_fs2-00001.jpg,484.201,268.250
51,207_fs2-00001.jpg,484.939,268.313
52,207_fs2-00001.jpg,485.655,268.500
53,207_fs2-00001.jpg,486.396,268.500
54,207_fs2-00001.jpg,487.137,268.500
55,207_fs2-00001.jpg,487.877,268.500
56,207_fs2-00001.jpg,488.618,268.500
57,207_fs2-00001.jpg,489.343,268.648
58,207_fs2-00001.jpg,490.077,268.750
59,207_fs2-00001.jpg,490.818,268.750
60,207_fs2-00001.jpg,491.558,268.750
61,207_fs2-00001.jpg,492.299,268.750
62,207_fs2-00001.jpg,493.039,268.763
63,207_fs2-00001.jpg,493.742,268.997
64,207_fs2-00001.jpg,494.483,269.000
65,207_fs2-00001.jpg,495.190,269.220
66,207_fs2-00001.jpg,495.930,269.250
67,207_fs2-00001.jpg,496.670,269.250
68,207_fs2-00001.jpg,497.411,269.250
69,207_fs2-00001.jpg,498.108,269.500
70,207_fs2-00001.jpg,498.830,269.665
71,207_fs2-00001.jpg,499.566,269.750
72,207_fs2-00001.jpg,500.306,269.750
73,207_fs2-00001.jpg,501.047,269.750
74,207_fs2-00001.jpg,501.787,269.769
75,207_fs2-00001.jpg,502.491,270.000
76,207_fs2-00001.jpg,503.231,270.000
77,207_fs2-00001.jpg,503.972,270.000
78,207_fs2-00001.jpg,504.669,270.250
79,207_fs2-00001.jpg,505.410,270.250
80,207_fs2-00001.jpg,506.150,270.250
81,207_fs2-00001.jpg,506.891,270.250
82,207_fs2-00001.jpg,507.604,270.451
83,207_fs2-00001.jpg,508.343,270.500
84,207_fs2-00001.jpg,509.083,270.500
85,207_fs2-00001.jpg,509.824,270.500
86,207_fs2-00001.jpg,510.565,270.500
87,207_fs2-00001.jpg,511.305,270.500
88,207_fs2-00001.jpg,512.046,270.500
89,207_fs2-00001.jpg,512.786,270.500
90,207_fs2-00001.jpg,513.527,270.500
91,207_fs2-00001.jpg,514.268,270.500
92,207_fs2-00001.jpg,515.008,270.500
93,207_fs2-00001.jpg,515.749,270.500
94,207_fs2-00001.jpg,516.489,270.500
95,207_fs2-00001.jpg,517.230,270.500
96,207_fs2-00001.jpg,517.971,270.500
97,207_fs2-00001.jpg,518.679,270.715
98,207_fs2-00001.jpg,519.419,270.750
99,207_fs2-00001.jpg,520.160,270.750
100,207_fs2-00001.jpg,520.900,270.750
101,207_fs2-00001.jpg,521.641,270.750
102,207_fs2-00001.jpg,522.381,270.750
103,207_fs2-00001.jpg,523.113,270.863
104,207_fs2-00001.jpg,523.841,271.000
105,207_fs2-00001.jpg,524.582,271.000
106,207_fs2-00001.jpg,525.322,271.000
107,207_fs2-00001.jpg,526.063,271.000
108,207_fs2-00001.jpg,526.804,271.000
109,207_fs2-00001.jpg,527.544,271.000
110,207_fs2-00001.jpg,528.285,271.000
111,207_fs2-00001.jpg,529.025,271.000
112,207_fs2-00001.jpg,529.766,271.000
113,207_fs2-00001.jpg,530.472,271.222
114,207_fs2-00001.jpg,531.213,271.250
115,207_fs2-00001.jpg,531.931,271.431
116,207_fs2-00001.jpg,532.668,271.500
117,207_fs2-00001.jpg,533.365,271.750
118,207_fs2-00001.jpg,534.106,271.750
119,207_fs2-00001.jpg,534.846,271.750
120,207_fs2-00001.jpg,535.587,271.750
121,207_fs2-00001.jpg,536.328,271.750
122,207_fs2-00001.jpg,537.025,272.000
123,207_fs2-00001.jpg,537.765,272.000
124,207_fs2-00001.jpg,538.496,272.123
125,207_fs2-00001.jpg,539.225,272.250
126,207_fs2-00001.jpg,539.966,272.250
127,207_fs2-00001.jpg,540.706,272.250
128,207_fs2-00001.jpg,541.447,272.250
129,207_fs2-00001.jpg,542.188,272.250
130,207_fs2-00001.jpg,542.901,272.450
131,207_fs2-00001.jpg,543.640,272.500
132,207_fs2-00001.jpg,544.380,272.500
133,207_fs2-00001.jpg,545.121,272.500
134,207_fs2-00001.jpg,545.861,272.500
135,207_fs2-00001.jpg,546.602,272.500
136,207_fs2-00001.jpg,547.343,272.500
137,207_fs2-00001.jpg,548.040,272.750
138,207_fs2-00001.jpg,548.780,272.750
139,207_fs2-00001.jpg,549.521,272.750
140,207_fs2-00001.jpg,550.223,272.986
141,207_fs2-00001.jpg,550.936,273.186
142,207_fs2-00001.jpg,551.674,273.250
143,207_fs2-00001.jpg,552.414,273.250
144,207_fs2-00001.jpg,553.151,273.326
145,207_fs2-00001.jpg,553.871,273.500
146,207_fs2-00001.jpg,554.612,273.500
147,207_fs2-00001.jpg,555.352,273.500
148,207_fs2-00001.jpg,556.093,273.500
149,207_fs2-00001.jpg,556.833,273.500
150,207_fs2-00001.jpg,557.574,273.500
151,207_fs2-00001.jpg,558.315,273.500
152,207_fs2-00001.jpg,559.055,273.500
153,207_fs2-00001.jpg,559.796,273.500
154,207_fs2-00001.jpg,560.536,273.500
155,207_fs2-00001.jpg,561.277,273.500
156,207_fs2-00001.jpg,562.018,273.500
157,207_fs2-00001.jpg,562.758,273.500
158,207_fs2-00001.jpg,563.455,273.750
159,207_fs2-00001.jpg,564.152,274.000
160,207_fs2-00001.jpg,564.893,274.000
161,207_fs2-00001.jpg,565.590,274.250
162,207_fs2-00001.jpg,566.331,274.250
163,207_fs2-00001.jpg,567.028,274.500
164,207_fs2-00001.jpg,567.750,274.664
165,207_fs2-00001.jpg,568.486,274.750
166,207_fs2-00001.jpg,569.226,274.750
167,207_fs2-00001.jpg,569.967,274.750
168,207_fs2-00001.jpg,570.664,275.000
169,207_fs2-00001.jpg,571.380,275.190
170,207_fs2-00001.jpg,572.118,275.250
171,207_fs2-00001.jpg,572.859,275.250
172,207_fs2-00001.jpg,573.599,275.250
173,207_fs2-00001.jpg,574.340,275.250
174,207_fs2-00001.jpg,575.080,275.250
175,207_fs2-00001.jpg,575.777,275.500
176,207_fs2-00001.jpg,576.518,275.500
177,207_fs2-00001.jpg,577.259,275.500
178,207_fs2-00001.jpg,577.982,275.661
179,207_fs2-00001.jpg,578.717,275.750
180,207_fs2-00001.jpg,579.457,275.750
181,207_fs2-00001.jpg,580.198,275.750
182,207_fs2-00001.jpg,580.939,275.750
183,207_fs2-00001.jpg,581.679,275.750
184,207_fs2-00001.jpg,582.404,275.904
185,207_fs2-00001.jpg,583.058,276.250
186,207_fs2-00001.jpg,583.797,276.297
187,207_fs2-00001.jpg,584.510,276.500
188,207_fs2-00001.jpg,585.218,276.718
189,207_fs2-00001.jpg,585.902,277.000
190,207_fs2-00001.jpg,586.643,277.000
191,207_fs2-00001.jpg,587.340,277.250
192,207_fs2-00001.jpg,588.081,277.250
193,207_fs2-00001.jpg,588.778,277.500
194,207_fs2-00001.jpg,589.500,277.664
195,207_fs2-00001.jpg,590.236,277.750
196,207_fs2-00002.jpg,464.000,245.750
197,207_fs2-00002.jpg,464.314,246.430
198,207_fs2-00002.jpg,464.628,247.110
199,207_fs2-00002.jpg,464.941,247.790
200,207_fs2-00002.jpg,465.255,248.470
201,207_fs2-00002.jpg,465.623,249.123
202,207_fs2-00002.jpg,466.031,249.750
203,207_fs2-00002.jpg,466.500,250.334
204,207_fs2-00002.jpg,466.940,250.940
205,207_fs2-00002.jpg,467.330,251.580
206,207_fs2-00002.jpg,467.859,252.109
207,207_fs2-00002.jpg,468.250,252.748
208,207_fs2-00002.jpg,468.889,253.139
209,207_fs2-00002.jpg,469.250,253.795
210,207_fs2-00002.jpg,469.750,254.353
211,207_fs2-00002.jpg,470.201,254.951
212,207_fs2-00002.jpg,470.750,255.460
213,207_fs2-00002.jpg,471.269,256.000
214,207_fs2-00002.jpg,471.901,256.401
215,207_fs2-00002.jpg,472.351,257.000
216,207_fs2-00002.jpg,473.041,257.291
217,207_fs2-00002.jpg,473.430,257.930
218,207_fs2-00002.jpg,474.070,258.320
219,207_fs2-00002.jpg,474.599,258.849
220,207_fs2-00002.jpg,475.239,259.239
221,207_fs2-00002.jpg,475.456,259.956
222,207_fs2-00002.jpg,476.095,260.345
223,207_fs2-00002.jpg,476.500,260.976
224,207_fs2-00002.jpg,477.211,261.211
225,207_fs2-00002.jpg,477.601,261.851
226,207_fs2-00002.jpg,478.240,262.240
227,207_fs2-00002.jpg,478.630,262.880
228,207_fs2-00002.jpg,479.250,263.299
229,207_fs2-00002.jpg,479.670,263.920
230,207_fs2-00002.jpg,480.250,264.393
231,207_fs2-00002.jpg,480.846,264.846
232,207_fs2-00002.jpg,481.477,265.250
233,207_fs2-00002.jpg,482.125,265.625
234,207_fs2-00002.jpg,482.773,266.000
235,207_fs2-00002.jpg,483.250,266.578
236,207_fs2-00002.jpg,483.868,267.000
237,207_fs2-00002.jpg,484.426,267.500
238,207_fs2-00002.jpg,484.991,267.991
239,207_fs2-00002.jpg,485.694,268.250
240,207_fs2-00002.jpg,486.250,268.752
241,207_fs2-00002.jpg,486.780,269.280
242,207_fs2-00002.jpg,487.364,269.750
243,207_fs2-00002.jpg,488.050,270.050
244,207_fs2-00002.jpg,488.649,270.500
245,207_fs2-00002.jpg,489.250,270.946
246,207_fs2-00002.jpg,489.869,271.369
247,207_fs2-00002.jpg,490.398,271.898
248,207_fs2-00002.jpg,491.140,272.000
249,207_fs2-00002.jpg,491.698,272.500
250,207_fs2-00002.jpg,492.255,273.000
251,207_fs2-00002.jpg,492.971,273.221
252,207_fs2-00002.jpg,493.501,273.750
253,207_fs2-00002.jpg,494.207,274.000
254,207_fs2-00002.jpg,494.955,274.000
255,207_fs2-00002.jpg,495.661,274.250
256,207_fs2-00002.jpg,496.332,274.582
257,207_fs2-00002.jpg,497.062,274.750
258,207_fs2-00002.jpg,497.768,275.000
259,207_fs2-00002.jpg,498.517,275.000
260,207_fs2-00002.jpg,499.266,275.016
261,207_fs2-00002.jpg,499.977,275.250
262,207_fs2-00002.jpg,500.683,275.500
263,207_fs2-00002.jpg,501.389,275.750
264,207_fs2-00002.jpg,502.115,275.933
265,207_fs2-00002.jpg,502.861,276.000
266,207_fs2-00002.jpg,503.610,276.000
267,207_fs2-00002.jpg,504.359,276.000
268,207_fs2-00002.jpg,505.065,276.250
269,207_fs2-00002.jpg,505.814,276.250
270,207_fs2-00002.jpg,506.563,276.250
271,207_fs2-00002.jpg,507.312,276.250
272,207_fs2-00002.jpg,508.061,276.250
273,207_fs2-00002.jpg,508.810,276.250
274,207_fs2-00002.jpg,509.558,276.250
275,207_fs2-00002.jpg,510.307,276.250
276,207_fs2-00002.jpg,511.056,276.250
277,207_fs2-00002.jpg,511.805,276.250
278,207_fs2-00002.jpg,512.511,276.000
279,207_fs2-00002.jpg,513.260,276.000
280,207_fs2-00002.jpg,514.009,276.000
281,207_fs2-00002.jpg,514.758,276.000
282,207_fs2-00002.jpg,515.507,276.000
283,207_fs2-00002.jpg,516.256,276.000
284,207_fs2-00002.jpg,517.005,276.000
285,207_fs2-00002.jpg,517.753,275.997
286,207_fs2-00002.jpg,518.461,275.750
287,207_fs2-00002.jpg,519.209,275.750
288,207_fs2-00002.jpg,519.915,275.500
289,207_fs2-00002.jpg,520.639,275.306
290,207_fs2-00002.jpg,521.385,275.250
291,207_fs2-00002.jpg,522.124,275.126
292,207_fs2-00002.jpg,522.862,275.000
293,207_fs2-00002.jpg,523.611,275.000
294,207_fs2-00002.jpg,524.317,274.750
295,207_fs2-00002.jpg,525.066,274.750
296,207_fs2-00002.jpg,525.812,274.688
297,207_fs2-00002.jpg,526.533,274.484
298,207_fs2-00002.jpg,527.244,274.250
299,207_fs2-00002.jpg,527.950,274.000
300,207_fs2-00002.jpg,528.693,273.904
301,207_fs2-00002.jpg,529.426,273.750
302,207_fs2-00002.jpg,530.132,273.500
303,207_fs2-00002.jpg,530.871,273.379
304,207_fs2-00002.jpg,531.588,273.162
305,207_fs2-00002.jpg,532.319,273.000
306,207_fs2-00002.jpg,533.018,272.732
307,207_fs2-00002.jpg,533.730,272.500
308,207_fs2-00002.jpg,534.288,272.000
309,207_fs2-00002.jpg,535.037,272.000
310,207_fs2-00002.jpg,535.785,271.965
311,207_fs2-00002.jpg,536.424,271.576
312,207_fs2-00002.jpg,537.169,271.500
313,207_fs2-00002.jpg,537.738,271.012
314,207_fs2-00002.jpg,538.487,271.000
315,207_fs2-00002.jpg,539.235,271.000
316,207_fs2-00002.jpg,539.956,270.794
317,207_fs2-00002.jpg,540.703,270.750
318,207_fs2-00002.jpg,541.430,270.570
319,207_fs2-00002.jpg,542.176,270.500
320,207_fs2-00002.jpg,542.898,270.301
321,207_fs2-00002.jpg,543.637,270.181
322,207_fs2-00002.jpg,544.364,270.000
323,207_fs2-00002.jpg,545.112,270.000
324,207_fs2-00002.jpg,545.861,270.000
325,207_fs2-00002.jpg,546.567,269.750
326,207_fs2-00002.jpg,547.316,269.750
327,207_fs2-00002.jpg,548.065,269.750
328,207_fs2-00002.jpg,548.771,269.500
329,207_fs2-00002.jpg,549.483,269.267
330,207_fs2-00002.jpg,550.200,269.050
331,207_fs2-00002.jpg,550.947,269.000
332,207_fs2-00002.jpg,551.696,269.000
333,207_fs2-00002.jpg,552.402,268.750
334,207_fs2-00002.jpg,553.151,268.750
335,207_fs2-00002.jpg,553.857,268.500
336,207_fs2-00002.jpg,554.545,268.205
337,207_fs2-00002.jpg,555.265,268.000
338,207_fs2-00002.jpg,556.014,268.000
339,207_fs2-00002.jpg,556.763,268.000
340,207_fs2-00002.jpg,557.512,268.000
341,207_fs2-00002.jpg,558.218,267.750
342,207_fs2-00002.jpg,558.967,267.750
343,207_fs2-00002.jpg,559.716,267.750
344,207_fs2-00002.jpg,560.465,267.750
345,207_fs2-00002.jpg,561.213,267.750
346,207_fs2-00002.jpg,561.919,268.000
347,207_fs2-00002.jpg,562.668,268.000
348,207_fs2-00002.jpg,563.402,268.152
349,207_fs2-00002.jpg,564.144,268.250
350,207_fs2-00002.jpg,564.850,268.500
351,207_fs2-00002.jpg,565.599,268.500
352,207_fs2-00002.jpg,566.305,268.750
353,207_fs2-00002.jpg,567.054,268.750
354,207_fs2-00002.jpg,567.760,269.000
355,207_fs2-00002.jpg,568.509,269.000
356,207_fs2-00002.jpg,569.257,269.007
357,207_fs2-00002.jpg,569.897,269.397
358,207_fs2-00002.jpg,570.614,269.614
359,207_fs2-00002.jpg,571.256,270.000
360,207_fs2-00002.jpg,572.004,270.000
361,207_fs2-00002.jpg,572.710,270.250
362,207_fs2-00002.jpg,573.416,270.500
363,207_fs2-00002.jpg,574.122,270.750
364,207_fs2-00002.jpg,574.828,271.000
365,207_fs2-00002.jpg,575.534,271.250
366,207_fs2-00002.jpg,576.243,271.493
367,207_fs2-00002.jpg,576.946,271.750
368,207_fs2-00002.jpg,577.652,272.000
369,207_fs2-00002.jpg,578.358,272.250
370,207_fs2-00002.jpg,579.064,272.500
371,207_fs2-00002.jpg,579.764,272.764
372,207_fs2-00002.jpg,580.475,273.000
373,207_fs2-00002.jpg,581.198,273.198
374,207_fs2-00002.jpg,581.837,273.587
375,207_fs2-00002.jpg,582.462,274.000
376,207_fs2-00002.jpg,583.168,274.250
377,207_fs2-00002.jpg,583.726,274.750
378,207_fs2-00002.jpg,583.752,274.002
379,207_fs2-00003.jpg,472.750,225.500
380,207_fs2-00003.jpg,472.641,226.260
381,207_fs2-00003.jpg,472.533,227.020
382,207_fs2-00003.jpg,472.424,227.779
383,207_fs2-00003.jpg,472.316,228.539
384,207_fs2-00003.jpg,472.307,229.307
385,207_fs2-00003.jpg,472.538,230.038
386,207_fs2-00003.jpg,472.770,230.770
387,207_fs2-00003.jpg,473.202,231.404
388,207_fs2-00003.jpg,473.250,232.170
389,207_fs2-00003.jpg,473.602,232.852
390,207_fs2-00003.jpg,473.797,233.594
391,207_fs2-00003.jpg,474.250,234.214
392,207_fs2-00003.jpg,474.250,234.982
393,207_fs2-00003.jpg,474.586,235.672
394,207_fs2-00003.jpg,475.000,236.318
395,207_fs2-00003.jpg,475.250,237.044
396,207_fs2-00003.jpg,475.250,237.811
397,207_fs2-00003.jpg,475.712,238.424
398,207_fs2-00003.jpg,475.750,239.191
399,207_fs2-00003.jpg,476.000,239.916
400,207_fs2-00003.jpg,476.250,240.642
401,207_fs2-00003.jpg,476.250,241.409
402,207_fs2-00003.jpg,476.500,242.135
403,207_fs2-00003.jpg,476.500,242.902
404,207_fs2-00003.jpg,476.992,243.492
405,207_fs2-00003.jpg,477.223,244.223
406,207_fs2-00003.jpg,477.250,244.990
407,207_fs2-00003.jpg,477.485,245.721
408,207_fs2-00003.jpg,477.750,246.441
409,207_fs2-00003.jpg,478.250,247.024
410,207_fs2-00003.jpg,478.250,247.791
411,207_fs2-00003.jpg,478.500,248.517
412,207_fs2-00003.jpg,478.750,249.243
413,207_fs2-00003.jpg,478.976,249.976
414,207_fs2-00003.jpg,479.226,250.702
415,207_fs2-00003.jpg,479.354,251.458
416,207_fs2-00003.jpg,479.662,252.162
417,207_fs2-00003.jpg,480.000,252.850
418,207_fs2-00003.jpg,480.250,253.576
419,207_fs2-00003.jpg,480.250,254.344
420,207_fs2-00003.jpg,480.305,255.109
421,207_fs2-00003.jpg,480.500,255.851
422,207_fs2-00003.jpg,480.750,256.577
423,207_fs2-00003.jpg,481.124,257.247
424,207_fs2-00003.jpg,481.250,258.004
425,207_fs2-00003.jpg,481.380,258.761
426,207_fs2-00003.jpg,481.516,259.516
427,207_fs2-00003.jpg,481.750,260.247
428,207_fs2-00003.jpg,482.151,260.901
429,207_fs2-00003.jpg,482.250,261.663
430,207_fs2-00003.jpg,482.597,262.347
431,207_fs2-00003.jpg,482.829,263.079
432,207_fs2-00003.jpg,483.060,263.810
433,207_fs2-00003.jpg,483.250,264.554
434,207_fs2-00003.jpg,483.513,265.275
435,207_fs2-00003.jpg,483.765,266.000
436,207_fs2-00003.jpg,484.250,266.595
437,207_fs2-00003.jpg,484.500,267.321
438,207_fs2-00003.jpg,484.784,268.034
439,207_fs2-00003.jpg,485.211,268.672
440,207_fs2-00003.jpg,485.450,269.401
441,207_fs2-00003.jpg,485.968,269.968
442,207_fs2-00003.jpg,486.250,270.682
443,207_fs2-00003.jpg,486.664,271.328
444,207_fs2-00003.jpg,487.162,271.912
445,207_fs2-00003.jpg,487.540,272.580
446,207_fs2-00003.jpg,488.102,273.102
447,207_fs2-00003.jpg,488.383,273.816
448,207_fs2-00003.jpg,489.007,274.264
449,207_fs2-00003.jpg,489.250,274.992
450,207_fs2-00003.jpg,489.980,275.230
451,207_fs2-00003.jpg,490.522,275.772
452,207_fs2-00003.jpg,491.065,276.315
453,207_fs2-00003.jpg,491.642,276.821
454,207_fs2-00003.jpg,492.183,277.366
455,207_fs2-00003.jpg,492.691,277.941
456,207_fs2-00003.jpg,493.250,278.467
457,207_fs2-00003.jpg,493.632,279.132
458,207_fs2-00003.jpg,494.250,279.588
459,207_fs2-00003.jpg,494.897,280.000
460,207_fs2-00003.jpg,495.404,280.577
461,207_fs2-00003.jpg,496.115,280.865
462,207_fs2-00003.jpg,496.823,281.161
463,207_fs2-00003.jpg,497.508,281.508
464,207_fs2-00003.jpg,498.161,281.911
465,207_fs2-00003.jpg,498.923,282.000
466,207_fs2-00003.jpg,499.649,282.250
467,207_fs2-00003.jpg,500.375,282.500
468,207_fs2-00003.jpg,501.142,282.500
469,207_fs2-00003.jpg,501.868,282.750
470,207_fs2-00003.jpg,502.635,282.750
471,207_fs2-00003.jpg,503.399,282.825
472,207_fs2-00003.jpg,504.146,283.000
473,207_fs2-00003.jpg,504.914,283.000
474,207_fs2-00003.jpg,505.681,283.000
475,207_fs2-00003.jpg,506.407,283.250
476,207_fs2-00003.jpg,507.158,283.408
477,207_fs2-00003.jpg,507.890,283.640
478,207_fs2-00003.jpg,508.649,283.750
479,207_fs2-00003.jpg,509.375,284.000
480,207_fs2-00003.jpg,510.142,284.000
481,207_fs2-00003.jpg,510.868,284.250
482,207_fs2-00003.jpg,511.635,284.250
483,207_fs2-00003.jpg,512.361,284.500
484,207_fs2-00003.jpg,513.129,284.500
485,207_fs2-00003.jpg,513.896,284.500
486,207_fs2-00003.jpg,514.622,284.750
487,207_fs2-00003.jpg,515.389,284.750
488,207_fs2-00003.jpg,516.157,284.750
489,207_fs2-00003.jpg,516.924,284.750
490,207_fs2-00003.jpg,517.692,284.750
491,207_fs2-00003.jpg,518.417,284.500
492,207_fs2-00003.jpg,519.157,284.296
493,207_fs2-00003.jpg,519.899,284.100
494,207_fs2-00003.jpg,520.660,284.000
495,207_fs2-00003.jpg,521.386,283.750
496,207_fs2-00003.jpg,522.112,283.500
497,207_fs2-00003.jpg,522.837,283.250
498,207_fs2-00003.jpg,523.563,283.000
499,207_fs2-00003.jpg,524.330,283.000
500,207_fs2-00003.jpg,525.056,282.750
501,207_fs2-00003.jpg,525.777,282.487
502,207_fs2-00003.jpg,526.463,282.143
503,207_fs2-00003.jpg,527.217,282.000
504,207_fs2-00003.jpg,527.985,282.000
505,207_fs2-00003.jpg,528.535,281.465
506,207_fs2-00003.jpg,529.146,281.000
507,207_fs2-00003.jpg,529.738,280.512
508,207_fs2-00003.jpg,530.391,280.109
509,207_fs2-00003.jpg,531.104,279.823
510,207_fs2-00003.jpg,531.682,279.318
511,207_fs2-00003.jpg,532.335,278.915
512,207_fs2-00003.jpg,532.878,278.372
513,207_fs2-00003.jpg,533.362,277.777
514,207_fs2-00003.jpg,533.945,277.278
515,207_fs2-00003.jpg,534.501,276.749
516,207_fs2-00003.jpg,535.084,276.250
517,207_fs2-00003.jpg,535.703,275.797
518,207_fs2-00003.jpg,536.246,275.254
519,207_fs2-00003.jpg,536.899,274.851
520,207_fs2-00003.jpg,537.377,274.250
521,207_fs2-00003.jpg,538.073,273.927
522,207_fs2-00003.jpg,538.616,273.384
523,207_fs2-00003.jpg,539.269,272.981
524,207_fs2-00003.jpg,539.903,272.549
525,207_fs2-00003.jpg,540.370,271.940
526,207_fs2-00003.jpg,540.922,271.406
527,207_fs2-00003.jpg,541.361,270.777
528,207_fs2-00003.jpg,541.861,270.195
529,207_fs2-00003.jpg,542.375,269.625
530,207_fs2-00003.jpg,543.028,269.222
531,207_fs2-00003.jpg,543.760,268.990
532,207_fs2-00003.jpg,544.351,268.500
533,207_fs2-00003.jpg,545.076,268.250
534,207_fs2-00003.jpg,545.802,268.000
535,207_fs2-00003.jpg,546.528,267.750
536,207_fs2-00003.jpg,547.170,267.330
537,207_fs2-00003.jpg,547.823,266.927
538,207_fs2-00003.jpg,548.250,266.289
539,207_fs2-00003.jpg,548.961,266.000
540,207_fs2-00003.jpg,549.687,265.750
541,207_fs2-00003.jpg,550.260,265.240
542,207_fs2-00003.jpg,550.989,265.000
543,207_fs2-00003.jpg,551.715,264.750
544,207_fs2-00003.jpg,552.440,264.500
545,207_fs2-00003.jpg,553.185,264.315
546,207_fs2-00003.jpg,553.950,264.250
547,207_fs2-00003.jpg,554.676,264.000
548,207_fs2-00003.jpg,555.443,264.000
549,207_fs2-00003.jpg,556.211,264.000
550,207_fs2-00003.jpg,556.963,263.846
551,207_fs2-00003.jpg,557.704,263.648
552,207_fs2-00003.jpg,558.408,263.342
553,207_fs2-00003.jpg,559.140,263.110
554,207_fs2-00003.jpg,559.899,263.000
555,207_fs2-00003.jpg,560.667,263.000
556,207_fs2-00003.jpg,561.434,263.000
557,207_fs2-00003.jpg,562.160,262.750
558,207_fs2-00003.jpg,562.927,262.750
559,207_fs2-00003.jpg,563.675,262.575
560,207_fs2-00003.jpg,564.438,262.500
561,207_fs2-00003.jpg,565.206,262.500
562,207_fs2-00003.jpg,565.973,262.500
563,207_fs2-00003.jpg,566.741,262.500
564,207_fs2-00003.jpg,567.467,262.250
565,207_fs2-00003.jpg,568.013,261.711
566,207_fs2-00003.jpg,568.264,260.986
567,207_fs2-00003.jpg,568.897,260.551
568,207_fs2-00004.jpg,468.250,212.750
569,207_fs2-00004.jpg,468.625,213.499
570,207_fs2-00004.jpg,468.999,214.248
571,207_fs2-00004.jpg,469.374,214.997
572,207_fs2-00004.jpg,469.748,215.746
573,207_fs2-00004.jpg,470.201,216.451
574,207_fs2-00004.jpg,470.500,217.233
575,207_fs2-00004.jpg,470.943,217.943
576,207_fs2-00004.jpg,471.250,218.722
577,207_fs2-00004.jpg,471.750,219.394
578,207_fs2-00004.jpg,472.137,220.137
579,207_fs2-00004.jpg,472.424,220.924
580,207_fs2-00004.jpg,472.828,221.657
581,207_fs2-00004.jpg,473.250,222.380
582,207_fs2-00004.jpg,473.628,223.128
583,207_fs2-00004.jpg,474.220,223.720
584,207_fs2-00004.jpg,474.500,224.509
585,207_fs2-00004.jpg,475.000,225.180
586,207_fs2-00004.jpg,475.250,225.980
587,207_fs2-00004.jpg,475.832,226.582
588,207_fs2-00004.jpg,476.250,227.307
589,207_fs2-00004.jpg,476.578,228.078
590,207_fs2-00004.jpg,477.000,228.801
591,207_fs2-00004.jpg,477.250,229.600
592,207_fs2-00004.jpg,477.420,230.420
593,207_fs2-00004.jpg,477.750,231.190
594,207_fs2-00004.jpg,478.250,231.862
595,207_fs2-00004.jpg,478.250,232.699
596,207_fs2-00004.jpg,478.500,233.498
597,207_fs2-00004.jpg,478.874,234.248
598,207_fs2-00004.jpg,479.063,235.063
599,207_fs2-00004.jpg,479.250,235.880
600,207_fs2-00004.jpg,479.444,236.694
601,207_fs2-00004.jpg,479.731,237.481
602,207_fs2-00004.jpg,480.000,238.274
603,207_fs2-00004.jpg,480.250,239.073
604,207_fs2-00004.jpg,480.250,239.911
605,207_fs2-00004.jpg,480.250,240.748
606,207_fs2-00004.jpg,480.500,241.547
607,207_fs2-00004.jpg,480.500,242.385
608,207_fs2-00004.jpg,480.750,243.184
609,207_fs2-00004.jpg,481.000,243.983
610,207_fs2-00004.jpg,481.250,244.782
611,207_fs2-00004.jpg,481.250,245.620
612,207_fs2-00004.jpg,481.250,246.457
613,207_fs2-00004.jpg,481.250,247.295
614,207_fs2-00004.jpg,481.540,248.080
615,207_fs2-00004.jpg,481.750,248.891
616,207_fs2-00004.jpg,481.953,249.703
617,207_fs2-00004.jpg,482.250,250.486
618,207_fs2-00004.jpg,482.250,251.324
619,207_fs2-00004.jpg,482.500,252.123
620,207_fs2-00004.jpg,482.689,252.939
621,207_fs2-00004.jpg,482.975,253.725
622,207_fs2-00004.jpg,483.250,254.517
623,207_fs2-00004.jpg,483.250,255.354
624,207_fs2-00004.jpg,483.250,256.191
625,207_fs2-00004.jpg,483.500,256.991
626,207_fs2-00004.jpg,483.750,257.790
627,207_fs2-00004.jpg,484.000,258.589
628,207_fs2-00004.jpg,484.161,259.411
629,207_fs2-00004.jpg,484.250,260.243
630,207_fs2-00004.jpg,484.500,261.043
631,207_fs2-00004.jpg,484.621,261.871
632,207_fs2-00004.jpg,484.908,262.658
633,207_fs2-00004.jpg,485.195,263.445
634,207_fs2-00004.jpg,485.250,264.280
635,207_fs2-00004.jpg,485.500,265.080
636,207_fs2-00004.jpg,485.653,265.903
637,207_fs2-00004.jpg,486.000,266.665
638,207_fs2-00004.jpg,486.250,267.464
639,207_fs2-00004.jpg,486.250,268.302
640,207_fs2-00004.jpg,486.500,269.101
641,207_fs2-00004.jpg,486.750,269.900
642,207_fs2-00004.jpg,487.000,270.699
643,207_fs2-00004.jpg,487.250,271.498
644,207_fs2-00004.jpg,487.500,272.298
645,207_fs2-00004.jpg,487.956,273.000
646,207_fs2-00004.jpg,488.274,273.774
647,207_fs2-00004.jpg,488.750,274.464
648,207_fs2-00004.jpg,489.250,275.135
649,207_fs2-00004.jpg,489.750,275.807
650,207_fs2-00004.jpg,490.250,276.479
651,207_fs2-00004.jpg,490.750,277.151
652,207_fs2-00004.jpg,491.250,277.822
653,207_fs2-00004.jpg,491.500,278.622
654,207_fs2-00004.jpg,492.000,279.293
655,207_fs2-00004.jpg,492.250,280.093
656,207_fs2-00004.jpg,492.758,280.758
657,207_fs2-00004.jpg,493.250,281.436
658,207_fs2-00004.jpg,493.750,282.108
659,207_fs2-00004.jpg,494.250,282.779
660,207_fs2-00004.jpg,494.721,283.471
661,207_fs2-00004.jpg,495.250,284.121
662,207_fs2-00004.jpg,495.803,284.750
663,207_fs2-00004.jpg,496.250,285.458
664,207_fs2-00004.jpg,496.937,285.937
665,207_fs2-00004.jpg,497.529,286.529
666,207_fs2-00004.jpg,498.121,287.121
667,207_fs2-00004.jpg,498.713,287.713
668,207_fs2-00004.jpg,499.417,288.167
669,207_fs2-00004.jpg,500.121,288.621
670,207_fs2-00004.jpg,500.842,289.046
671,207_fs2-00004.jpg,501.535,289.517
672,207_fs2-00004.jpg,502.250,289.953
673,207_fs2-00004.jpg,503.078,290.078
674,207_fs2-00004.jpg,503.670,290.670
675,207_fs2-00004.jpg,504.440,291.000
676,207_fs2-00004.jpg,505.242,291.242
677,207_fs2-00004.jpg,505.989,291.619
678,207_fs2-00004.jpg,506.735,292.000
679,207_fs2-00004.jpg,507.444,292.444
680,207_fs2-00004.jpg,508.148,292.898
681,207_fs2-00004.jpg,508.979,293.000
682,207_fs2-00004.jpg,509.691,293.441
683,207_fs2-00004.jpg,510.527,293.500
684,207_fs2-00004.jpg,511.364,293.500
685,207_fs2-00004.jpg,512.201,293.500
686,207_fs2-00004.jpg,513.039,293.500
687,207_fs2-00004.jpg,513.876,293.500
688,207_fs2-00004.jpg,514.691,293.309
689,207_fs2-00004.jpg,515.516,293.161
690,207_fs2-00004.jpg,516.337,293.000
691,207_fs2-00004.jpg,517.175,293.000
692,207_fs2-00004.jpg,517.938,292.656
693,207_fs2-00004.jpg,518.759,292.491
694,207_fs2-00004.jpg,519.561,292.250
695,207_fs2-00004.jpg,520.360,292.000
696,207_fs2-00004.jpg,521.198,292.000
697,207_fs2-00004.jpg,522.035,291.965
698,207_fs2-00004.jpg,522.844,291.750
699,207_fs2-00004.jpg,523.643,291.500
700,207_fs2-00004.jpg,524.442,291.250
701,207_fs2-00004.jpg,525.241,291.000
702,207_fs2-00004.jpg,526.075,290.925
703,207_fs2-00004.jpg,526.797,290.500
704,207_fs2-00004.jpg,527.571,290.179
705,207_fs2-00004.jpg,528.389,290.000
706,207_fs2-00004.jpg,529.188,289.750
707,207_fs2-00004.jpg,529.915,289.335
708,207_fs2-00004.jpg,530.683,289.000
709,207_fs2-00004.jpg,531.325,288.463
710,207_fs2-00004.jpg,532.101,288.149
711,207_fs2-00004.jpg,532.750,287.619
712,207_fs2-00004.jpg,533.314,287.000
713,207_fs2-00004.jpg,533.992,286.508
714,207_fs2-00004.jpg,534.584,285.916
715,207_fs2-00004.jpg,535.250,285.409
716,207_fs2-00004.jpg,535.886,284.864
717,207_fs2-00004.jpg,536.250,284.110
718,207_fs2-00004.jpg,536.785,283.465
719,207_fs2-00004.jpg,537.250,282.769
720,207_fs2-00004.jpg,537.523,281.977
721,207_fs2-00004.jpg,537.976,281.274
722,207_fs2-00004.jpg,538.430,280.570
723,207_fs2-00004.jpg,539.044,280.000
724,207_fs2-00004.jpg,539.614,279.386
725,207_fs2-00004.jpg,540.206,278.794
726,207_fs2-00004.jpg,540.492,278.008
727,207_fs2-00004.jpg,541.159,277.500
728,207_fs2-00004.jpg,541.510,276.740
729,207_fs2-00004.jpg,541.964,276.036
730,207_fs2-00004.jpg,542.251,275.249
731,207_fs2-00004.jpg,542.750,274.577
732,207_fs2-00004.jpg,543.250,273.905
733,207_fs2-00004.jpg,543.415,273.085
734,207_fs2-00004.jpg,543.702,272.298
735,207_fs2-00004.jpg,544.000,271.515
736,207_fs2-00004.jpg,544.250,270.716
737,207_fs2-00004.jpg,544.250,269.879
738,207_fs2-00004.jpg,544.500,269.079
739,207_fs2-00004.jpg,544.750,268.280
740,207_fs2-00004.jpg,545.000,267.481
741,207_fs2-00004.jpg,545.250,266.682
742,207_fs2-00004.jpg,545.250,265.844
743,207_fs2-00004.jpg,545.500,265.045
744,207_fs2-00004.jpg,545.750,264.246
745,207_fs2-00004.jpg,546.000,263.447
746,207_fs2-00004.jpg,546.130,262.619
747,207_fs2-00004.jpg,546.250,261.791
748,207_fs2-00004.jpg,546.500,260.991
749,207_fs2-00004.jpg,546.500,260.154
750,207_fs2-00005.jpg,456.750,203.250
751,207_fs2-00005.jpg,457.316,203.864
752,207_fs2-00005.jpg,457.883,204.477
753,207_fs2-00005.jpg,458.449,205.091
754,207_fs2-00005.jpg,459.015,205.704
755,207_fs2-00005.jpg,459.582,206.318
756,207_fs2-00005.jpg,460.063,207.000
757,207_fs2-00005.jpg,460.740,207.490
758,207_fs2-00005.jpg,461.330,208.080
759,207_fs2-00005.jpg,461.921,208.671
760,207_fs2-00005.jpg,462.623,209.123
761,207_fs2-00005.jpg,463.213,209.713
762,207_fs2-00005.jpg,463.803,210.303
763,207_fs2-00005.jpg,464.264,211.000
764,207_fs2-00005.jpg,464.960,211.460
765,207_fs2-00005.jpg,465.551,212.051
766,207_fs2-00005.jpg,466.003,212.753
767,207_fs2-00005.jpg,466.593,213.343
768,207_fs2-00005.jpg,467.184,213.934
769,207_fs2-00005.jpg,467.636,214.636
770,207_fs2-00005.jpg,468.250,215.202
771,207_fs2-00005.jpg,468.816,215.816
772,207_fs2-00005.jpg,469.268,216.518
773,207_fs2-00005.jpg,469.950,217.000
774,207_fs2-00005.jpg,470.432,217.682
775,207_fs2-00005.jpg,471.022,218.272
776,207_fs2-00005.jpg,471.474,218.974
777,207_fs2-00005.jpg,472.065,219.565
778,207_fs2-00005.jpg,472.602,220.204
779,207_fs2-00005.jpg,473.114,220.864
780,207_fs2-00005.jpg,473.704,221.454
781,207_fs2-00005.jpg,474.250,222.086
782,207_fs2-00005.jpg,474.596,222.846
783,207_fs2-00005.jpg,475.186,223.436
784,207_fs2-00005.jpg,475.777,224.027
785,207_fs2-00005.jpg,476.229,224.729
786,207_fs2-00005.jpg,476.707,225.413
787,207_fs2-00005.jpg,477.250,226.048
788,207_fs2-00005.jpg,477.738,226.725
789,207_fs2-00005.jpg,478.250,227.385
790,207_fs2-00005.jpg,478.814,228.000
791,207_fs2-00005.jpg,479.226,228.726
792,207_fs2-00005.jpg,479.500,229.515
793,207_fs2-00005.jpg,480.000,230.184
794,207_fs2-00005.jpg,480.250,230.981
795,207_fs2-00005.jpg,480.500,231.777
796,207_fs2-00005.jpg,480.750,232.574
797,207_fs2-00005.jpg,481.088,233.338
798,207_fs2-00005.jpg,481.250,234.157
799,207_fs2-00005.jpg,481.500,234.954
800,207_fs2-00005.jpg,481.923,235.673
801,207_fs2-00005.jpg,482.250,236.442
802,207_fs2-00005.jpg,482.491,237.241
803,207_fs2-00005.jpg,482.750,238.035
804,207_fs2-00005.jpg,483.000,238.832
805,207_fs2-00005.jpg,483.250,239.628
806,207_fs2-00005.jpg,483.500,240.425
807,207_fs2-00005.jpg,483.750,241.222
808,207_fs2-00005.jpg,484.014,242.014
809,207_fs2-00005.jpg,484.250,242.815
810,207_fs2-00005.jpg,484.250,243.650
811,207_fs2-00005.jpg,484.639,244.389
812,207_fs2-00005.jpg,484.750,245.216
813,207_fs2-00005.jpg,485.000,246.013
814,207_fs2-00005.jpg,485.250,246.810
815,207_fs2-00005.jpg,485.250,247.645
816,207_fs2-00005.jpg,485.361,248.472
817,207_fs2-00005.jpg,485.500,249.296
818,207_fs2-00005.jpg,485.818,250.068
819,207_fs2-00005.jpg,486.000,250.883
820,207_fs2-00005.jpg,486.250,251.679
821,207_fs2-00005.jpg,486.482,252.482
822,207_fs2-00005.jpg,486.650,253.300
823,207_fs2-00005.jpg,487.000,254.058
824,207_fs2-00005.jpg,487.000,254.893
825,207_fs2-00005.jpg,487.250,255.689
826,207_fs2-00005.jpg,487.274,256.524
827,207_fs2-00005.jpg,487.559,257.309
828,207_fs2-00005.jpg,487.750,258.122
829,207_fs2-00005.jpg,488.000,258.918
830,207_fs2-00005.jpg,488.003,259.753
831,207_fs2-00005.jpg,488.250,260.551
832,207_fs2-00005.jpg,488.500,261.348
833,207_fs2-00005.jpg,488.750,262.144
834,207_fs2-00005.jpg,488.750,262.979
835,207_fs2-00005.jpg,489.000,263.776
836,207_fs2-00005.jpg,489.055,264.609
837,207_fs2-00005.jpg,489.250,265.421
838,207_fs2-00005.jpg,489.475,266.225
839,207_fs2-00005.jpg,489.500,267.060
840,207_fs2-00005.jpg,489.750,267.857
841,207_fs2-00005.jpg,490.000,268.653
842,207_fs2-00005.jpg,490.211,269.461
843,207_fs2-00005.jpg,490.250,270.295
844,207_fs2-00005.jpg,490.250,271.130
845,207_fs2-00005.jpg,490.500,271.927
846,207_fs2-00005.jpg,490.750,272.724
847,207_fs2-00005.jpg,491.000,273.520
848,207_fs2-00005.jpg,491.250,274.317
849,207_fs2-00005.jpg,491.250,275.152
850,207_fs2-00005.jpg,491.500,275.949
851,207_fs2-00005.jpg,491.533,276.783
852,207_fs2-00005.jpg,491.750,277.589
853,207_fs2-00005.jpg,492.000,278.386
854,207_fs2-00005.jpg,492.250,279.183
855,207_fs2-00005.jpg,492.250,280.018
856,207_fs2-00005.jpg,492.347,280.847
857,207_fs2-00005.jpg,492.750,281.578
858,207_fs2-00005.jpg,493.091,282.341
859,207_fs2-00005.jpg,493.250,283.160
860,207_fs2-00005.jpg,493.646,283.896
861,207_fs2-00005.jpg,494.098,284.598
862,207_fs2-00005.jpg,494.500,285.330
863,207_fs2-00005.jpg,494.999,285.999
864,207_fs2-00005.jpg,495.250,286.795
865,207_fs2-00005.jpg,495.729,287.479
866,207_fs2-00005.jpg,496.250,288.132
867,207_fs2-00005.jpg,496.500,288.929
868,207_fs2-00005.jpg,497.109,289.500
869,207_fs2-00005.jpg,497.500,290.238
870,207_fs2-00005.jpg,498.000,290.906
871,207_fs2-00005.jpg,498.542,291.542
872,207_fs2-00005.jpg,499.000,292.240
873,207_fs2-00005.jpg,499.500,292.909
874,207_fs2-00005.jpg,500.164,293.414
875,207_fs2-00005.jpg,500.760,294.000
876,207_fs2-00005.jpg,501.250,294.676
877,207_fs2-00005.jpg,501.922,295.172
878,207_fs2-00005.jpg,502.250,295.940
879,207_fs2-00005.jpg,502.928,296.428
880,207_fs2-00005.jpg,503.380,297.130
881,207_fs2-00005.jpg,503.970,297.720
882,207_fs2-00005.jpg,504.500,298.365
883,207_fs2-00005.jpg,505.145,298.895
884,207_fs2-00005.jpg,505.750,299.471
885,207_fs2-00005.jpg,506.396,300.000
886,207_fs2-00005.jpg,507.205,300.205
887,207_fs2-00005.jpg,507.907,300.657
888,207_fs2-00005.jpg,508.669,301.000
889,207_fs2-00005.jpg,509.466,301.250
890,207_fs2-00005.jpg,510.250,301.536
891,207_fs2-00005.jpg,511.057,301.750
892,207_fs2-00005.jpg,511.854,302.000
893,207_fs2-00005.jpg,512.689,302.000
894,207_fs2-00005.jpg,513.524,302.000
895,207_fs2-00005.jpg,514.359,302.000
896,207_fs2-00005.jpg,515.194,302.000
897,207_fs2-00005.jpg,515.991,302.250
898,207_fs2-00005.jpg,516.826,302.250
899,207_fs2-00005.jpg,517.661,302.250
900,207_fs2-00005.jpg,518.496,302.250
901,207_fs2-00005.jpg,519.331,302.250
902,207_fs2-00005.jpg,520.166,302.250
903,207_fs2-00005.jpg,521.001,302.250
904,207_fs2-00005.jpg,521.797,302.000
905,207_fs2-00005.jpg,522.632,302.000
906,207_fs2-00005.jpg,523.444,301.806
907,207_fs2-00005.jpg,524.250,301.586
908,207_fs2-00005.jpg,525.070,301.430
909,207_fs2-00005.jpg,525.786,301.000
910,207_fs2-00005.jpg,526.561,300.689
911,207_fs2-00005.jpg,527.271,300.250
912,207_fs2-00005.jpg,528.068,300.000
913,207_fs2-00005.jpg,528.881,299.809
914,207_fs2-00005.jpg,529.606,299.394
915,207_fs2-00005.jpg,530.342,299.000
916,207_fs2-00005.jpg,531.100,298.650
917,207_fs2-00005.jpg,531.624,298.000
918,207_fs2-00005.jpg,532.371,297.629
919,207_fs2-00005.jpg,533.073,297.176
920,207_fs2-00005.jpg,533.776,296.724
921,207_fs2-00005.jpg,534.250,296.037
922,207_fs2-00005.jpg,534.889,295.500
923,207_fs2-00005.jpg,535.406,294.844
924,207_fs2-00005.jpg,535.996,294.254
925,207_fs2-00005.jpg,536.281,293.469
926,207_fs2-00005.jpg,536.872,292.878
927,207_fs2-00005.jpg,537.250,292.134
928,207_fs2-00005.jpg,537.770,291.480
929,207_fs2-00005.jpg,538.250,290.797
930,207_fs2-00005.jpg,538.500,290.001
931,207_fs2-00006.jpg,447.250,184.000
932,207_fs2-00006.jpg,447.511,184.730
933,207_fs2-00006.jpg,447.771,185.460
934,207_fs2-00006.jpg,448.032,186.190
935,207_fs2-00006.jpg,448.293,186.919
936,207_fs2-00006.jpg,448.621,187.621
937,207_fs2-00006.jpg,449.169,188.169
938,207_fs2-00006.jpg,449.407,188.907
939,207_fs2-00006.jpg,450.000,189.406
940,207_fs2-00006.jpg,450.499,189.999
941,207_fs2-00006.jpg,451.157,190.407
942,207_fs2-00006.jpg,451.657,191.000
943,207_fs2-00006.jpg,452.121,191.621
944,207_fs2-00006.jpg,452.529,192.279
945,207_fs2-00006.jpg,452.815,193.000
946,207_fs2-00006.jpg,453.250,193.641
947,207_fs2-00006.jpg,453.588,194.338
948,207_fs2-00006.jpg,453.997,194.997
949,207_fs2-00006.jpg,454.250,195.730
950,207_fs2-00006.jpg,454.788,196.288
951,207_fs2-00006.jpg,455.196,196.946
952,207_fs2-00006.jpg,455.462,197.674
953,207_fs2-00006.jpg,455.991,198.241
954,207_fs2-00006.jpg,456.250,198.971
955,207_fs2-00006.jpg,456.783,199.533
956,207_fs2-00006.jpg,457.250,200.152
957,207_fs2-00006.jpg,457.596,200.846
958,207_fs2-00006.jpg,458.178,201.357
959,207_fs2-00006.jpg,458.542,202.042
960,207_fs2-00006.jpg,458.969,202.688
961,207_fs2-00006.jpg,459.501,203.252
962,207_fs2-00006.jpg,459.910,203.910
963,207_fs2-00006.jpg,460.522,204.386
964,207_fs2-00006.jpg,461.124,204.874
965,207_fs2-00006.jpg,461.672,205.422
966,207_fs2-00006.jpg,462.220,205.970
967,207_fs2-00006.jpg,462.762,206.524
968,207_fs2-00006.jpg,463.250,207.126
969,207_fs2-00006.jpg,463.388,207.888
970,207_fs2-00006.jpg,463.797,208.547
971,207_fs2-00006.jpg,464.250,209.175
972,207_fs2-00006.jpg,464.500,209.909
973,207_fs2-00006.jpg,465.122,210.372
974,207_fs2-00006.jpg,465.359,211.109
975,207_fs2-00006.jpg,465.768,211.768
976,207_fs2-00006.jpg,466.250,212.375
977,207_fs2-00006.jpg,466.732,212.982
978,207_fs2-00006.jpg,467.140,213.640
979,207_fs2-00006.jpg,467.688,214.188
980,207_fs2-00006.jpg,468.097,214.847
981,207_fs2-00006.jpg,468.335,215.585
982,207_fs2-00006.jpg,468.989,216.000
983,207_fs2-00006.jpg,469.241,216.733
984,207_fs2-00006.jpg,469.684,217.369
985,207_fs2-00006.jpg,470.051,218.051
986,207_fs2-00006.jpg,470.289,218.789
987,207_fs2-00006.jpg,470.837,219.337
988,207_fs2-00006.jpg,471.247,219.994
989,207_fs2-00006.jpg,471.779,220.558
990,207_fs2-00006.jpg,472.250,221.174
991,207_fs2-00006.jpg,472.610,221.860
992,207_fs2-00006.jpg,473.188,222.376
993,207_fs2-00006.jpg,473.687,222.969
994,207_fs2-00006.jpg,474.115,223.615
995,207_fs2-00006.jpg,474.415,224.330
996,207_fs2-00006.jpg,474.919,224.919
997,207_fs2-00006.jpg,475.361,225.555
998,207_fs2-00006.jpg,475.997,225.997
999,207_fs2-00006.jpg,476.345,226.690
1000,207_fs2-00006.jpg,477.028,227.056
1001,207_fs2-00006.jpg,477.287,227.787
1002,207_fs2-00006.jpg,477.945,228.195
1003,207_fs2-00006.jpg,478.354,228.854
1004,207_fs2-00006.jpg,478.934,229.368
1005,207_fs2-00006.jpg,479.250,230.075
1006,207_fs2-00006.jpg,479.500,230.809
1007,207_fs2-00006.jpg,479.965,231.429
1008,207_fs2-00006.jpg,480.250,232.150
1009,207_fs2-00006.jpg,480.500,232.883
1010,207_fs2-00006.jpg,480.799,233.598
1011,207_fs2-00006.jpg,481.250,234.228
1012,207_fs2-00006.jpg,481.323,235.000
1013,207_fs2-00006.jpg,481.750,235.647
1014,207_fs2-00006.jpg,482.092,236.342
1015,207_fs2-00006.jpg,482.250,237.101
1016,207_fs2-00006.jpg,482.500,237.835
1017,207_fs2-00006.jpg,482.799,238.549
1018,207_fs2-00006.jpg,483.208,239.208
1019,207_fs2-00006.jpg,483.250,239.982
1020,207_fs2-00006.jpg,483.647,240.647
1021,207_fs2-00006.jpg,484.000,241.337
1022,207_fs2-00006.jpg,484.250,242.071
1023,207_fs2-00006.jpg,484.500,242.804
1024,207_fs2-00006.jpg,484.766,243.532
1025,207_fs2-00006.jpg,485.185,244.185
1026,207_fs2-00006.jpg,485.250,244.957
1027,207_fs2-00006.jpg,485.500,245.690
1028,207_fs2-00006.jpg,486.000,246.283
1029,207_fs2-00006.jpg,486.250,247.016
1030,207_fs2-00006.jpg,486.500,247.750
1031,207_fs2-00006.jpg,486.846,248.443
1032,207_fs2-00006.jpg,487.250,249.105
1033,207_fs2-00006.jpg,487.250,249.880
1034,207_fs2-00006.jpg,487.647,250.545
1035,207_fs2-00006.jpg,487.990,251.240
1036,207_fs2-00006.jpg,488.228,251.978
1037,207_fs2-00006.jpg,488.370,252.740
1038,207_fs2-00006.jpg,488.503,253.503
1039,207_fs2-00006.jpg,488.912,254.162
1040,207_fs2-00006.jpg,489.149,254.899
1041,207_fs2-00006.jpg,489.250,255.668
1042,207_fs2-00006.jpg,489.500,256.401
1043,207_fs2-00006.jpg,489.992,257.000
1044,207_fs2-00006.jpg,490.236,257.736
1045,207_fs2-00006.jpg,490.250,258.511
1046,207_fs2-00006.jpg,490.500,259.244
1047,207_fs2-00006.jpg,490.750,259.978
1048,207_fs2-00006.jpg,491.000,260.711
1049,207_fs2-00006.jpg,491.250,261.445
1050,207_fs2-00006.jpg,491.500,262.178
1051,207_fs2-00006.jpg,491.750,262.912
1052,207_fs2-00006.jpg,492.061,263.622
1053,207_fs2-00006.jpg,492.250,264.373
1054,207_fs2-00006.jpg,492.250,265.148
1055,207_fs2-00006.jpg,492.500,265.882
1056,207_fs2-00006.jpg,492.832,266.582
1057,207_fs2-00006.jpg,493.241,267.241
1058,207_fs2-00006.jpg,493.250,268.016
1059,207_fs2-00006.jpg,493.499,268.749
1060,207_fs2-00006.jpg,493.500,269.524
1061,207_fs2-00006.jpg,493.750,270.258
1062,207_fs2-00006.jpg,493.750,271.033
1063,207_fs2-00006.jpg,493.750,271.808
1064,207_fs2-00006.jpg,494.000,272.542
1065,207_fs2-00006.jpg,494.000,273.317
1066,207_fs2-00006.jpg,494.000,274.092
1067,207_fs2-00006.jpg,494.109,274.859
1068,207_fs2-00006.jpg,494.250,275.621
1069,207_fs2-00006.jpg,494.250,276.396
1070,207_fs2-00006.jpg,494.250,277.171
1071,207_fs2-00006.jpg,494.250,277.946
1072,207_fs2-00006.jpg,494.250,278.721
1073,207_fs2-00006.jpg,494.250,279.496
1074,207_fs2-00006.jpg,494.250,280.271
1075,207_fs2-00006.jpg,494.250,281.046
1076,207_fs2-00006.jpg,494.250,281.821
1077,207_fs2-00006.jpg,494.250,282.596
1078,207_fs2-00006.jpg,494.250,283.371
1079,207_fs2-00006.jpg,494.250,284.146
1080,207_fs2-00006.jpg,494.250,284.921
1081,207_fs2-00006.jpg,494.250,285.696
1082,207_fs2-00006.jpg,494.250,286.471
1083,207_fs2-00006.jpg,494.250,287.246
1084,207_fs2-00006.jpg,494.250,288.021
1085,207_fs2-00006.jpg,494.250,288.796
1086,207_fs2-00006.jpg,494.500,289.530
1087,207_fs2-00006.jpg,494.750,290.263
1088,207_fs2-00006.jpg,494.750,291.038
1089,207_fs2-00006.jpg,495.000,291.772
1090,207_fs2-00006.jpg,495.250,292.505
1091,207_fs2-00006.jpg,495.250,293.280
1092,207_fs2-00006.jpg,495.250,294.055
1093,207_fs2-00006.jpg,495.500,294.789
1094,207_fs2-00006.jpg,495.767,295.517
1095,207_fs2-00006.jpg,496.250,296.122
1096,207_fs2-00006.jpg,496.250,296.897
1097,207_fs2-00006.jpg,496.250,297.672
1098,207_fs2-00006.jpg,496.500,298.406
1099,207_fs2-00006.jpg,496.848,299.098
1100,207_fs2-00006.jpg,497.250,299.761
1101,207_fs2-00006.jpg,497.500,300.495
1102,207_fs2-00006.jpg,498.045,301.045
1103,207_fs2-00006.jpg,498.283,301.783
1104,207_fs2-00006.jpg,498.831,302.331
1105,207_fs2-00006.jpg,499.250,302.983
1106,207_fs2-00006.jpg,499.902,303.402
1107,207_fs2-00006.jpg,500.310,304.060
1108,207_fs2-00006.jpg,500.858,304.608
1109,207_fs2-00006.jpg,501.406,305.156
1110,207_fs2-00006.jpg,501.954,305.704
1111,207_fs2-00006.jpg,502.613,306.113
1112,207_fs2-00006.jpg,503.250,306.555
1113,207_fs2-00006.jpg,503.750,307.147
1114,207_fs2-00006.jpg,504.440,307.500
1115,207_fs2-00007.jpg,445.500,163.833
1116,207_fs2-00007.jpg,445.671,164.632
1117,207_fs2-00007.jpg,445.842,165.432
1118,207_fs2-00007.jpg,446.014,166.231
1119,207_fs2-00007.jpg,446.185,167.030
1120,207_fs2-00007.jpg,446.356,167.829
1121,207_fs2-00007.jpg,446.500,168.634
1122,207_fs2-00007.jpg,446.746,169.413
1123,207_fs2-00007.jpg,446.833,170.226
1124,207_fs2-00007.jpg,447.167,170.972
1125,207_fs2-00007.jpg,447.167,171.789
1126,207_fs2-00007.jpg,447.500,172.535
1127,207_fs2-00007.jpg,447.833,173.282
1128,207_fs2-00007.jpg,447.833,174.099
1129,207_fs2-00007.jpg,448.167,174.845
1130,207_fs2-00007.jpg,448.167,175.662
1131,207_fs2-00007.jpg,448.500,176.409
1132,207_fs2-00007.jpg,448.500,177.226
1133,207_fs2-00007.jpg,448.833,177.972
1134,207_fs2-00007.jpg,449.084,178.750
1135,207_fs2-00007.jpg,449.222,179.556
1136,207_fs2-00007.jpg,449.609,180.276
1137,207_fs2-00007.jpg,449.833,181.062
1138,207_fs2-00007.jpg,449.833,181.879
1139,207_fs2-00007.jpg,450.167,182.625
1140,207_fs2-00007.jpg,450.447,183.393
1141,207_fs2-00007.jpg,450.798,184.131
1142,207_fs2-00007.jpg,451.167,184.860
1143,207_fs2-00007.jpg,451.167,185.678
1144,207_fs2-00007.jpg,451.167,186.495
1145,207_fs2-00007.jpg,451.658,187.148
1146,207_fs2-00007.jpg,452.104,187.833
1147,207_fs2-00007.jpg,452.500,188.548
1148,207_fs2-00007.jpg,452.500,189.365
1149,207_fs2-00007.jpg,452.516,190.182
1150,207_fs2-00007.jpg,452.903,190.903
1151,207_fs2-00007.jpg,453.289,191.623
1152,207_fs2-00007.jpg,453.833,192.232
1153,207_fs2-00007.jpg,454.027,193.027
1154,207_fs2-00007.jpg,454.413,193.747
1155,207_fs2-00007.jpg,454.813,194.459
1156,207_fs2-00007.jpg,455.167,195.196
1157,207_fs2-00007.jpg,455.679,195.833
1158,207_fs2-00007.jpg,456.160,196.494
1159,207_fs2-00007.jpg,456.547,197.214
1160,207_fs2-00007.jpg,457.125,197.792
1161,207_fs2-00007.jpg,457.532,198.500
1162,207_fs2-00007.jpg,457.898,199.231
1163,207_fs2-00007.jpg,458.500,199.784
1164,207_fs2-00007.jpg,459.167,200.256
1165,207_fs2-00007.jpg,459.500,201.003
1166,207_fs2-00007.jpg,459.990,201.657
1167,207_fs2-00007.jpg,460.500,202.295
1168,207_fs2-00007.jpg,460.634,203.102
1169,207_fs2-00007.jpg,460.998,203.833
1170,207_fs2-00007.jpg,461.488,204.488
1171,207_fs2-00007.jpg,461.833,205.229
1172,207_fs2-00007.jpg,462.167,205.975
1173,207_fs2-00007.jpg,462.641,206.641
1174,207_fs2-00007.jpg,463.167,207.266
1175,207_fs2-00007.jpg,463.387,208.053
1176,207_fs2-00007.jpg,463.773,208.773
1177,207_fs2-00007.jpg,464.167,209.490
1178,207_fs2-00007.jpg,464.500,210.236
1179,207_fs2-00007.jpg,465.112,210.778
1180,207_fs2-00007.jpg,465.689,211.356
1181,207_fs2-00007.jpg,465.833,212.161
1182,207_fs2-00007.jpg,466.408,212.742
1183,207_fs2-00007.jpg,466.833,213.440
1184,207_fs2-00007.jpg,467.167,214.186
1185,207_fs2-00007.jpg,467.754,214.754
1186,207_fs2-00007.jpg,468.088,215.500
1187,207_fs2-00007.jpg,468.561,216.167
1188,207_fs2-00007.jpg,469.259,216.592
1189,207_fs2-00007.jpg,469.833,217.173
1190,207_fs2-00007.jpg,470.167,217.920
1191,207_fs2-00007.jpg,470.742,218.500
1192,207_fs2-00007.jpg,471.167,219.198
1193,207_fs2-00007.jpg,471.681,219.833
1194,207_fs2-00007.jpg,472.161,220.495
1195,207_fs2-00007.jpg,472.627,221.167
1196,207_fs2-00007.jpg,473.299,221.632
1197,207_fs2-00007.jpg,473.833,222.250
1198,207_fs2-00007.jpg,474.167,222.996
1199,207_fs2-00007.jpg,474.653,223.653
1200,207_fs2-00007.jpg,475.231,224.231
1201,207_fs2-00007.jpg,475.833,224.783
1202,207_fs2-00007.jpg,476.535,225.202
1203,207_fs2-00007.jpg,476.922,225.922
1204,207_fs2-00007.jpg,477.642,226.309
1205,207_fs2-00007.jpg,478.362,226.695
1206,207_fs2-00007.jpg,478.833,227.363
1207,207_fs2-00007.jpg,479.339,228.005
1208,207_fs2-00007.jpg,479.917,228.583
1209,207_fs2-00007.jpg,480.500,229.156
1210,207_fs2-00007.jpg,481.167,229.629
1211,207_fs2-00007.jpg,481.633,230.300
1212,207_fs2-00007.jpg,482.211,230.878
1213,207_fs2-00007.jpg,482.789,231.456
1214,207_fs2-00007.jpg,483.167,232.180
1215,207_fs2-00007.jpg,483.562,232.896
1216,207_fs2-00007.jpg,484.167,233.446
1217,207_fs2-00007.jpg,484.517,234.184
1218,207_fs2-00007.jpg,485.095,234.762
1219,207_fs2-00007.jpg,485.500,235.472
1220,207_fs2-00007.jpg,485.868,236.202
1221,207_fs2-00007.jpg,486.500,236.720
1222,207_fs2-00007.jpg,487.167,237.193
1223,207_fs2-00007.jpg,487.500,237.939
1224,207_fs2-00007.jpg,488.095,238.500
1225,207_fs2-00007.jpg,488.500,239.210
1226,207_fs2-00007.jpg,488.914,239.914
1227,207_fs2-00007.jpg,489.492,240.492
1228,207_fs2-00007.jpg,489.879,241.212
1229,207_fs2-00007.jpg,490.500,241.743
1230,207_fs2-00007.jpg,491.031,242.364
1231,207_fs2-00007.jpg,491.500,243.034
1232,207_fs2-00007.jpg,492.008,243.674
1233,207_fs2-00007.jpg,492.500,244.327
1234,207_fs2-00007.jpg,492.833,245.073
1235,207_fs2-00007.jpg,493.519,245.519
1236,207_fs2-00007.jpg,493.833,246.273
1237,207_fs2-00007.jpg,494.462,246.795
1238,207_fs2-00007.jpg,494.833,247.523
1239,207_fs2-00007.jpg,495.167,248.269
1240,207_fs2-00007.jpg,495.500,249.016
1241,207_fs2-00007.jpg,495.833,249.762
1242,207_fs2-00007.jpg,496.184,250.500
1243,207_fs2-00007.jpg,496.500,251.254
1244,207_fs2-00007.jpg,496.833,252.000
1245,207_fs2-00007.jpg,497.104,252.771
1246,207_fs2-00007.jpg,497.491,253.491
1247,207_fs2-00007.jpg,497.500,254.308
1248,207_fs2-00007.jpg,497.833,255.055
1249,207_fs2-00007.jpg,497.833,255.872
1250,207_fs2-00007.jpg,497.833,256.689
1251,207_fs2-00007.jpg,498.121,257.454
1252,207_fs2-00007.jpg,498.167,258.270
1253,207_fs2-00007.jpg,498.500,259.017
1254,207_fs2-00007.jpg,498.529,259.833
1255,207_fs2-00007.jpg,498.833,260.592
1256,207_fs2-00007.jpg,498.833,261.409
1257,207_fs2-00007.jpg,499.167,262.155
1258,207_fs2-00007.jpg,499.167,262.973
1259,207_fs2-00007.jpg,499.167,263.790
1260,207_fs2-00007.jpg,499.167,264.607
1261,207_fs2-00007.jpg,499.167,265.425
1262,207_fs2-00007.jpg,499.239,266.239
1263,207_fs2-00007.jpg,499.500,267.013
1264,207_fs2-00007.jpg,499.500,267.831
1265,207_fs2-00007.jpg,499.500,268.648
1266,207_fs2-00007.jpg,499.500,269.465
1267,207_fs2-00007.jpg,499.833,270.211
1268,207_fs2-00007.jpg,499.833,271.029
1269,207_fs2-00007.jpg,499.833,271.846
1270,207_fs2-00007.jpg,499.833,272.663
1271,207_fs2-00007.jpg,499.833,273.481
1272,207_fs2-00007.jpg,499.833,274.298
1273,207_fs2-00007.jpg,499.833,275.115
1274,207_fs2-00007.jpg,499.833,275.932
1275,207_fs2-00007.jpg,499.833,276.750
1276,207_fs2-00007.jpg,499.509,277.500
1277,207_fs2-00007.jpg,499.500,278.317
1278,207_fs2-00007.jpg,499.241,279.092
1279,207_fs2-00007.jpg,499.167,279.906
1280,207_fs2-00007.jpg,499.167,280.724
1281,207_fs2-00007.jpg,498.833,281.470
1282,207_fs2-00007.jpg,498.466,282.200
1283,207_fs2-00007.jpg,498.167,282.961
1284,207_fs2-00007.jpg,497.833,283.707
1285,207_fs2-00007.jpg,497.833,284.524
1286,207_fs2-00007.jpg,497.833,285.341
1287,207_fs2-00007.jpg,497.556,286.110
1288,207_fs2-00007.jpg,497.170,286.830
1289,207_fs2-00007.jpg,497.167,287.648
1290,207_fs2-00007.jpg,496.833,288.394
1291,207_fs2-00007.jpg,496.567,289.167
1292,207_fs2-00007.jpg,496.500,289.981
1293,207_fs2-00007.jpg,496.999,289.334
1294,207_fs2-00007.jpg,497.356,288.599
1295,207_fs2-00008.jpg,447.833,148.833
1296,207_fs2-00008.jpg,447.708,149.648
1297,207_fs2-00008.jpg,447.583,150.464
1298,207_fs2-00008.jpg,447.457,151.279
1299,207_fs2-00008.jpg,447.332,152.094
1300,207_fs2-00008.jpg,447.206,152.909
1301,207_fs2-00008.jpg,447.167,153.733
1302,207_fs2-00008.jpg,447.167,154.557
1303,207_fs2-00008.jpg,447.167,155.382
1304,207_fs2-00008.jpg,447.167,156.207
1305,207_fs2-00008.jpg,447.167,157.031
1306,207_fs2-00008.jpg,447.167,157.856
1307,207_fs2-00008.jpg,447.167,158.681
1308,207_fs2-00008.jpg,447.167,159.506
1309,207_fs2-00008.jpg,447.167,160.330
1310,207_fs2-00008.jpg,447.167,161.155
1311,207_fs2-00008.jpg,446.833,161.909
1312,207_fs2-00008.jpg,446.833,162.734
1313,207_fs2-00008.jpg,446.833,163.559
1314,207_fs2-00008.jpg,446.833,164.383
1315,207_fs2-00008.jpg,446.833,165.208
1316,207_fs2-00008.jpg,446.833,166.033
1317,207_fs2-00008.jpg,446.833,166.857
1318,207_fs2-00008.jpg,446.833,167.682
1319,207_fs2-00008.jpg,446.833,168.507
1320,207_fs2-00008.jpg,446.833,169.332
1321,207_fs2-00008.jpg,446.833,170.156
1322,207_fs2-00008.jpg,447.167,170.911
1323,207_fs2-00008.jpg,447.167,171.735
1324,207_fs2-00008.jpg,447.167,172.560
1325,207_fs2-00008.jpg,447.167,173.385
1326,207_fs2-00008.jpg,447.167,174.209
1327,207_fs2-00008.jpg,447.167,175.034
1328,207_fs2-00008.jpg,447.167,175.859
1329,207_fs2-00008.jpg,447.167,176.683
1330,207_fs2-00008.jpg,447.283,177.500
1331,207_fs2-00008.jpg,447.500,178.296
1332,207_fs2-00008.jpg,447.833,179.050
1333,207_fs2-00008.jpg,448.091,179.833
1334,207_fs2-00008.jpg,448.500,180.549
1335,207_fs2-00008.jpg,448.500,181.374
1336,207_fs2-00008.jpg,448.500,182.199
1337,207_fs2-00008.jpg,448.672,183.005
1338,207_fs2-00008.jpg,448.833,183.814
1339,207_fs2-00008.jpg,448.962,184.629
1340,207_fs2-00008.jpg,449.167,185.428
1341,207_fs2-00008.jpg,449.500,186.182
1342,207_fs2-00008.jpg,449.833,186.936
1343,207_fs2-00008.jpg,450.062,187.729
1344,207_fs2-00008.jpg,450.454,188.454
1345,207_fs2-00008.jpg,450.869,189.167
1346,207_fs2-00008.jpg,451.167,189.936
1347,207_fs2-00008.jpg,451.500,190.690
1348,207_fs2-00008.jpg,452.007,191.341
1349,207_fs2-00008.jpg,452.167,192.150
1350,207_fs2-00008.jpg,452.500,192.904
1351,207_fs2-00008.jpg,452.703,193.703
1352,207_fs2-00008.jpg,452.916,194.500
1353,207_fs2-00008.jpg,453.253,195.253
1354,207_fs2-00008.jpg,453.833,195.839
1355,207_fs2-00008.jpg,453.983,196.650
1356,207_fs2-00008.jpg,454.500,197.292
1357,207_fs2-00008.jpg,454.970,197.970
1358,207_fs2-00008.jpg,455.500,198.602
1359,207_fs2-00008.jpg,455.956,199.289
1360,207_fs2-00008.jpg,456.500,199.909
1361,207_fs2-00008.jpg,456.707,200.707
1362,207_fs2-00008.jpg,457.290,201.290
1363,207_fs2-00008.jpg,457.741,201.981
1364,207_fs2-00008.jpg,458.070,202.737
1365,207_fs2-00008.jpg,458.477,203.454
1366,207_fs2-00008.jpg,459.049,204.049
1367,207_fs2-00008.jpg,459.441,204.774
1368,207_fs2-00008.jpg,460.024,205.357
1369,207_fs2-00008.jpg,460.500,206.031
1370,207_fs2-00008.jpg,461.178,206.500
1371,207_fs2-00008.jpg,461.833,207.001
1372,207_fs2-00008.jpg,462.111,207.778
1373,207_fs2-00008.jpg,462.694,208.361
1374,207_fs2-00008.jpg,463.086,209.086
1375,207_fs2-00008.jpg,463.669,209.669
1376,207_fs2-00008.jpg,464.062,210.395
1377,207_fs2-00008.jpg,464.500,211.093
1378,207_fs2-00008.jpg,465.167,211.579
1379,207_fs2-00008.jpg,465.788,212.121
1380,207_fs2-00008.jpg,466.204,212.833
1381,207_fs2-00008.jpg,466.958,213.167
1382,207_fs2-00008.jpg,467.476,213.809
1383,207_fs2-00008.jpg,467.926,214.500
1384,207_fs2-00008.jpg,468.680,214.833
1385,207_fs2-00008.jpg,469.335,215.335
1386,207_fs2-00008.jpg,469.992,215.833
1387,207_fs2-00008.jpg,470.490,216.490
1388,207_fs2-00008.jpg,470.962,217.167
1389,207_fs2-00008.jpg,471.638,217.638
1390,207_fs2-00008.jpg,472.222,218.222
1391,207_fs2-00008.jpg,472.947,218.614
1392,207_fs2-00008.jpg,473.673,219.006
1393,207_fs2-00008.jpg,474.256,219.589
1394,207_fs2-00008.jpg,474.981,219.981
1395,207_fs2-00008.jpg,475.373,220.707
1396,207_fs2-00008.jpg,476.058,221.167
1397,207_fs2-00008.jpg,476.500,221.863
1398,207_fs2-00008.jpg,477.098,222.431
1399,207_fs2-00008.jpg,477.823,222.823
1400,207_fs2-00008.jpg,478.215,223.549
1401,207_fs2-00008.jpg,478.941,223.941
1402,207_fs2-00008.jpg,479.333,224.666
1403,207_fs2-00008.jpg,479.916,225.249
1404,207_fs2-00008.jpg,480.500,225.832
1405,207_fs2-00008.jpg,480.984,226.500
1406,207_fs2-00008.jpg,481.487,227.153
1407,207_fs2-00008.jpg,481.879,227.879
1408,207_fs2-00008.jpg,482.462,228.462
1409,207_fs2-00008.jpg,483.045,229.045
1410,207_fs2-00008.jpg,483.437,229.771
1411,207_fs2-00008.jpg,484.021,230.354
1412,207_fs2-00008.jpg,484.500,231.025
1413,207_fs2-00008.jpg,484.833,231.779
1414,207_fs2-00008.jpg,485.539,232.206
1415,207_fs2-00008.jpg,485.931,232.931
1416,207_fs2-00008.jpg,486.687,233.260
1417,207_fs2-00008.jpg,487.222,233.889
1418,207_fs2-00008.jpg,487.805,234.472
1419,207_fs2-00008.jpg,488.388,235.055
1420,207_fs2-00008.jpg,488.780,235.780
1421,207_fs2-00008.jpg,489.509,236.167
1422,207_fs2-00008.jpg,489.895,236.895
1423,207_fs2-00008.jpg,490.621,237.287
1424,207_fs2-00008.jpg,490.833,238.084
1425,207_fs2-00008.jpg,491.374,238.707
1426,207_fs2-00008.jpg,491.957,239.290
1427,207_fs2-00008.jpg,492.578,239.833
1428,207_fs2-00008.jpg,493.167,240.411
1429,207_fs2-00008.jpg,493.703,241.037
1430,207_fs2-00008.jpg,494.287,241.620
1431,207_fs2-00008.jpg,494.870,242.203
1432,207_fs2-00008.jpg,495.453,242.786
1433,207_fs2-00008.jpg,495.845,243.512
1434,207_fs2-00008.jpg,496.500,244.013
1435,207_fs2-00008.jpg,496.786,244.786
1436,207_fs2-00008.jpg,497.369,245.369
1437,207_fs2-00008.jpg,497.762,246.095
1438,207_fs2-00008.jpg,498.154,246.820
1439,207_fs2-00008.jpg,498.500,247.569
1440,207_fs2-00008.jpg,498.833,248.323
1441,207_fs2-00008.jpg,499.130,249.093
1442,207_fs2-00008.jpg,499.243,249.910
1443,207_fs2-00008.jpg,499.635,250.635
1444,207_fs2-00008.jpg,500.167,251.266
1445,207_fs2-00008.jpg,500.500,252.020
1446,207_fs2-00008.jpg,500.500,252.845
1447,207_fs2-00008.jpg,500.655,253.655
1448,207_fs2-00008.jpg,500.833,254.460
1449,207_fs2-00008.jpg,501.167,255.214
1450,207_fs2-00008.jpg,501.351,256.018
1451,207_fs2-00008.jpg,501.500,256.829
1452,207_fs2-00008.jpg,501.500,257.654
1453,207_fs2-00008.jpg,501.500,258.479
1454,207_fs2-00008.jpg,501.833,259.233
1455,207_fs2-00008.jpg,501.833,260.058
1456,207_fs2-00008.jpg,501.833,260.882
1457,207_fs2-00008.jpg,501.833,261.707
1458,207_fs2-00008.jpg,501.833,262.532
1459,207_fs2-00008.jpg,501.833,263.356
1460,207_fs2-00008.jpg,501.833,264.181
1461,207_fs2-00008.jpg,501.833,265.006
1462,207_fs2-00008.jpg,501.833,265.831
1463,207_fs2-00008.jpg,501.833,266.655
1464,207_fs2-00008.jpg,501.833,267.480
1465,207_fs2-00008.jpg,501.833,268.305
1466,207_fs2-00008.jpg,501.833,269.129
1467,207_fs2-00008.jpg,501.833,269.954
1468,207_fs2-00008.jpg,501.833,270.779
1469,207_fs2-00008.jpg,501.833,271.603
1470,207_fs2-00008.jpg,501.833,272.428
1471,207_fs2-00008.jpg,501.833,273.253
1472,207_fs2-00008.jpg,501.833,274.078
1473,207_fs2-00008.jpg,501.833,274.902
1474,207_fs2-00008.jpg,501.833,275.727
1475,207_fs2-00008.jpg,501.833,276.552
1476,207_fs2-00008.jpg,501.833,277.376
1477,207_fs2-00008.jpg,501.833,278.201
1478,207_fs2-00008.jpg,501.833,277.376
1479,207_fs2-00008.jpg,501.833,276.552
1480,207_fs2-00009.jpg,447.167,132.500
1481,207_fs2-00009.jpg,446.869,133.273
1482,207_fs2-00009.jpg,446.572,134.046
1483,207_fs2-00009.jpg,446.275,134.819
1484,207_fs2-00009.jpg,445.978,135.592
1485,207_fs2-00009.jpg,445.680,136.365
1486,207_fs2-00009.jpg,445.500,137.173
1487,207_fs2-00009.jpg,445.500,138.001
1488,207_fs2-00009.jpg,445.500,138.829
1489,207_fs2-00009.jpg,445.500,139.657
1490,207_fs2-00009.jpg,445.500,140.485
1491,207_fs2-00009.jpg,445.500,141.313
1492,207_fs2-00009.jpg,445.500,142.141
1493,207_fs2-00009.jpg,445.167,142.899
1494,207_fs2-00009.jpg,445.167,143.727
1495,207_fs2-00009.jpg,445.167,144.556
1496,207_fs2-00009.jpg,445.167,145.384
1497,207_fs2-00009.jpg,445.167,146.212
1498,207_fs2-00009.jpg,445.167,147.040
1499,207_fs2-00009.jpg,445.167,147.868
1500,207_fs2-00009.jpg,445.167,148.696
1501,207_fs2-00009.jpg,445.167,149.524
1502,207_fs2-00009.jpg,445.167,150.352
1503,207_fs2-00009.jpg,445.167,151.180
1504,207_fs2-00009.jpg,445.167,152.008
1505,207_fs2-00009.jpg,445.167,152.837
1506,207_fs2-00009.jpg,445.167,153.665
1507,207_fs2-00009.jpg,445.167,154.493
1508,207_fs2-00009.jpg,445.167,155.321
1509,207_fs2-00009.jpg,445.167,156.149
1510,207_fs2-00009.jpg,445.167,156.977
1511,207_fs2-00009.jpg,445.167,157.805
1512,207_fs2-00009.jpg,445.167,158.633
1513,207_fs2-00009.jpg,445.167,159.461
1514,207_fs2-00009.jpg,445.167,160.289
1515,207_fs2-00009.jpg,445.167,161.118
1516,207_fs2-00009.jpg,445.167,161.946
1517,207_fs2-00009.jpg,445.167,162.774
1518,207_fs2-00009.jpg,445.167,163.602
1519,207_fs2-00009.jpg,445.167,164.430
1520,207_fs2-00009.jpg,445.167,165.258
1521,207_fs2-00009.jpg,445.389,166.056
1522,207_fs2-00009.jpg,445.500,166.876
1523,207_fs2-00009.jpg,445.500,167.704
1524,207_fs2-00009.jpg,445.500,168.533
1525,207_fs2-00009.jpg,445.500,169.361
1526,207_fs2-00009.jpg,445.500,170.189
1527,207_fs2-00009.jpg,445.500,171.017
1528,207_fs2-00009.jpg,445.833,171.775
1529,207_fs2-00009.jpg,445.833,172.603
1530,207_fs2-00009.jpg,446.167,173.361
1531,207_fs2-00009.jpg,446.189,174.189
1532,207_fs2-00009.jpg,446.500,174.956
1533,207_fs2-00009.jpg,446.500,175.784
1534,207_fs2-00009.jpg,446.500,176.613
1535,207_fs2-00009.jpg,446.833,177.371
1536,207_fs2-00009.jpg,446.865,178.198
1537,207_fs2-00009.jpg,447.167,178.969
1538,207_fs2-00009.jpg,447.500,179.727
1539,207_fs2-00009.jpg,447.833,180.485
1540,207_fs2-00009.jpg,448.218,181.218
1541,207_fs2-00009.jpg,448.500,181.997
1542,207_fs2-00009.jpg,448.934,182.702
1543,207_fs2-00009.jpg,449.167,183.497
1544,207_fs2-00009.jpg,449.396,184.293
1545,207_fs2-00009.jpg,449.500,185.114
1546,207_fs2-00009.jpg,449.833,185.872
1547,207_fs2-00009.jpg,449.833,186.700
1548,207_fs2-00009.jpg,450.167,187.458
1549,207_fs2-00009.jpg,450.500,188.216
1550,207_fs2-00009.jpg,450.689,189.023
1551,207_fs2-00009.jpg,451.167,189.699
1552,207_fs2-00009.jpg,451.681,190.348
1553,207_fs2-00009.jpg,451.833,191.162
1554,207_fs2-00009.jpg,452.167,191.920
1555,207_fs2-00009.jpg,452.385,192.719
1556,207_fs2-00009.jpg,452.833,193.415
1557,207_fs2-00009.jpg,453.171,194.171
1558,207_fs2-00009.jpg,453.566,194.899
1559,207_fs2-00009.jpg,454.152,195.485
1560,207_fs2-00009.jpg,454.546,196.213
1561,207_fs2-00009.jpg,455.095,196.833
1562,207_fs2-00009.jpg,455.500,197.555
1563,207_fs2-00009.jpg,455.930,198.263
1564,207_fs2-00009.jpg,456.325,198.991
1565,207_fs2-00009.jpg,456.910,199.577
1566,207_fs2-00009.jpg,457.167,200.364
1567,207_fs2-00009.jpg,457.680,201.014
1568,207_fs2-00009.jpg,458.075,201.742
1569,207_fs2-00009.jpg,458.661,202.327
1570,207_fs2-00009.jpg,458.833,203.137
1571,207_fs2-00009.jpg,459.551,203.551
1572,207_fs2-00009.jpg,459.833,204.329
1573,207_fs2-00009.jpg,460.327,204.994
1574,207_fs2-00009.jpg,460.722,205.722
1575,207_fs2-00009.jpg,461.307,206.307
1576,207_fs2-00009.jpg,461.893,206.893
1577,207_fs2-00009.jpg,462.479,207.479
1578,207_fs2-00009.jpg,462.873,208.207
1579,207_fs2-00009.jpg,463.459,208.792
1580,207_fs2-00009.jpg,464.044,209.378
1581,207_fs2-00009.jpg,464.772,209.772
1582,207_fs2-00009.jpg,465.358,210.358
1583,207_fs2-00009.jpg,466.086,210.753
1584,207_fs2-00009.jpg,466.500,211.470
1585,207_fs2-00009.jpg,467.217,211.884
1586,207_fs2-00009.jpg,467.803,212.469
1587,207_fs2-00009.jpg,468.546,212.833
1588,207_fs2-00009.jpg,469.305,213.167
1589,207_fs2-00009.jpg,469.980,213.646
1590,207_fs2-00009.jpg,470.624,214.167
1591,207_fs2-00009.jpg,471.382,214.500
1592,207_fs2-00009.jpg,471.833,215.194
1593,207_fs2-00009.jpg,472.500,215.685
1594,207_fs2-00009.jpg,472.833,216.443
1595,207_fs2-00009.jpg,473.500,216.935
1596,207_fs2-00009.jpg,473.958,217.625
1597,207_fs2-00009.jpg,474.500,218.251
1598,207_fs2-00009.jpg,474.833,219.009
1599,207_fs2-00009.jpg,475.500,219.500
1600,207_fs2-00009.jpg,475.833,220.258
1601,207_fs2-00009.jpg,476.463,220.796
1602,207_fs2-00009.jpg,477.167,221.232
1603,207_fs2-00009.jpg,477.736,221.833
1604,207_fs2-00009.jpg,478.494,222.167
1605,207_fs2-00009.jpg,478.893,222.893
1606,207_fs2-00009.jpg,479.500,223.456
1607,207_fs2-00009.jpg,480.212,223.879
1608,207_fs2-00009.jpg,480.797,224.464
1609,207_fs2-00009.jpg,481.500,224.903
1610,207_fs2-00009.jpg,482.167,225.394
1611,207_fs2-00009.jpg,482.697,226.030
1612,207_fs2-00009.jpg,483.282,226.616
1613,207_fs2-00009.jpg,483.833,227.234
1614,207_fs2-00009.jpg,484.037,228.037
1615,207_fs2-00009.jpg,484.622,228.622
1616,207_fs2-00009.jpg,485.208,229.208
1617,207_fs2-00009.jpg,485.750,229.833
1618,207_fs2-00009.jpg,486.500,230.185
1619,207_fs2-00009.jpg,486.906,230.906
1620,207_fs2-00009.jpg,487.500,231.483
1621,207_fs2-00009.jpg,488.077,232.077
1622,207_fs2-00009.jpg,488.472,232.805
1623,207_fs2-00009.jpg,489.167,233.256
1624,207_fs2-00009.jpg,489.760,233.833
1625,207_fs2-00009.jpg,490.500,234.205
1626,207_fs2-00009.jpg,491.104,234.771
1627,207_fs2-00009.jpg,491.832,235.167
1628,207_fs2-00009.jpg,492.167,235.924
1629,207_fs2-00009.jpg,492.618,236.618
1630,207_fs2-00009.jpg,493.167,237.239
1631,207_fs2-00009.jpg,493.607,237.940
1632,207_fs2-00009.jpg,494.192,238.526
1633,207_fs2-00009.jpg,494.500,239.295
1634,207_fs2-00009.jpg,495.129,239.833
1635,207_fs2-00009.jpg,495.500,240.574
1636,207_fs2-00009.jpg,495.833,241.332
1637,207_fs2-00009.jpg,496.167,242.090
1638,207_fs2-00009.jpg,496.833,242.581
1639,207_fs2-00009.jpg,497.167,243.339
1640,207_fs2-00009.jpg,497.831,243.833
1641,207_fs2-00009.jpg,497.981,244.648
1642,207_fs2-00009.jpg,498.376,245.376
1643,207_fs2-00009.jpg,498.500,246.194
1644,207_fs2-00009.jpg,498.671,247.005
1645,207_fs2-00009.jpg,498.833,247.817
1646,207_fs2-00009.jpg,499.217,248.551
1647,207_fs2-00009.jpg,499.770,249.167
1648,207_fs2-00009.jpg,499.833,249.992
1649,207_fs2-00009.jpg,499.833,250.820
1650,207_fs2-00009.jpg,500.167,251.579
1651,207_fs2-00009.jpg,500.379,252.379
1652,207_fs2-00009.jpg,500.500,253.198
1653,207_fs2-00009.jpg,500.674,254.008
1654,207_fs2-00009.jpg,500.833,254.820
1655,207_fs2-00009.jpg,500.970,255.637
1656,207_fs2-00009.jpg,501.167,256.442
1657,207_fs2-00009.jpg,501.167,257.270
1658,207_fs2-00009.jpg,501.167,258.098
1659,207_fs2-00009.jpg,501.167,258.926
1660,207_fs2-00009.jpg,501.500,259.684
1661,207_fs2-00010.jpg,452.833,120.500
1662,207_fs2-00010.jpg,452.409,121.227
1663,207_fs2-00010.jpg,451.985,121.955
1664,207_fs2-00010.jpg,451.560,122.682
1665,207_fs2-00010.jpg,451.136,123.410
1666,207_fs2-00010.jpg,450.712,124.137
1667,207_fs2-00010.jpg,450.237,124.833
1668,207_fs2-00010.jpg,449.833,125.572
1669,207_fs2-00010.jpg,449.383,126.284
1670,207_fs2-00010.jpg,449.167,127.098
1671,207_fs2-00010.jpg,448.807,127.860
1672,207_fs2-00010.jpg,448.402,128.598
1673,207_fs2-00010.jpg,447.997,129.336
1674,207_fs2-00010.jpg,447.833,130.162
1675,207_fs2-00010.jpg,447.431,130.902
1676,207_fs2-00010.jpg,447.026,131.641
1677,207_fs2-00010.jpg,446.833,132.461
1678,207_fs2-00010.jpg,446.500,133.234
1679,207_fs2-00010.jpg,446.500,134.076
1680,207_fs2-00010.jpg,446.155,134.845
1681,207_fs2-00010.jpg,445.626,135.500
1682,207_fs2-00010.jpg,445.500,136.333
1683,207_fs2-00010.jpg,445.167,137.106
1684,207_fs2-00010.jpg,445.167,137.948
1685,207_fs2-00010.jpg,444.833,138.722
1686,207_fs2-00010.jpg,444.833,139.564
1687,207_fs2-00010.jpg,444.500,140.337
1688,207_fs2-00010.jpg,444.167,141.111
1689,207_fs2-00010.jpg,444.055,141.945
1690,207_fs2-00010.jpg,443.833,142.758
1691,207_fs2-00010.jpg,443.833,143.600
1692,207_fs2-00010.jpg,443.833,144.443
1693,207_fs2-00010.jpg,443.500,145.216
1694,207_fs2-00010.jpg,443.500,146.058
1695,207_fs2-00010.jpg,443.168,146.832
1696,207_fs2-00010.jpg,443.167,147.674
1697,207_fs2-00010.jpg,442.871,148.463
1698,207_fs2-00010.jpg,442.833,149.304
1699,207_fs2-00010.jpg,442.564,150.102
1700,207_fs2-00010.jpg,442.500,150.942
1701,207_fs2-00010.jpg,442.500,151.784
1702,207_fs2-00010.jpg,442.500,152.626
1703,207_fs2-00010.jpg,442.500,153.469
1704,207_fs2-00010.jpg,442.500,154.311
1705,207_fs2-00010.jpg,442.500,155.153
1706,207_fs2-00010.jpg,442.167,155.926
1707,207_fs2-00010.jpg,442.167,156.769
1708,207_fs2-00010.jpg,441.833,157.542
1709,207_fs2-00010.jpg,441.833,158.384
1710,207_fs2-00010.jpg,441.833,159.226
1711,207_fs2-00010.jpg,441.833,160.069
1712,207_fs2-00010.jpg,441.833,160.911
1713,207_fs2-00010.jpg,441.833,161.753
1714,207_fs2-00010.jpg,441.833,162.595
1715,207_fs2-00010.jpg,441.833,163.437
1716,207_fs2-00010.jpg,441.833,164.280
1717,207_fs2-00010.jpg,441.833,165.122
1718,207_fs2-00010.jpg,441.833,165.964
1719,207_fs2-00010.jpg,441.833,166.806
1720,207_fs2-00010.jpg,442.167,167.580
1721,207_fs2-00010.jpg,442.167,168.422
1722,207_fs2-00010.jpg,442.500,169.195
1723,207_fs2-00010.jpg,442.500,170.037
1724,207_fs2-00010.jpg,442.500,170.880
1725,207_fs2-00010.jpg,442.833,171.653
1726,207_fs2-00010.jpg,443.114,172.447
1727,207_fs2-00010.jpg,443.274,173.274
1728,207_fs2-00010.jpg,443.500,174.085
1729,207_fs2-00010.jpg,443.833,174.859
1730,207_fs2-00010.jpg,443.833,175.701
1731,207_fs2-00010.jpg,443.875,176.542
1732,207_fs2-00010.jpg,444.471,177.138
1733,207_fs2-00010.jpg,444.631,177.964
1734,207_fs2-00010.jpg,444.833,178.782
1735,207_fs2-00010.jpg,445.167,179.555
1736,207_fs2-00010.jpg,445.372,180.372
1737,207_fs2-00010.jpg,445.777,181.111
1738,207_fs2-00010.jpg,445.937,181.937
1739,207_fs2-00010.jpg,446.343,182.676
1740,207_fs2-00010.jpg,446.503,183.503
1741,207_fs2-00010.jpg,446.833,184.277
1742,207_fs2-00010.jpg,447.254,185.007
1743,207_fs2-00010.jpg,447.500,185.812
1744,207_fs2-00010.jpg,447.996,186.493
1745,207_fs2-00010.jpg,448.284,187.284
1746,207_fs2-00010.jpg,448.880,187.880
1747,207_fs2-00010.jpg,449.167,188.672
1748,207_fs2-00010.jpg,449.833,189.186
1749,207_fs2-00010.jpg,450.251,189.918
1750,207_fs2-00010.jpg,450.500,190.722
1751,207_fs2-00010.jpg,450.830,191.497
1752,207_fs2-00010.jpg,451.450,192.067
1753,207_fs2-00010.jpg,451.822,192.822
1754,207_fs2-00010.jpg,452.167,193.591
1755,207_fs2-00010.jpg,452.782,194.167
1756,207_fs2-00010.jpg,453.167,194.916
1757,207_fs2-00010.jpg,453.500,195.689
1758,207_fs2-00010.jpg,453.833,196.462
1759,207_fs2-00010.jpg,454.500,196.977
1760,207_fs2-00010.jpg,454.774,197.774
1761,207_fs2-00010.jpg,455.179,198.512
1762,207_fs2-00010.jpg,455.833,199.042
1763,207_fs2-00010.jpg,456.167,199.815
1764,207_fs2-00010.jpg,456.833,200.330
1765,207_fs2-00010.jpg,457.167,201.103
1766,207_fs2-00010.jpg,457.730,201.730
1767,207_fs2-00010.jpg,458.450,202.167
1768,207_fs2-00010.jpg,458.651,202.984
1769,207_fs2-00010.jpg,459.247,203.580
1770,207_fs2-00010.jpg,459.833,204.184
1771,207_fs2-00010.jpg,460.250,204.916
1772,207_fs2-00010.jpg,460.833,205.523
1773,207_fs2-00010.jpg,461.253,206.253
1774,207_fs2-00010.jpg,461.849,206.849
1775,207_fs2-00010.jpg,462.383,207.500
1776,207_fs2-00010.jpg,462.898,208.167
1777,207_fs2-00010.jpg,463.671,208.500
1778,207_fs2-00010.jpg,464.342,209.009
1779,207_fs2-00010.jpg,464.938,209.604
1780,207_fs2-00010.jpg,465.565,210.167
1781,207_fs2-00010.jpg,466.380,210.380
1782,207_fs2-00010.jpg,466.785,211.118
1783,207_fs2-00010.jpg,467.535,211.500
1784,207_fs2-00010.jpg,468.261,211.928
1785,207_fs2-00010.jpg,468.879,212.500
1786,207_fs2-00010.jpg,469.652,212.833
1787,207_fs2-00010.jpg,470.426,213.167
1788,207_fs2-00010.jpg,471.057,213.724
1789,207_fs2-00010.jpg,471.796,214.129
1790,207_fs2-00010.jpg,472.534,214.534
1791,207_fs2-00010.jpg,473.167,215.090
1792,207_fs2-00010.jpg,473.876,215.543
1793,207_fs2-00010.jpg,474.472,216.139
1794,207_fs2-00010.jpg,475.067,216.734
1795,207_fs2-00010.jpg,475.833,217.085
1796,207_fs2-00010.jpg,476.386,217.720
1797,207_fs2-00010.jpg,477.100,218.167
1798,207_fs2-00010.jpg,477.861,218.528
1799,207_fs2-00010.jpg,478.457,219.123
1800,207_fs2-00010.jpg,479.195,219.528
1801,207_fs2-00010.jpg,479.790,220.124
1802,207_fs2-00010.jpg,480.244,220.833
1803,207_fs2-00010.jpg,481.056,221.056
1804,207_fs2-00010.jpg,481.461,221.795
1805,207_fs2-00010.jpg,482.217,222.167
1806,207_fs2-00010.jpg,482.937,222.604
1807,207_fs2-00010.jpg,483.563,223.167
1808,207_fs2-00010.jpg,484.278,223.612
1809,207_fs2-00010.jpg,484.912,224.167
1810,207_fs2-00010.jpg,485.467,224.800
1811,207_fs2-00010.jpg,486.062,225.396
1812,207_fs2-00010.jpg,486.500,226.115
1813,207_fs2-00010.jpg,487.220,226.553
1814,207_fs2-00010.jpg,487.815,227.148
1815,207_fs2-00010.jpg,488.305,227.833
1816,207_fs2-00010.jpg,488.827,228.494
1817,207_fs2-00010.jpg,489.334,229.167
1818,207_fs2-00010.jpg,489.849,229.833
1819,207_fs2-00010.jpg,490.500,230.368
1820,207_fs2-00010.jpg,491.026,231.026
1821,207_fs2-00010.jpg,491.500,231.721
1822,207_fs2-00010.jpg,491.833,232.495
1823,207_fs2-00010.jpg,492.235,233.235
1824,207_fs2-00010.jpg,492.640,233.973
1825,207_fs2-00010.jpg,493.167,234.631
1826,207_fs2-00010.jpg,493.167,235.473
1827,207_fs2-00010.jpg,493.304,236.304
1828,207_fs2-00010.jpg,493.833,236.959
1829,207_fs2-00010.jpg,494.167,237.732
1830,207_fs2-00010.jpg,494.500,238.506
1831,207_fs2-00010.jpg,494.665,239.332
1832,207_fs2-00010.jpg,495.167,240.008
1833,207_fs2-00010.jpg,495.500,240.782
1834,207_fs2-00010.jpg,495.833,241.555
1835,207_fs2-00010.jpg,496.167,242.329
1836,207_fs2-00010.jpg,496.167,243.171
1837,207_fs2-00010.jpg,496.500,243.944
1838,207_fs2-00010.jpg,496.500,244.786
1839,207_fs2-00010.jpg,496.620,245.620
1840,207_fs2-00010.jpg,496.833,246.435
1841,207_fs2-00010.jpg,496.833,245.592
1842,207_fs2-00010.jpg,496.833,244.750
1843,207_fs2-00011.jpg,462.500,111.500
1844,207_fs2-00011.jpg,461.914,112.003
1845,207_fs2-00011.jpg,461.327,112.505
1846,207_fs2-00011.jpg,460.741,113.008
1847,207_fs2-00011.jpg,460.155,113.510
1848,207_fs2-00011.jpg,459.568,114.013
1849,207_fs2-00011.jpg,458.982,114.516
1850,207_fs2-00011.jpg,458.395,115.018
1851,207_fs2-00011.jpg,457.792,115.500
1852,207_fs2-00011.jpg,457.267,116.066
1853,207_fs2-00011.jpg,456.913,116.753
1854,207_fs2-00011.jpg,456.536,117.427
1855,207_fs2-00011.jpg,456.009,117.991
1856,207_fs2-00011.jpg,455.655,118.678
1857,207_fs2-00011.jpg,455.302,119.365
1858,207_fs2-00011.jpg,454.833,119.978
1859,207_fs2-00011.jpg,454.500,120.675
1860,207_fs2-00011.jpg,454.167,121.372
1861,207_fs2-00011.jpg,453.833,122.068
1862,207_fs2-00011.jpg,453.339,122.661
1863,207_fs2-00011.jpg,453.167,123.414
1864,207_fs2-00011.jpg,452.833,124.111
1865,207_fs2-00011.jpg,452.500,124.808
1866,207_fs2-00011.jpg,451.833,125.198
1867,207_fs2-00011.jpg,451.833,125.970
1868,207_fs2-00011.jpg,451.223,126.443
1869,207_fs2-00011.jpg,450.870,127.130
1870,207_fs2-00011.jpg,450.517,127.817
1871,207_fs2-00011.jpg,450.417,128.583
1872,207_fs2-00011.jpg,449.871,129.129
1873,207_fs2-00011.jpg,449.500,129.806
1874,207_fs2-00011.jpg,449.165,130.502
1875,207_fs2-00011.jpg,448.811,131.189
1876,207_fs2-00011.jpg,448.167,131.614
1877,207_fs2-00011.jpg,447.833,132.310
1878,207_fs2-00011.jpg,447.615,133.051
1879,207_fs2-00011.jpg,447.262,133.738
1880,207_fs2-00011.jpg,446.909,134.425
1881,207_fs2-00011.jpg,446.555,135.111
1882,207_fs2-00011.jpg,446.500,135.882
1883,207_fs2-00011.jpg,446.167,136.578
1884,207_fs2-00011.jpg,445.763,137.237
1885,207_fs2-00011.jpg,445.500,137.963
1886,207_fs2-00011.jpg,445.167,138.660
1887,207_fs2-00011.jpg,445.167,139.432
1888,207_fs2-00011.jpg,444.860,140.140
1889,207_fs2-00011.jpg,444.506,140.827
1890,207_fs2-00011.jpg,444.167,141.521
1891,207_fs2-00011.jpg,443.833,142.218
1892,207_fs2-00011.jpg,443.833,142.990
1893,207_fs2-00011.jpg,443.606,143.728
1894,207_fs2-00011.jpg,443.500,144.493
1895,207_fs2-00011.jpg,443.030,145.106
1896,207_fs2-00011.jpg,442.833,145.853
1897,207_fs2-00011.jpg,442.500,146.549
1898,207_fs2-00011.jpg,442.500,147.322
1899,207_fs2-00011.jpg,442.375,148.084
1900,207_fs2-00011.jpg,442.167,148.827
1901,207_fs2-00011.jpg,441.833,149.524
1902,207_fs2-00011.jpg,441.500,150.221
1903,207_fs2-00011.jpg,441.422,150.989
1904,207_fs2-00011.jpg,441.167,151.718
1905,207_fs2-00011.jpg,441.167,152.490
1906,207_fs2-00011.jpg,441.167,153.263
1907,207_fs2-00011.jpg,440.986,154.014
1908,207_fs2-00011.jpg,440.833,154.771
1909,207_fs2-00011.jpg,440.522,155.478
1910,207_fs2-00011.jpg,440.500,156.249
1911,207_fs2-00011.jpg,440.167,156.946
1912,207_fs2-00011.jpg,440.167,157.718
1913,207_fs2-00011.jpg,440.167,158.491
1914,207_fs2-00011.jpg,439.833,159.187
1915,207_fs2-00011.jpg,439.833,159.960
1916,207_fs2-00011.jpg,439.833,160.732
1917,207_fs2-00011.jpg,439.833,161.504
1918,207_fs2-00011.jpg,439.833,162.277
1919,207_fs2-00011.jpg,439.833,163.049
1920,207_fs2-00011.jpg,439.833,163.821
1921,207_fs2-00011.jpg,439.833,164.594
1922,207_fs2-00011.jpg,439.833,165.366
1923,207_fs2-00011.jpg,439.833,166.138
1924,207_fs2-00011.jpg,439.833,166.910
1925,207_fs2-00011.jpg,439.833,167.683
1926,207_fs2-00011.jpg,440.081,168.414
1927,207_fs2-00011.jpg,440.167,169.182
1928,207_fs2-00011.jpg,440.500,169.878
1929,207_fs2-00011.jpg,440.500,170.651
1930,207_fs2-00011.jpg,440.833,171.347
1931,207_fs2-00011.jpg,440.833,172.120
1932,207_fs2-00011.jpg,441.167,172.816
1933,207_fs2-00011.jpg,441.167,173.589
1934,207_fs2-00011.jpg,441.500,174.285
1935,207_fs2-00011.jpg,441.833,174.982
1936,207_fs2-00011.jpg,442.055,175.722
1937,207_fs2-00011.jpg,442.167,176.486
1938,207_fs2-00011.jpg,442.500,177.183
1939,207_fs2-00011.jpg,442.613,177.947
1940,207_fs2-00011.jpg,442.967,178.633
1941,207_fs2-00011.jpg,443.320,179.320
1942,207_fs2-00011.jpg,443.673,180.007
1943,207_fs2-00011.jpg,443.833,180.762
1944,207_fs2-00011.jpg,443.833,181.535
1945,207_fs2-00011.jpg,444.209,182.209
1946,207_fs2-00011.jpg,444.500,182.925
1947,207_fs2-00011.jpg,444.912,183.578
1948,207_fs2-00011.jpg,445.167,184.307
1949,207_fs2-00011.jpg,445.167,185.079
1950,207_fs2-00011.jpg,445.500,185.776
1951,207_fs2-00011.jpg,445.833,186.473
1952,207_fs2-00011.jpg,446.167,187.169
1953,207_fs2-00011.jpg,446.500,187.866
1954,207_fs2-00011.jpg,446.500,188.638
1955,207_fs2-00011.jpg,446.940,189.273
1956,207_fs2-00011.jpg,447.486,189.819
1957,207_fs2-00011.jpg,447.833,190.509
1958,207_fs2-00011.jpg,448.167,191.206
1959,207_fs2-00011.jpg,448.732,191.732
1960,207_fs2-00011.jpg,449.167,192.370
1961,207_fs2-00011.jpg,449.785,192.833
1962,207_fs2-00011.jpg,450.170,193.503
1963,207_fs2-00011.jpg,450.523,194.190
1964,207_fs2-00011.jpg,450.950,194.833
1965,207_fs2-00011.jpg,451.435,195.434
1966,207_fs2-00011.jpg,451.833,196.096
1967,207_fs2-00011.jpg,452.343,196.676
1968,207_fs2-00011.jpg,452.889,197.222
1969,207_fs2-00011.jpg,453.167,197.943
1970,207_fs2-00011.jpg,453.589,198.589
1971,207_fs2-00011.jpg,453.943,199.276
1972,207_fs2-00011.jpg,454.500,199.811
1973,207_fs2-00011.jpg,454.838,200.505
1974,207_fs2-00011.jpg,455.500,200.903
1975,207_fs2-00011.jpg,455.833,201.600
1976,207_fs2-00011.jpg,456.250,202.250
1977,207_fs2-00011.jpg,456.796,202.796
1978,207_fs2-00011.jpg,457.342,203.342
1979,207_fs2-00011.jpg,457.906,203.870
1980,207_fs2-00011.jpg,458.500,204.364
1981,207_fs2-00011.jpg,459.113,204.833
1982,207_fs2-00011.jpg,459.685,205.352
1983,207_fs2-00011.jpg,459.833,206.110
1984,207_fs2-00011.jpg,460.500,206.500
1985,207_fs2-00011.jpg,461.167,206.890
1986,207_fs2-00011.jpg,461.556,207.556
1987,207_fs2-00011.jpg,462.103,208.103
1988,207_fs2-00011.jpg,462.500,208.765
1989,207_fs2-00011.jpg,463.162,209.162
1990,207_fs2-00011.jpg,463.833,209.544
1991,207_fs2-00011.jpg,464.291,210.167
1992,207_fs2-00011.jpg,464.987,210.500
1993,207_fs2-00011.jpg,465.451,211.118
1994,207_fs2-00011.jpg,466.122,211.500
1995,207_fs2-00011.jpg,466.512,212.167
1996,207_fs2-00011.jpg,467.194,212.528
1997,207_fs2-00011.jpg,467.833,212.962
1998,207_fs2-00011.jpg,468.508,213.337
1999,207_fs2-00011.jpg,469.129,213.796
2000,207_fs2-00011.jpg,469.807,214.167
2001,207_fs2-00011.jpg,470.503,214.503
2002,207_fs2-00011.jpg,471.049,215.049
2003,207_fs2-00011.jpg,471.675,215.500
2004,207_fs2-00011.jpg,472.295,215.961
2005,207_fs2-00011.jpg,472.848,216.500
2006,207_fs2-00011.jpg,473.545,216.833
2007,207_fs2-00011.jpg,474.216,217.216
2008,207_fs2-00011.jpg,474.762,217.762
2009,207_fs2-00011.jpg,475.420,218.167
2010,207_fs2-00011.jpg,476.004,218.671
2011,207_fs2-00011.jpg,476.550,219.217
2012,207_fs2-00011.jpg,477.167,219.683
2013,207_fs2-00011.jpg,477.796,220.130
2014,207_fs2-00011.jpg,478.342,220.676
2015,207_fs2-00011.jpg,478.939,221.167
2016,207_fs2-00011.jpg,479.688,221.355
2017,207_fs2-00011.jpg,480.234,221.901
2018,207_fs2-00011.jpg,480.959,222.167
2019,207_fs2-00011.jpg,481.599,222.599
2020,207_fs2-00011.jpg,482.286,222.952
2021,207_fs2-00011.jpg,482.832,223.498
2022,207_fs2-00011.jpg,483.598,223.598
2023,207_fs2-00011.jpg,484.144,224.144
2024,207_fs2-00011.jpg,484.690,224.690
2025,207_fs2-00011.jpg,485.297,225.167
2026,207_fs2-00012.jpg,474.500,108.833
2027,207_fs2-00012.jpg,473.705,109.098
2028,207_fs2-00012.jpg,472.910,109.363
2029,207_fs2-00012.jpg,472.115,109.628
2030,207_fs2-00012.jpg,471.320,109.893
2031,207_fs2-00012.jpg,470.525,110.158
2032,207_fs2-00012.jpg,469.729,110.424
2033,207_fs2-00012.jpg,468.934,110.689
2034,207_fs2-00012.jpg,468.139,110.954
2035,207_fs2-00012.jpg,467.344,111.219
2036,207_fs2-00012.jpg,466.549,111.484
2037,207_fs2-00012.jpg,465.754,111.749
2038,207_fs2-00012.jpg,465.061,112.220
2039,207_fs2-00012.jpg,464.311,112.594
2040,207_fs2-00012.jpg,463.611,113.055
2041,207_fs2-00012.jpg,462.788,113.212
2042,207_fs2-00012.jpg,462.195,113.805
2043,207_fs2-00012.jpg,461.439,114.167
2044,207_fs2-00012.jpg,460.627,114.373
2045,207_fs2-00012.jpg,459.927,114.833
2046,207_fs2-00012.jpg,459.289,115.377
2047,207_fs2-00012.jpg,458.554,115.780
2048,207_fs2-00012.jpg,458.152,116.515
2049,207_fs2-00012.jpg,457.377,116.833
2050,207_fs2-00012.jpg,456.849,117.484
2051,207_fs2-00012.jpg,456.167,117.971
2052,207_fs2-00012.jpg,455.387,118.279
2053,207_fs2-00012.jpg,454.833,118.908
2054,207_fs2-00012.jpg,454.240,119.500
2055,207_fs2-00012.jpg,453.612,120.055
2056,207_fs2-00012.jpg,453.167,120.765
2057,207_fs2-00012.jpg,452.609,121.391
2058,207_fs2-00012.jpg,452.016,121.984
2059,207_fs2-00012.jpg,451.500,122.644
2060,207_fs2-00012.jpg,450.845,123.167
2061,207_fs2-00012.jpg,450.436,123.898
2062,207_fs2-00012.jpg,450.033,124.633
2063,207_fs2-00012.jpg,449.387,125.167
2064,207_fs2-00012.jpg,448.854,125.813
2065,207_fs2-00012.jpg,448.167,126.293
2066,207_fs2-00012.jpg,447.833,127.062
2067,207_fs2-00012.jpg,447.295,127.705
2068,207_fs2-00012.jpg,446.833,128.404
2069,207_fs2-00012.jpg,446.486,129.167
2070,207_fs2-00012.jpg,445.900,129.766
2071,207_fs2-00012.jpg,445.308,130.359
2072,207_fs2-00012.jpg,445.151,131.182
2073,207_fs2-00012.jpg,444.558,131.775
2074,207_fs2-00012.jpg,444.138,132.500
2075,207_fs2-00012.jpg,443.833,133.281
2076,207_fs2-00012.jpg,443.361,133.973
2077,207_fs2-00012.jpg,442.833,134.624
2078,207_fs2-00012.jpg,442.578,135.422
2079,207_fs2-00012.jpg,442.421,136.246
2080,207_fs2-00012.jpg,441.833,136.843
2081,207_fs2-00012.jpg,441.500,137.612
2082,207_fs2-00012.jpg,441.167,138.381
2083,207_fs2-00012.jpg,440.845,139.155
2084,207_fs2-00012.jpg,440.500,139.919
2085,207_fs2-00012.jpg,440.167,140.688
2086,207_fs2-00012.jpg,439.833,141.457
2087,207_fs2-00012.jpg,439.460,142.207
2088,207_fs2-00012.jpg,439.167,142.992
2089,207_fs2-00012.jpg,438.668,143.666
2090,207_fs2-00012.jpg,438.500,144.487
2091,207_fs2-00012.jpg,438.500,145.325
2092,207_fs2-00012.jpg,438.167,146.094
2093,207_fs2-00012.jpg,437.833,146.863
2094,207_fs2-00012.jpg,437.833,147.701
2095,207_fs2-00012.jpg,437.795,148.538
2096,207_fs2-00012.jpg,437.500,149.323
2097,207_fs2-00012.jpg,437.221,150.113
2098,207_fs2-00012.jpg,437.167,150.949
2099,207_fs2-00012.jpg,437.167,151.787
2100,207_fs2-00012.jpg,437.167,152.625
2101,207_fs2-00012.jpg,436.833,153.394
2102,207_fs2-00012.jpg,436.833,154.232
2103,207_fs2-00012.jpg,436.833,155.070
2104,207_fs2-00012.jpg,436.761,155.905
2105,207_fs2-00012.jpg,436.500,156.702
2106,207_fs2-00012.jpg,436.500,157.540
2107,207_fs2-00012.jpg,436.167,158.309
2108,207_fs2-00012.jpg,436.167,159.147
2109,207_fs2-00012.jpg,436.167,159.985
2110,207_fs2-00012.jpg,436.167,160.823
2111,207_fs2-00012.jpg,436.167,161.661
2112,207_fs2-00012.jpg,436.167,162.499
2113,207_fs2-00012.jpg,436.167,163.337
2114,207_fs2-00012.jpg,436.167,164.176
2115,207_fs2-00012.jpg,436.167,165.014
2116,207_fs2-00012.jpg,436.167,165.852
2117,207_fs2-00012.jpg,436.167,166.690
2118,207_fs2-00012.jpg,436.167,167.528
2119,207_fs2-00012.jpg,436.167,168.366
2120,207_fs2-00012.jpg,436.167,169.204
2121,207_fs2-00012.jpg,436.167,170.042
2122,207_fs2-00012.jpg,436.167,170.880
2123,207_fs2-00012.jpg,436.500,171.649
2124,207_fs2-00012.jpg,436.774,172.441
2125,207_fs2-00012.jpg,437.167,173.182
2126,207_fs2-00012.jpg,437.167,174.020
2127,207_fs2-00012.jpg,437.369,174.833
2128,207_fs2-00012.jpg,437.630,175.630
2129,207_fs2-00012.jpg,438.032,176.365
2130,207_fs2-00012.jpg,438.500,177.060
2131,207_fs2-00012.jpg,438.563,177.896
2132,207_fs2-00012.jpg,439.167,178.477
2133,207_fs2-00012.jpg,439.643,179.167
2134,207_fs2-00012.jpg,439.833,179.983
2135,207_fs2-00012.jpg,440.167,180.752
2136,207_fs2-00012.jpg,440.833,181.260
2137,207_fs2-00012.jpg,441.167,182.029
2138,207_fs2-00012.jpg,441.500,182.798
2139,207_fs2-00012.jpg,441.957,183.500
2140,207_fs2-00012.jpg,442.500,184.139
2141,207_fs2-00012.jpg,442.969,184.833
2142,207_fs2-00012.jpg,443.500,185.482
2143,207_fs2-00012.jpg,443.983,186.167
2144,207_fs2-00012.jpg,444.496,186.829
2145,207_fs2-00012.jpg,444.998,187.500
2146,207_fs2-00012.jpg,445.500,188.171
2147,207_fs2-00012.jpg,446.014,188.833
2148,207_fs2-00012.jpg,446.500,189.516
2149,207_fs2-00012.jpg,447.029,190.167
2150,207_fs2-00012.jpg,447.515,190.849
2151,207_fs2-00012.jpg,448.043,191.500
2152,207_fs2-00012.jpg,448.521,192.188
2153,207_fs2-00012.jpg,449.056,192.833
2154,207_fs2-00012.jpg,449.500,193.544
2155,207_fs2-00012.jpg,450.061,194.167
2156,207_fs2-00012.jpg,450.500,194.881
2157,207_fs2-00012.jpg,451.065,195.500
2158,207_fs2-00012.jpg,451.500,196.216
2159,207_fs2-00012.jpg,452.067,196.833
2160,207_fs2-00012.jpg,452.531,197.531
2161,207_fs2-00012.jpg,453.124,198.124
2162,207_fs2-00012.jpg,453.500,198.873
2163,207_fs2-00012.jpg,454.056,199.500
2164,207_fs2-00012.jpg,454.500,200.211
2165,207_fs2-00012.jpg,455.061,200.833
2166,207_fs2-00012.jpg,455.704,201.371
2167,207_fs2-00012.jpg,456.106,202.106
2168,207_fs2-00012.jpg,456.846,202.500
2169,207_fs2-00012.jpg,457.354,203.167
2170,207_fs2-00012.jpg,458.015,203.682
2171,207_fs2-00012.jpg,458.608,204.274
2172,207_fs2-00012.jpg,459.232,204.833
2173,207_fs2-00012.jpg,459.833,205.417
2174,207_fs2-00012.jpg,460.500,205.925
2175,207_fs2-00012.jpg,461.167,206.433
2176,207_fs2-00012.jpg,461.725,207.058
2177,207_fs2-00012.jpg,462.437,207.500
2178,207_fs2-00012.jpg,462.879,208.212
2179,207_fs2-00012.jpg,463.614,208.614
2180,207_fs2-00012.jpg,464.350,209.016
2181,207_fs2-00012.jpg,465.034,209.500
2182,207_fs2-00012.jpg,465.803,209.833
2183,207_fs2-00012.jpg,466.500,210.299
2184,207_fs2-00012.jpg,467.167,210.807
2185,207_fs2-00012.jpg,467.892,211.226
2186,207_fs2-00012.jpg,468.684,211.500
2187,207_fs2-00012.jpg,469.347,212.013
2188,207_fs2-00012.jpg,470.082,212.416
2189,207_fs2-00012.jpg,470.809,212.833
2190,207_fs2-00012.jpg,471.553,213.219
2191,207_fs2-00012.jpg,471.955,213.955
2192,207_fs2-00012.jpg,472.766,214.167
2193,207_fs2-00012.jpg,473.273,214.833
2194,207_fs2-00012.jpg,474.042,215.167
2195,207_fs2-00012.jpg,474.694,215.694
2196,207_fs2-00012.jpg,475.386,216.167
2197,207_fs2-00012.jpg,476.033,216.699
2198,207_fs2-00012.jpg,476.856,216.856
2199,207_fs2-00012.jpg,477.393,217.500
2200,207_fs2-00012.jpg,478.162,217.833
2201,207_fs2-00012.jpg,478.931,218.167
