 ,Image,X (cm),Y (cm)
1,206_fs3-00001.jpg,226.250,416.000
2,206_fs3-00001.jpg,226.802,416.158
3,206_fs3-00001.jpg,227.353,416.315
4,206_fs3-00001.jpg,227.905,416.473
5,206_fs3-00001.jpg,228.457,416.631
6,206_fs3-00001.jpg,229.009,416.788
7,206_fs3-00001.jpg,229.560,416.946
8,206_fs3-00001.jpg,230.112,417.103
9,206_fs3-00001.jpg,230.664,417.261
10,206_fs3-00001.jpg,231.215,417.419
11,206_fs3-00001.jpg,231.767,417.576
12,206_fs3-00001.jpg,232.319,417.734
13,206_fs3-00001.jpg,232.871,417.892
14,206_fs3-00001.jpg,233.434,418.000
15,206_fs3-00001.jpg,234.008,418.008
16,206_fs3-00001.jpg,234.528,418.250
17,206_fs3-00001.jpg,235.102,418.250
18,206_fs3-00001.jpg,235.676,418.250
19,206_fs3-00001.jpg,236.192,418.500
20,206_fs3-00001.jpg,236.766,418.500
21,206_fs3-00001.jpg,237.340,418.500
22,206_fs3-00001.jpg,237.914,418.500
23,206_fs3-00001.jpg,238.487,418.500
24,206_fs3-00001.jpg,239.004,418.750
25,206_fs3-00001.jpg,239.578,418.750
26,206_fs3-00001.jpg,240.151,418.750
27,206_fs3-00001.jpg,240.668,419.000
28,206_fs3-00001.jpg,241.242,419.000
29,206_fs3-00001.jpg,241.816,419.000
30,206_fs3-00001.jpg,242.385,419.068
31,206_fs3-00001.jpg,242.929,419.250
32,206_fs3-00001.jpg,243.462,419.462
33,206_fs3-00001.jpg,244.035,419.500
34,206_fs3-00001.jpg,244.551,419.750
35,206_fs3-00001.jpg,245.125,419.750
36,206_fs3-00001.jpg,245.642,420.000
37,206_fs3-00001.jpg,246.216,420.000
38,206_fs3-00001.jpg,246.788,420.038
39,206_fs3-00001.jpg,247.321,420.250
40,206_fs3-00001.jpg,247.895,420.250
41,206_fs3-00001.jpg,248.412,420.500
42,206_fs3-00001.jpg,248.985,420.500
43,206_fs3-00001.jpg,249.502,420.750
44,206_fs3-00001.jpg,250.076,420.750
45,206_fs3-00001.jpg,250.649,420.750
46,206_fs3-00001.jpg,251.223,420.750
47,206_fs3-00001.jpg,251.797,420.750
48,206_fs3-00001.jpg,252.371,420.750
49,206_fs3-00001.jpg,252.945,420.750
50,206_fs3-00001.jpg,253.518,420.750
51,206_fs3-00001.jpg,254.092,420.750
52,206_fs3-00001.jpg,254.666,420.750
53,206_fs3-00001.jpg,255.240,420.750
54,206_fs3-00001.jpg,255.794,420.897
55,206_fs3-00001.jpg,256.359,421.000
56,206_fs3-00001.jpg,256.933,421.000
57,206_fs3-00001.jpg,257.507,421.000
58,206_fs3-00001.jpg,258.080,421.000
59,206_fs3-00001.jpg,258.654,421.000
60,206_fs3-00001.jpg,259.228,421.000
61,206_fs3-00001.jpg,259.802,421.000
62,206_fs3-00001.jpg,260.376,421.000
63,206_fs3-00001.jpg,260.949,421.000
64,206_fs3-00001.jpg,261.523,421.000
65,206_fs3-00001.jpg,262.097,421.000
66,206_fs3-00001.jpg,262.665,421.082
67,206_fs3-00001.jpg,263.214,421.250
68,206_fs3-00001.jpg,263.787,421.250
69,206_fs3-00001.jpg,264.361,421.250
70,206_fs3-00001.jpg,264.878,421.500
71,206_fs3-00001.jpg,265.451,421.500
72,206_fs3-00001.jpg,265.974,421.737
73,206_fs3-00001.jpg,266.548,421.750
74,206_fs3-00001.jpg,267.111,421.861
75,206_fs3-00001.jpg,267.667,422.000
76,206_fs3-00001.jpg,268.241,422.000
77,206_fs3-00001.jpg,268.812,422.062
78,206_fs3-00001.jpg,269.354,422.250
79,206_fs3-00001.jpg,269.893,422.446
80,206_fs3-00001.jpg,270.464,422.500
81,206_fs3-00001.jpg,270.981,422.750
82,206_fs3-00001.jpg,271.536,422.893
83,206_fs3-00001.jpg,272.100,423.000
84,206_fs3-00001.jpg,272.674,423.000
85,206_fs3-00001.jpg,273.201,423.226
86,206_fs3-00001.jpg,273.705,423.500
87,206_fs3-00001.jpg,274.231,423.731
88,206_fs3-00001.jpg,274.737,424.000
89,206_fs3-00001.jpg,275.311,424.000
90,206_fs3-00001.jpg,275.872,424.122
91,206_fs3-00001.jpg,276.383,424.383
92,206_fs3-00001.jpg,276.945,424.500
93,206_fs3-00001.jpg,277.473,424.723
94,206_fs3-00001.jpg,278.043,424.793
95,206_fs3-00001.jpg,278.578,425.000
96,206_fs3-00001.jpg,279.152,425.000
97,206_fs3-00001.jpg,279.668,425.250
98,206_fs3-00001.jpg,280.185,425.500
99,206_fs3-00001.jpg,280.701,425.750
100,206_fs3-00001.jpg,281.218,426.000
101,206_fs3-00001.jpg,281.739,426.239
102,206_fs3-00001.jpg,282.309,426.309
103,206_fs3-00001.jpg,282.820,426.570
104,206_fs3-00001.jpg,283.331,426.831
105,206_fs3-00001.jpg,283.879,427.000
106,206_fs3-00001.jpg,284.453,427.000
107,206_fs3-00001.jpg,284.969,427.250
108,206_fs3-00001.jpg,285.486,427.500
109,206_fs3-00001.jpg,286.002,427.750
110,206_fs3-00001.jpg,286.519,428.000
111,206_fs3-00001.jpg,287.092,428.000
112,206_fs3-00001.jpg,287.647,428.147
113,206_fs3-00001.jpg,288.158,428.408
114,206_fs3-00001.jpg,288.669,428.669
115,206_fs3-00001.jpg,289.237,428.750
116,206_fs3-00001.jpg,289.754,429.000
117,206_fs3-00001.jpg,290.266,429.258
118,206_fs3-00001.jpg,290.786,429.500
119,206_fs3-00001.jpg,291.292,429.771
120,206_fs3-00001.jpg,291.818,430.000
121,206_fs3-00001.jpg,292.378,430.128
122,206_fs3-00001.jpg,292.783,430.533
123,206_fs3-00001.jpg,293.294,430.794
124,206_fs3-00001.jpg,293.830,431.000
125,206_fs3-00001.jpg,294.312,431.312
126,206_fs3-00001.jpg,294.718,431.718
127,206_fs3-00001.jpg,295.229,431.979
128,206_fs3-00001.jpg,295.740,432.240
129,206_fs3-00001.jpg,296.250,432.502
130,206_fs3-00001.jpg,296.535,433.000
131,206_fs3-00001.jpg,297.033,433.283
132,206_fs3-00001.jpg,297.368,433.750
133,206_fs3-00001.jpg,297.884,434.000
134,206_fs3-00001.jpg,298.400,434.250
135,206_fs3-00001.jpg,298.853,434.603
136,206_fs3-00001.jpg,299.267,435.000
137,206_fs3-00001.jpg,299.784,435.250
138,206_fs3-00001.jpg,300.250,435.584
139,206_fs3-00001.jpg,300.787,435.787
140,206_fs3-00001.jpg,301.298,436.048
141,206_fs3-00001.jpg,301.704,436.454
142,206_fs3-00001.jpg,302.195,436.750
143,206_fs3-00001.jpg,302.711,437.000
144,206_fs3-00001.jpg,303.136,437.386
145,206_fs3-00001.jpg,303.555,437.778
146,206_fs3-00001.jpg,304.084,438.000
147,206_fs3-00001.jpg,304.564,438.314
148,206_fs3-00001.jpg,305.075,438.575
149,206_fs3-00001.jpg,305.461,439.000
150,206_fs3-00001.jpg,305.985,439.235
151,206_fs3-00001.jpg,306.390,439.640
152,206_fs3-00001.jpg,306.901,439.901
153,206_fs3-00001.jpg,307.412,440.162
154,206_fs3-00001.jpg,307.923,440.423
155,206_fs3-00001.jpg,308.250,440.895
156,206_fs3-00001.jpg,308.814,441.000
157,206_fs3-00001.jpg,309.250,441.373
158,206_fs3-00001.jpg,309.713,441.713
159,206_fs3-00001.jpg,310.224,441.974
160,206_fs3-00001.jpg,310.670,442.335
161,206_fs3-00001.jpg,311.219,442.500
162,206_fs3-00001.jpg,311.501,443.000
163,206_fs3-00001.jpg,312.017,443.250
164,206_fs3-00001.jpg,312.414,443.664
165,206_fs3-00001.jpg,312.909,443.955
166,206_fs3-00001.jpg,313.435,444.185
167,206_fs3-00001.jpg,313.914,444.500
168,206_fs3-00001.jpg,314.361,444.861
169,206_fs3-00001.jpg,314.917,445.000
170,206_fs3-00001.jpg,315.362,445.362
171,206_fs3-00001.jpg,315.785,445.750
172,206_fs3-00001.jpg,316.302,446.000
173,206_fs3-00001.jpg,316.818,446.250
174,206_fs3-00001.jpg,317.304,446.554
175,206_fs3-00001.jpg,317.710,446.960
176,206_fs3-00001.jpg,318.280,447.030
177,206_fs3-00001.jpg,318.608,447.500
178,206_fs3-00001.jpg,319.125,447.750
179,206_fs3-00001.jpg,319.588,448.088
180,206_fs3-00001.jpg,320.099,448.349
181,206_fs3-00001.jpg,320.360,448.860
182,206_fs3-00001.jpg,320.917,449.000
183,206_fs3-00001.jpg,321.250,449.467
184,206_fs3-00001.jpg,321.500,449.984
185,206_fs3-00001.jpg,322.008,450.250
186,206_fs3-00001.jpg,321.964,449.678
187,206_fs3-00002.jpg,230.750,423.000
188,206_fs3-00002.jpg,231.134,422.616
189,206_fs3-00002.jpg,231.518,422.232
190,206_fs3-00002.jpg,231.903,421.847
191,206_fs3-00002.jpg,232.287,421.463
192,206_fs3-00002.jpg,232.671,421.079
193,206_fs3-00002.jpg,233.055,420.695
194,206_fs3-00002.jpg,233.440,420.310
195,206_fs3-00002.jpg,233.824,419.926
196,206_fs3-00002.jpg,234.312,419.688
197,206_fs3-00002.jpg,234.822,419.500
198,206_fs3-00002.jpg,235.355,419.395
199,206_fs3-00002.jpg,235.879,419.250
200,206_fs3-00002.jpg,236.423,419.250
201,206_fs3-00002.jpg,236.966,419.250
202,206_fs3-00002.jpg,237.448,419.000
203,206_fs3-00002.jpg,237.992,419.000
204,206_fs3-00002.jpg,238.535,419.000
205,206_fs3-00002.jpg,239.079,419.000
206,206_fs3-00002.jpg,239.622,419.000
207,206_fs3-00002.jpg,240.104,418.750
208,206_fs3-00002.jpg,240.648,418.750
209,206_fs3-00002.jpg,241.191,418.750
210,206_fs3-00002.jpg,241.735,418.750
211,206_fs3-00002.jpg,242.278,418.750
212,206_fs3-00002.jpg,242.821,418.750
213,206_fs3-00002.jpg,243.304,418.500
214,206_fs3-00002.jpg,243.847,418.500
215,206_fs3-00002.jpg,244.391,418.500
216,206_fs3-00002.jpg,244.934,418.500
217,206_fs3-00002.jpg,245.478,418.500
218,206_fs3-00002.jpg,245.973,418.277
219,206_fs3-00002.jpg,246.516,418.250
220,206_fs3-00002.jpg,247.059,418.250
221,206_fs3-00002.jpg,247.603,418.250
222,206_fs3-00002.jpg,248.146,418.250
223,206_fs3-00002.jpg,248.689,418.250
224,206_fs3-00002.jpg,249.233,418.250
225,206_fs3-00002.jpg,249.776,418.250
226,206_fs3-00002.jpg,250.259,418.500
227,206_fs3-00002.jpg,250.802,418.500
228,206_fs3-00002.jpg,251.345,418.500
229,206_fs3-00002.jpg,251.889,418.500
230,206_fs3-00002.jpg,252.432,418.500
231,206_fs3-00002.jpg,252.965,418.607
232,206_fs3-00002.jpg,253.489,418.750
233,206_fs3-00002.jpg,254.033,418.750
234,206_fs3-00002.jpg,254.576,418.750
235,206_fs3-00002.jpg,255.119,418.750
236,206_fs3-00002.jpg,255.663,418.750
237,206_fs3-00002.jpg,256.177,418.927
238,206_fs3-00002.jpg,256.715,419.000
239,206_fs3-00002.jpg,257.259,419.000
240,206_fs3-00002.jpg,257.802,419.000
241,206_fs3-00002.jpg,258.345,419.000
242,206_fs3-00002.jpg,258.889,419.000
243,206_fs3-00002.jpg,259.432,419.000
244,206_fs3-00002.jpg,259.976,419.000
245,206_fs3-00002.jpg,260.458,419.250
246,206_fs3-00002.jpg,261.001,419.250
247,206_fs3-00002.jpg,261.545,419.250
248,206_fs3-00002.jpg,262.088,419.250
249,206_fs3-00002.jpg,262.632,419.250
250,206_fs3-00002.jpg,263.175,419.250
251,206_fs3-00002.jpg,263.718,419.250
252,206_fs3-00002.jpg,264.201,419.500
253,206_fs3-00002.jpg,264.732,419.616
254,206_fs3-00002.jpg,265.257,419.754
255,206_fs3-00002.jpg,265.743,419.997
256,206_fs3-00002.jpg,266.287,420.000
257,206_fs3-00002.jpg,266.825,420.075
258,206_fs3-00002.jpg,267.340,420.250
259,206_fs3-00002.jpg,267.853,420.427
260,206_fs3-00002.jpg,268.290,420.750
261,206_fs3-00002.jpg,268.834,420.750
262,206_fs3-00002.jpg,269.316,421.000
263,206_fs3-00002.jpg,269.859,421.000
264,206_fs3-00002.jpg,270.386,421.136
265,206_fs3-00002.jpg,270.917,421.250
266,206_fs3-00002.jpg,271.399,421.500
267,206_fs3-00002.jpg,271.943,421.500
268,206_fs3-00002.jpg,272.425,421.750
269,206_fs3-00002.jpg,272.908,422.000
270,206_fs3-00002.jpg,273.423,422.173
271,206_fs3-00002.jpg,273.911,422.411
272,206_fs3-00002.jpg,274.336,422.750
273,206_fs3-00002.jpg,274.819,423.000
274,206_fs3-00002.jpg,275.352,423.102
275,206_fs3-00002.jpg,275.750,423.473
276,206_fs3-00002.jpg,276.250,423.685
277,206_fs3-00002.jpg,276.716,423.966
278,206_fs3-00002.jpg,277.258,424.000
279,206_fs3-00002.jpg,277.744,424.244
280,206_fs3-00002.jpg,278.232,424.482
281,206_fs3-00002.jpg,278.720,424.720
282,206_fs3-00002.jpg,279.250,424.841
283,206_fs3-00002.jpg,279.770,425.000
284,206_fs3-00002.jpg,280.310,425.060
285,206_fs3-00002.jpg,280.819,425.250
286,206_fs3-00002.jpg,281.250,425.581
287,206_fs3-00002.jpg,281.762,425.762
288,206_fs3-00002.jpg,282.251,426.000
289,206_fs3-00002.jpg,282.793,426.043
290,206_fs3-00002.jpg,283.250,426.336
291,206_fs3-00002.jpg,283.675,426.675
292,206_fs3-00002.jpg,284.163,426.913
293,206_fs3-00002.jpg,284.700,427.000
294,206_fs3-00002.jpg,285.182,427.250
295,206_fs3-00002.jpg,285.500,427.691
296,206_fs3-00002.jpg,285.968,427.968
297,206_fs3-00002.jpg,286.456,428.206
298,206_fs3-00002.jpg,286.944,428.444
299,206_fs3-00002.jpg,287.328,428.828
300,206_fs3-00002.jpg,287.844,429.000
301,206_fs3-00002.jpg,288.310,429.280
302,206_fs3-00002.jpg,288.788,429.538
303,206_fs3-00002.jpg,289.250,429.824
304,206_fs3-00002.jpg,289.764,430.000
305,206_fs3-00002.jpg,290.250,430.243
306,206_fs3-00002.jpg,290.733,430.492
307,206_fs3-00002.jpg,291.224,430.724
308,206_fs3-00002.jpg,291.705,430.978
309,206_fs3-00002.jpg,292.201,431.201
310,206_fs3-00002.jpg,292.742,431.250
311,206_fs3-00002.jpg,293.130,431.630
312,206_fs3-00002.jpg,293.528,432.000
313,206_fs3-00002.jpg,294.067,432.067
314,206_fs3-00002.jpg,294.396,432.500
315,206_fs3-00002.jpg,294.879,432.750
316,206_fs3-00002.jpg,295.361,433.000
317,206_fs3-00002.jpg,295.872,433.186
318,206_fs3-00002.jpg,296.250,433.576
319,206_fs3-00002.jpg,296.646,433.948
320,206_fs3-00002.jpg,297.187,434.000
321,206_fs3-00002.jpg,297.602,434.352
322,206_fs3-00002.jpg,297.986,434.736
323,206_fs3-00002.jpg,298.461,435.000
324,206_fs3-00002.jpg,298.961,435.211
325,206_fs3-00002.jpg,299.422,435.500
326,206_fs3-00002.jpg,299.904,435.750
327,206_fs3-00002.jpg,300.387,436.000
328,206_fs3-00002.jpg,300.869,436.250
329,206_fs3-00002.jpg,301.352,436.500
330,206_fs3-00002.jpg,301.803,436.803
331,206_fs3-00002.jpg,302.309,437.000
332,206_fs3-00002.jpg,302.750,437.318
333,206_fs3-00002.jpg,303.079,437.750
334,206_fs3-00002.jpg,303.539,438.039
335,206_fs3-00002.jpg,303.923,438.423
336,206_fs3-00002.jpg,304.250,438.858
337,206_fs3-00002.jpg,304.684,439.184
338,206_fs3-00002.jpg,305.069,439.569
339,206_fs3-00002.jpg,305.399,440.000
340,206_fs3-00002.jpg,305.881,440.250
341,206_fs3-00002.jpg,306.250,440.649
342,206_fs3-00002.jpg,306.581,441.081
343,206_fs3-00002.jpg,307.069,441.319
344,206_fs3-00002.jpg,307.307,441.807
345,206_fs3-00002.jpg,307.815,442.000
346,206_fs3-00002.jpg,308.250,442.326
347,206_fs3-00002.jpg,308.500,442.809
348,206_fs3-00002.jpg,309.006,443.006
349,206_fs3-00002.jpg,309.250,443.492
350,206_fs3-00002.jpg,309.728,443.750
351,206_fs3-00002.jpg,310.211,444.000
352,206_fs3-00002.jpg,310.475,444.475
353,206_fs3-00002.jpg,310.943,444.750
354,206_fs3-00002.jpg,311.250,445.199
355,206_fs3-00002.jpg,311.500,445.681
356,206_fs3-00002.jpg,311.964,445.964
357,206_fs3-00002.jpg,312.250,446.426
358,206_fs3-00002.jpg,312.686,446.750
359,206_fs3-00002.jpg,313.101,447.101
360,206_fs3-00002.jpg,313.339,447.589
361,206_fs3-00002.jpg,313.724,447.974
362,206_fs3-00002.jpg,314.250,448.109
363,206_fs3-00002.jpg,314.557,448.557
364,206_fs3-00002.jpg,314.941,448.941
365,206_fs3-00002.jpg,315.388,449.250
366,206_fs3-00002.jpg,315.871,449.500
367,206_fs3-00002.jpg,316.314,449.814
368,206_fs3-00002.jpg,316.825,450.000
369,206_fs3-00002.jpg,317.287,450.287
370,206_fs3-00002.jpg,317.722,450.611
371,206_fs3-00003.jpg,242.250,436.750
372,206_fs3-00003.jpg,242.250,436.184
373,206_fs3-00003.jpg,242.250,435.617
374,206_fs3-00003.jpg,242.250,435.051
375,206_fs3-00003.jpg,242.250,434.484
376,206_fs3-00003.jpg,242.250,433.918
377,206_fs3-00003.jpg,242.250,433.351
378,206_fs3-00003.jpg,242.250,432.784
379,206_fs3-00003.jpg,242.482,432.268
380,206_fs3-00003.jpg,242.883,431.867
381,206_fs3-00003.jpg,243.250,431.436
382,206_fs3-00003.jpg,243.368,430.882
383,206_fs3-00003.jpg,243.769,430.481
384,206_fs3-00003.jpg,244.068,430.000
385,206_fs3-00003.jpg,244.250,429.464
386,206_fs3-00003.jpg,244.518,428.964
387,206_fs3-00003.jpg,244.750,428.448
388,206_fs3-00003.jpg,245.039,427.961
389,206_fs3-00003.jpg,245.250,427.435
390,206_fs3-00003.jpg,245.369,426.881
391,206_fs3-00003.jpg,245.625,426.375
392,206_fs3-00003.jpg,245.880,425.870
393,206_fs3-00003.jpg,246.136,425.364
394,206_fs3-00003.jpg,246.250,424.809
395,206_fs3-00003.jpg,246.500,424.301
396,206_fs3-00003.jpg,246.980,424.000
397,206_fs3-00003.jpg,247.250,423.502
398,206_fs3-00003.jpg,247.614,423.068
399,206_fs3-00003.jpg,247.946,422.609
400,206_fs3-00003.jpg,248.199,422.102
401,206_fs3-00003.jpg,248.671,421.789
402,206_fs3-00003.jpg,249.091,421.409
403,206_fs3-00003.jpg,249.492,421.008
404,206_fs3-00003.jpg,249.892,420.608
405,206_fs3-00003.jpg,250.148,420.102
406,206_fs3-00003.jpg,250.250,419.545
407,206_fs3-00003.jpg,250.627,419.123
408,206_fs3-00003.jpg,251.133,418.867
409,206_fs3-00003.jpg,251.332,418.336
410,206_fs3-00003.jpg,251.771,417.979
411,206_fs3-00003.jpg,252.172,417.578
412,206_fs3-00003.jpg,252.427,417.073
413,206_fs3-00003.jpg,252.933,416.817
414,206_fs3-00003.jpg,253.250,416.348
415,206_fs3-00003.jpg,253.750,416.081
416,206_fs3-00003.jpg,254.226,415.774
417,206_fs3-00003.jpg,254.626,415.374
418,206_fs3-00003.jpg,255.052,415.000
419,206_fs3-00003.jpg,255.561,414.750
420,206_fs3-00003.jpg,256.069,414.500
421,206_fs3-00003.jpg,256.434,414.066
422,206_fs3-00003.jpg,256.996,414.000
423,206_fs3-00003.jpg,257.503,413.747
424,206_fs3-00003.jpg,257.951,413.400
425,206_fs3-00003.jpg,258.419,413.081
426,206_fs3-00003.jpg,258.980,413.000
427,206_fs3-00003.jpg,259.529,412.861
428,206_fs3-00003.jpg,259.981,412.519
429,206_fs3-00003.jpg,260.479,412.250
430,206_fs3-00003.jpg,260.992,412.008
431,206_fs3-00003.jpg,261.558,412.000
432,206_fs3-00003.jpg,262.125,412.000
433,206_fs3-00003.jpg,262.691,412.000
434,206_fs3-00003.jpg,263.258,412.000
435,206_fs3-00003.jpg,263.820,411.930
436,206_fs3-00003.jpg,264.357,411.750
437,206_fs3-00003.jpg,264.923,411.750
438,206_fs3-00003.jpg,265.490,411.750
439,206_fs3-00003.jpg,266.056,411.750
440,206_fs3-00003.jpg,266.623,411.750
441,206_fs3-00003.jpg,267.189,411.750
442,206_fs3-00003.jpg,267.756,411.750
443,206_fs3-00003.jpg,268.322,411.750
444,206_fs3-00003.jpg,268.860,411.570
445,206_fs3-00003.jpg,269.422,411.500
446,206_fs3-00003.jpg,269.988,411.500
447,206_fs3-00003.jpg,270.555,411.500
448,206_fs3-00003.jpg,271.121,411.500
449,206_fs3-00003.jpg,271.688,411.500
450,206_fs3-00003.jpg,272.254,411.500
451,206_fs3-00003.jpg,272.821,411.500
452,206_fs3-00003.jpg,273.387,411.500
453,206_fs3-00003.jpg,273.954,411.500
454,206_fs3-00003.jpg,274.500,411.650
455,206_fs3-00003.jpg,275.047,411.797
456,206_fs3-00003.jpg,275.576,412.000
457,206_fs3-00003.jpg,276.128,412.128
458,206_fs3-00003.jpg,276.528,412.528
459,206_fs3-00003.jpg,277.034,412.784
460,206_fs3-00003.jpg,277.540,413.040
461,206_fs3-00003.jpg,278.045,413.295
462,206_fs3-00003.jpg,278.446,413.696
463,206_fs3-00003.jpg,278.951,413.951
464,206_fs3-00003.jpg,279.352,414.352
465,206_fs3-00003.jpg,279.755,414.750
466,206_fs3-00003.jpg,280.259,415.009
467,206_fs3-00003.jpg,280.659,415.409
468,206_fs3-00003.jpg,281.112,415.750
469,206_fs3-00003.jpg,281.576,416.076
470,206_fs3-00003.jpg,281.831,416.581
471,206_fs3-00003.jpg,282.213,417.000
472,206_fs3-00003.jpg,282.500,417.488
473,206_fs3-00003.jpg,282.895,417.895
474,206_fs3-00003.jpg,283.295,418.295
475,206_fs3-00003.jpg,283.633,418.750
476,206_fs3-00003.jpg,284.088,419.088
477,206_fs3-00003.jpg,284.250,419.631
478,206_fs3-00003.jpg,284.679,420.000
479,206_fs3-00003.jpg,285.077,420.404
480,206_fs3-00003.jpg,285.250,420.943
481,206_fs3-00003.jpg,285.735,421.235
482,206_fs3-00003.jpg,286.000,421.736
483,206_fs3-00003.jpg,286.250,422.245
484,206_fs3-00003.jpg,286.506,422.750
485,206_fs3-00003.jpg,286.750,423.261
486,206_fs3-00003.jpg,287.000,423.770
487,206_fs3-00003.jpg,287.250,424.278
488,206_fs3-00003.jpg,287.250,424.844
489,206_fs3-00003.jpg,287.393,425.393
490,206_fs3-00003.jpg,287.500,425.949
491,206_fs3-00003.jpg,287.515,426.515
492,206_fs3-00003.jpg,287.750,427.031
493,206_fs3-00003.jpg,288.026,427.526
494,206_fs3-00003.jpg,288.250,428.046
495,206_fs3-00003.jpg,288.305,428.610
496,206_fs3-00003.jpg,288.596,429.096
497,206_fs3-00003.jpg,288.851,429.601
498,206_fs3-00003.jpg,289.250,430.004
499,206_fs3-00003.jpg,289.500,430.512
500,206_fs3-00003.jpg,289.874,430.937
501,206_fs3-00003.jpg,290.287,431.325
502,206_fs3-00003.jpg,290.567,431.817
503,206_fs3-00003.jpg,291.000,432.183
504,206_fs3-00003.jpg,291.250,432.692
505,206_fs3-00003.jpg,291.725,433.000
506,206_fs3-00003.jpg,291.997,433.497
507,206_fs3-00003.jpg,292.250,434.004
508,206_fs3-00003.jpg,292.250,434.570
509,206_fs3-00003.jpg,292.500,435.079
510,206_fs3-00003.jpg,292.750,435.587
511,206_fs3-00003.jpg,292.887,436.137
512,206_fs3-00003.jpg,293.000,436.692
513,206_fs3-00003.jpg,293.250,437.200
514,206_fs3-00003.jpg,293.472,437.722
515,206_fs3-00003.jpg,293.727,438.227
516,206_fs3-00003.jpg,294.000,438.724
517,206_fs3-00003.jpg,294.250,439.232
518,206_fs3-00003.jpg,294.493,439.743
519,206_fs3-00003.jpg,294.999,440.000
520,206_fs3-00003.jpg,295.250,440.508
521,206_fs3-00003.jpg,295.500,441.016
522,206_fs3-00003.jpg,295.766,441.516
523,206_fs3-00003.jpg,296.167,441.917
524,206_fs3-00003.jpg,296.567,442.317
525,206_fs3-00003.jpg,296.823,442.823
526,206_fs3-00003.jpg,297.250,443.195
527,206_fs3-00003.jpg,297.622,443.622
528,206_fs3-00003.jpg,298.044,444.000
529,206_fs3-00003.jpg,298.422,444.422
530,206_fs3-00003.jpg,298.928,444.678
531,206_fs3-00003.jpg,299.393,445.000
532,206_fs3-00003.jpg,299.930,445.180
533,206_fs3-00003.jpg,300.331,445.581
534,206_fs3-00003.jpg,300.837,445.837
535,206_fs3-00003.jpg,301.379,446.000
536,206_fs3-00003.jpg,301.857,446.304
537,206_fs3-00003.jpg,302.344,446.594
538,206_fs3-00003.jpg,302.815,446.908
539,206_fs3-00003.jpg,303.374,447.000
540,206_fs3-00003.jpg,303.916,447.166
541,206_fs3-00003.jpg,304.374,447.500
542,206_fs3-00003.jpg,304.915,447.665
543,206_fs3-00003.jpg,305.421,447.921
544,206_fs3-00003.jpg,305.982,448.000
545,206_fs3-00003.jpg,306.548,448.000
546,206_fs3-00003.jpg,307.057,448.250
547,206_fs3-00003.jpg,307.620,448.310
548,206_fs3-00003.jpg,308.154,448.500
549,206_fs3-00003.jpg,308.688,448.688
550,206_fs3-00003.jpg,309.250,448.760
551,206_fs3-00003.jpg,309.763,449.000
552,206_fs3-00003.jpg,310.330,449.000
553,206_fs3-00003.jpg,310.881,449.131
554,206_fs3-00003.jpg,311.435,449.250
555,206_fs3-00004.jpg,255.000,455.500
556,206_fs3-00004.jpg,254.826,454.891
557,206_fs3-00004.jpg,254.652,454.282
558,206_fs3-00004.jpg,254.478,453.672
559,206_fs3-00004.jpg,254.304,453.063
560,206_fs3-00004.jpg,254.130,452.454
561,206_fs3-00004.jpg,254.000,451.834
562,206_fs3-00004.jpg,253.750,451.252
563,206_fs3-00004.jpg,253.750,450.618
564,206_fs3-00004.jpg,253.750,449.984
565,206_fs3-00004.jpg,253.750,449.351
566,206_fs3-00004.jpg,253.718,448.718
567,206_fs3-00004.jpg,253.500,448.123
568,206_fs3-00004.jpg,253.489,447.489
569,206_fs3-00004.jpg,253.250,446.903
570,206_fs3-00004.jpg,253.250,446.269
571,206_fs3-00004.jpg,253.250,445.636
572,206_fs3-00004.jpg,253.250,445.002
573,206_fs3-00004.jpg,253.250,444.368
574,206_fs3-00004.jpg,253.000,443.786
575,206_fs3-00004.jpg,252.909,443.159
576,206_fs3-00004.jpg,252.750,442.546
577,206_fs3-00004.jpg,252.750,441.912
578,206_fs3-00004.jpg,252.558,441.308
579,206_fs3-00004.jpg,252.500,440.677
580,206_fs3-00004.jpg,252.500,440.044
581,206_fs3-00004.jpg,252.250,439.462
582,206_fs3-00004.jpg,252.250,438.828
583,206_fs3-00004.jpg,252.250,438.195
584,206_fs3-00004.jpg,252.250,437.561
585,206_fs3-00004.jpg,252.250,436.927
586,206_fs3-00004.jpg,252.250,436.294
587,206_fs3-00004.jpg,252.250,435.660
588,206_fs3-00004.jpg,252.250,435.027
589,206_fs3-00004.jpg,252.250,434.393
590,206_fs3-00004.jpg,252.250,433.759
591,206_fs3-00004.jpg,252.250,433.126
592,206_fs3-00004.jpg,252.250,432.492
593,206_fs3-00004.jpg,252.250,431.859
594,206_fs3-00004.jpg,252.250,431.225
595,206_fs3-00004.jpg,252.173,430.596
596,206_fs3-00004.jpg,252.000,429.986
597,206_fs3-00004.jpg,252.000,429.353
598,206_fs3-00004.jpg,251.750,428.771
599,206_fs3-00004.jpg,251.750,428.137
600,206_fs3-00004.jpg,251.750,427.503
601,206_fs3-00004.jpg,251.500,426.921
602,206_fs3-00004.jpg,251.500,426.288
603,206_fs3-00004.jpg,251.500,425.654
604,206_fs3-00004.jpg,251.500,425.021
605,206_fs3-00004.jpg,251.500,424.387
606,206_fs3-00004.jpg,251.500,423.753
607,206_fs3-00004.jpg,251.500,423.120
608,206_fs3-00004.jpg,251.750,422.538
609,206_fs3-00004.jpg,252.000,421.955
610,206_fs3-00004.jpg,252.000,421.322
611,206_fs3-00004.jpg,252.250,420.740
612,206_fs3-00004.jpg,252.250,420.106
613,206_fs3-00004.jpg,252.277,419.473
614,206_fs3-00004.jpg,252.500,418.880
615,206_fs3-00004.jpg,252.569,418.250
616,206_fs3-00004.jpg,252.750,417.643
617,206_fs3-00004.jpg,252.956,417.044
618,206_fs3-00004.jpg,253.250,416.482
619,206_fs3-00004.jpg,253.387,415.863
620,206_fs3-00004.jpg,253.692,415.308
621,206_fs3-00004.jpg,253.991,414.750
622,206_fs3-00004.jpg,254.000,414.116
623,206_fs3-00004.jpg,254.250,413.534
624,206_fs3-00004.jpg,254.343,412.907
625,206_fs3-00004.jpg,254.750,412.422
626,206_fs3-00004.jpg,255.104,411.896
627,206_fs3-00004.jpg,255.250,411.280
628,206_fs3-00004.jpg,255.750,410.891
629,206_fs3-00004.jpg,256.122,410.378
630,206_fs3-00004.jpg,256.427,409.823
631,206_fs3-00004.jpg,256.832,409.335
632,206_fs3-00004.jpg,257.250,408.859
633,206_fs3-00004.jpg,257.481,408.269
634,206_fs3-00004.jpg,258.036,407.964
635,206_fs3-00004.jpg,258.250,407.367
636,206_fs3-00004.jpg,258.759,406.991
637,206_fs3-00004.jpg,259.250,406.590
638,206_fs3-00004.jpg,259.651,406.099
639,206_fs3-00004.jpg,260.206,405.794
640,206_fs3-00004.jpg,260.702,405.399
641,206_fs3-00004.jpg,261.218,405.032
642,206_fs3-00004.jpg,261.786,404.750
643,206_fs3-00004.jpg,262.328,404.422
644,206_fs3-00004.jpg,262.883,404.117
645,206_fs3-00004.jpg,263.506,404.000
646,206_fs3-00004.jpg,264.113,403.819
647,206_fs3-00004.jpg,264.680,403.535
648,206_fs3-00004.jpg,265.306,403.444
649,206_fs3-00004.jpg,265.910,403.250
650,206_fs3-00004.jpg,266.492,403.000
651,206_fs3-00004.jpg,267.126,403.000
652,206_fs3-00004.jpg,267.708,402.750
653,206_fs3-00004.jpg,268.341,402.750
654,206_fs3-00004.jpg,268.975,402.750
655,206_fs3-00004.jpg,269.557,402.500
656,206_fs3-00004.jpg,270.191,402.500
657,206_fs3-00004.jpg,270.824,402.500
658,206_fs3-00004.jpg,271.458,402.500
659,206_fs3-00004.jpg,272.092,402.500
660,206_fs3-00004.jpg,272.725,402.500
661,206_fs3-00004.jpg,273.351,402.601
662,206_fs3-00004.jpg,273.966,402.750
663,206_fs3-00004.jpg,274.593,402.843
664,206_fs3-00004.jpg,275.207,403.000
665,206_fs3-00004.jpg,275.835,403.085
666,206_fs3-00004.jpg,276.283,403.533
667,206_fs3-00004.jpg,276.838,403.838
668,206_fs3-00004.jpg,277.393,404.143
669,206_fs3-00004.jpg,277.841,404.591
670,206_fs3-00004.jpg,278.326,405.000
671,206_fs3-00004.jpg,278.908,405.250
672,206_fs3-00004.jpg,279.270,405.770
673,206_fs3-00004.jpg,279.825,406.075
674,206_fs3-00004.jpg,280.250,406.545
675,206_fs3-00004.jpg,280.691,407.000
676,206_fs3-00004.jpg,281.033,407.533
677,206_fs3-00004.jpg,281.339,408.089
678,206_fs3-00004.jpg,281.750,408.570
679,206_fs3-00004.jpg,282.216,409.000
680,206_fs3-00004.jpg,282.250,409.633
681,206_fs3-00004.jpg,282.750,410.022
682,206_fs3-00004.jpg,283.000,410.604
683,206_fs3-00004.jpg,283.250,411.186
684,206_fs3-00004.jpg,283.250,411.820
685,206_fs3-00004.jpg,283.500,412.402
686,206_fs3-00004.jpg,283.739,412.989
687,206_fs3-00004.jpg,283.750,413.622
688,206_fs3-00004.jpg,284.000,414.205
689,206_fs3-00004.jpg,284.250,414.787
690,206_fs3-00004.jpg,284.250,415.420
691,206_fs3-00004.jpg,284.302,416.052
692,206_fs3-00004.jpg,284.500,416.654
693,206_fs3-00004.jpg,284.750,417.236
694,206_fs3-00004.jpg,285.000,417.818
695,206_fs3-00004.jpg,285.250,418.400
696,206_fs3-00004.jpg,285.250,419.034
697,206_fs3-00004.jpg,285.250,419.667
698,206_fs3-00004.jpg,285.500,420.250
699,206_fs3-00004.jpg,285.750,420.832
700,206_fs3-00004.jpg,285.750,421.465
701,206_fs3-00004.jpg,286.000,422.048
702,206_fs3-00004.jpg,286.000,422.681
703,206_fs3-00004.jpg,286.250,423.263
704,206_fs3-00004.jpg,286.250,423.897
705,206_fs3-00004.jpg,286.250,424.531
706,206_fs3-00004.jpg,286.250,425.164
707,206_fs3-00004.jpg,286.497,425.747
708,206_fs3-00004.jpg,286.619,426.369
709,206_fs3-00004.jpg,286.750,426.989
710,206_fs3-00004.jpg,287.000,427.571
711,206_fs3-00004.jpg,287.250,428.154
712,206_fs3-00004.jpg,287.250,428.787
713,206_fs3-00004.jpg,287.402,429.402
714,206_fs3-00004.jpg,287.500,430.028
715,206_fs3-00004.jpg,287.750,430.610
716,206_fs3-00004.jpg,288.000,431.193
717,206_fs3-00004.jpg,288.250,431.775
718,206_fs3-00004.jpg,288.250,432.408
719,206_fs3-00004.jpg,288.291,433.041
720,206_fs3-00004.jpg,288.500,433.639
721,206_fs3-00004.jpg,288.750,434.221
722,206_fs3-00004.jpg,289.000,434.803
723,206_fs3-00004.jpg,289.250,435.385
724,206_fs3-00004.jpg,289.404,436.000
725,206_fs3-00004.jpg,289.768,436.518
726,206_fs3-00004.jpg,290.180,437.000
727,206_fs3-00004.jpg,290.500,437.547
728,206_fs3-00004.jpg,290.835,438.085
729,206_fs3-00004.jpg,291.250,438.563
730,206_fs3-00004.jpg,291.709,439.000
731,206_fs3-00004.jpg,292.098,439.500
732,206_fs3-00004.jpg,292.487,440.000
733,206_fs3-00004.jpg,293.000,440.372
734,206_fs3-00004.jpg,293.380,440.880
735,206_fs3-00004.jpg,293.935,441.185
736,206_fs3-00004.jpg,294.383,441.633
737,206_fs3-00004.jpg,294.938,441.938
738,206_fs3-00005.jpg,254.250,465.000
739,206_fs3-00005.jpg,254.250,464.415
740,206_fs3-00005.jpg,254.250,463.830
741,206_fs3-00005.jpg,254.250,463.245
742,206_fs3-00005.jpg,254.250,462.660
743,206_fs3-00005.jpg,254.250,462.075
744,206_fs3-00005.jpg,254.250,461.490
745,206_fs3-00005.jpg,254.250,460.905
746,206_fs3-00005.jpg,254.250,460.320
747,206_fs3-00005.jpg,254.250,459.735
748,206_fs3-00005.jpg,254.250,459.150
749,206_fs3-00005.jpg,254.500,458.621
750,206_fs3-00005.jpg,254.500,458.036
751,206_fs3-00005.jpg,254.500,457.451
752,206_fs3-00005.jpg,254.500,456.866
753,206_fs3-00005.jpg,254.500,456.281
754,206_fs3-00005.jpg,254.500,455.696
755,206_fs3-00005.jpg,254.625,455.125
756,206_fs3-00005.jpg,254.750,454.553
757,206_fs3-00005.jpg,254.750,453.968
758,206_fs3-00005.jpg,254.750,453.383
759,206_fs3-00005.jpg,254.750,452.798
760,206_fs3-00005.jpg,254.750,452.213
761,206_fs3-00005.jpg,254.750,451.628
762,206_fs3-00005.jpg,254.750,451.043
763,206_fs3-00005.jpg,255.000,450.514
764,206_fs3-00005.jpg,255.000,449.929
765,206_fs3-00005.jpg,255.000,449.344
766,206_fs3-00005.jpg,255.000,448.759
767,206_fs3-00005.jpg,255.000,448.174
768,206_fs3-00005.jpg,255.000,447.589
769,206_fs3-00005.jpg,255.000,447.004
770,206_fs3-00005.jpg,255.000,446.419
771,206_fs3-00005.jpg,255.000,445.834
772,206_fs3-00005.jpg,254.789,445.289
773,206_fs3-00005.jpg,254.750,444.705
774,206_fs3-00005.jpg,254.750,444.120
775,206_fs3-00005.jpg,254.750,443.535
776,206_fs3-00005.jpg,254.750,442.950
777,206_fs3-00005.jpg,254.750,442.365
778,206_fs3-00005.jpg,254.561,441.811
779,206_fs3-00005.jpg,254.500,441.229
780,206_fs3-00005.jpg,254.500,440.645
781,206_fs3-00005.jpg,254.500,440.060
782,206_fs3-00005.jpg,254.250,439.531
783,206_fs3-00005.jpg,254.250,438.946
784,206_fs3-00005.jpg,254.250,438.361
785,206_fs3-00005.jpg,254.250,437.776
786,206_fs3-00005.jpg,254.250,437.191
787,206_fs3-00005.jpg,254.250,436.606
788,206_fs3-00005.jpg,254.250,436.021
789,206_fs3-00005.jpg,254.250,435.436
790,206_fs3-00005.jpg,254.116,434.866
791,206_fs3-00005.jpg,254.000,434.293
792,206_fs3-00005.jpg,254.000,433.708
793,206_fs3-00005.jpg,254.000,433.123
794,206_fs3-00005.jpg,253.898,432.547
795,206_fs3-00005.jpg,253.750,431.981
796,206_fs3-00005.jpg,253.750,431.396
797,206_fs3-00005.jpg,253.750,430.811
798,206_fs3-00005.jpg,253.726,430.226
799,206_fs3-00005.jpg,253.500,429.687
800,206_fs3-00005.jpg,253.500,429.102
801,206_fs3-00005.jpg,253.302,428.552
802,206_fs3-00005.jpg,253.250,427.969
803,206_fs3-00005.jpg,253.250,427.384
804,206_fs3-00005.jpg,253.250,426.799
805,206_fs3-00005.jpg,253.250,426.214
806,206_fs3-00005.jpg,253.250,425.629
807,206_fs3-00005.jpg,253.250,425.044
808,206_fs3-00005.jpg,253.010,424.510
809,206_fs3-00005.jpg,253.000,423.925
810,206_fs3-00005.jpg,253.000,423.340
811,206_fs3-00005.jpg,252.883,422.767
812,206_fs3-00005.jpg,252.750,422.197
813,206_fs3-00005.jpg,252.750,421.612
814,206_fs3-00005.jpg,252.750,421.027
815,206_fs3-00005.jpg,252.750,420.442
816,206_fs3-00005.jpg,252.750,419.857
817,206_fs3-00005.jpg,252.556,419.306
818,206_fs3-00005.jpg,252.500,418.723
819,206_fs3-00005.jpg,252.500,418.138
820,206_fs3-00005.jpg,252.329,417.579
821,206_fs3-00005.jpg,252.250,416.999
822,206_fs3-00005.jpg,252.250,416.414
823,206_fs3-00005.jpg,252.250,415.829
824,206_fs3-00005.jpg,252.250,415.244
825,206_fs3-00005.jpg,252.250,414.659
826,206_fs3-00005.jpg,252.250,414.074
827,206_fs3-00005.jpg,252.239,413.489
828,206_fs3-00005.jpg,252.000,412.956
829,206_fs3-00005.jpg,252.000,412.371
830,206_fs3-00005.jpg,251.750,411.842
831,206_fs3-00005.jpg,251.750,411.257
832,206_fs3-00005.jpg,251.750,410.672
833,206_fs3-00005.jpg,251.750,410.087
834,206_fs3-00005.jpg,251.750,409.502
835,206_fs3-00005.jpg,251.750,408.917
836,206_fs3-00005.jpg,251.750,408.332
837,206_fs3-00005.jpg,252.000,407.803
838,206_fs3-00005.jpg,252.000,407.218
839,206_fs3-00005.jpg,252.000,406.633
840,206_fs3-00005.jpg,252.250,406.104
841,206_fs3-00005.jpg,252.250,405.519
842,206_fs3-00005.jpg,252.500,404.990
843,206_fs3-00005.jpg,252.588,404.412
844,206_fs3-00005.jpg,253.000,403.996
845,206_fs3-00005.jpg,253.250,403.467
846,206_fs3-00005.jpg,253.358,402.892
847,206_fs3-00005.jpg,253.627,402.373
848,206_fs3-00005.jpg,254.000,401.922
849,206_fs3-00005.jpg,254.250,401.393
850,206_fs3-00005.jpg,254.417,400.833
851,206_fs3-00005.jpg,254.500,400.254
852,206_fs3-00005.jpg,254.912,399.838
853,206_fs3-00005.jpg,255.250,399.361
854,206_fs3-00005.jpg,255.442,398.808
855,206_fs3-00005.jpg,255.856,398.394
856,206_fs3-00005.jpg,256.269,397.981
857,206_fs3-00005.jpg,256.789,397.711
858,206_fs3-00005.jpg,257.202,397.298
859,206_fs3-00005.jpg,257.472,396.778
860,206_fs3-00005.jpg,257.991,396.509
861,206_fs3-00005.jpg,258.279,396.000
862,206_fs3-00005.jpg,258.864,396.000
863,206_fs3-00005.jpg,259.340,395.660
864,206_fs3-00005.jpg,259.754,395.246
865,206_fs3-00005.jpg,260.284,395.000
866,206_fs3-00005.jpg,260.859,394.891
867,206_fs3-00005.jpg,261.294,394.500
868,206_fs3-00005.jpg,261.823,394.250
869,206_fs3-00005.jpg,262.352,394.000
870,206_fs3-00005.jpg,262.901,393.799
871,206_fs3-00005.jpg,263.339,393.411
872,206_fs3-00005.jpg,263.901,393.250
873,206_fs3-00005.jpg,264.430,393.000
874,206_fs3-00005.jpg,265.015,393.000
875,206_fs3-00005.jpg,265.600,393.000
876,206_fs3-00005.jpg,266.185,393.000
877,206_fs3-00005.jpg,266.714,392.750
878,206_fs3-00005.jpg,267.243,392.500
879,206_fs3-00005.jpg,267.772,392.250
880,206_fs3-00005.jpg,268.357,392.250
881,206_fs3-00005.jpg,268.942,392.250
882,206_fs3-00005.jpg,269.527,392.250
883,206_fs3-00005.jpg,270.112,392.250
884,206_fs3-00005.jpg,270.697,392.250
885,206_fs3-00005.jpg,271.282,392.250
886,206_fs3-00005.jpg,271.867,392.250
887,206_fs3-00005.jpg,272.342,392.592
888,206_fs3-00005.jpg,272.905,392.750
889,206_fs3-00005.jpg,273.434,393.000
890,206_fs3-00005.jpg,273.974,393.224
891,206_fs3-00005.jpg,274.388,393.638
892,206_fs3-00005.jpg,274.907,393.907
893,206_fs3-00005.jpg,275.426,394.176
894,206_fs3-00005.jpg,275.914,394.500
895,206_fs3-00005.jpg,276.368,394.868
896,206_fs3-00005.jpg,276.938,395.000
897,206_fs3-00005.jpg,277.250,395.495
898,206_fs3-00005.jpg,277.768,395.768
899,206_fs3-00005.jpg,278.250,396.099
900,206_fs3-00005.jpg,278.581,396.581
901,206_fs3-00005.jpg,278.995,396.995
902,206_fs3-00005.jpg,279.264,397.514
903,206_fs3-00005.jpg,279.678,397.928
904,206_fs3-00005.jpg,280.166,398.250
905,206_fs3-00005.jpg,280.250,398.829
906,206_fs3-00005.jpg,280.701,399.201
907,206_fs3-00005.jpg,281.000,399.704
908,206_fs3-00005.jpg,281.250,400.233
909,206_fs3-00005.jpg,281.655,400.655
910,206_fs3-00005.jpg,282.069,401.069
911,206_fs3-00005.jpg,282.338,401.588
912,206_fs3-00005.jpg,282.752,402.002
913,206_fs3-00005.jpg,283.021,402.521
914,206_fs3-00005.jpg,283.290,403.040
915,206_fs3-00005.jpg,283.560,403.560
916,206_fs3-00005.jpg,283.945,404.000
917,206_fs3-00005.jpg,284.249,404.500
918,206_fs3-00005.jpg,284.250,405.085
919,206_fs3-00005.jpg,284.500,405.614
920,206_fs3-00005.jpg,284.750,406.143
921,206_fs3-00005.jpg,285.000,406.672
922,206_fs3-00005.jpg,285.250,407.201
923,206_fs3-00005.jpg,285.486,407.736
924,206_fs3-00005.jpg,285.750,408.258
925,206_fs3-00005.jpg,286.066,408.750
926,206_fs3-00005.jpg,286.374,408.252
927,206_fs3-00006.jpg,256.000,478.000
928,206_fs3-00006.jpg,256.000,477.475
929,206_fs3-00006.jpg,256.000,476.949
930,206_fs3-00006.jpg,256.000,476.424
931,206_fs3-00006.jpg,256.000,475.898
932,206_fs3-00006.jpg,256.000,475.373
933,206_fs3-00006.jpg,256.000,474.848
934,206_fs3-00006.jpg,256.000,474.322
935,206_fs3-00006.jpg,256.000,473.797
936,206_fs3-00006.jpg,256.000,473.271
937,206_fs3-00006.jpg,256.000,472.746
938,206_fs3-00006.jpg,256.000,472.221
939,206_fs3-00006.jpg,256.244,471.756
940,206_fs3-00006.jpg,256.250,471.230
941,206_fs3-00006.jpg,256.250,470.705
942,206_fs3-00006.jpg,256.250,470.179
943,206_fs3-00006.jpg,256.250,469.654
944,206_fs3-00006.jpg,256.250,469.129
945,206_fs3-00006.jpg,256.250,468.603
946,206_fs3-00006.jpg,256.250,468.078
947,206_fs3-00006.jpg,256.250,467.552
948,206_fs3-00006.jpg,256.250,467.027
949,206_fs3-00006.jpg,256.250,466.502
950,206_fs3-00006.jpg,256.250,465.976
951,206_fs3-00006.jpg,256.250,465.451
952,206_fs3-00006.jpg,256.250,464.925
953,206_fs3-00006.jpg,256.250,464.400
954,206_fs3-00006.jpg,256.250,463.875
955,206_fs3-00006.jpg,256.250,463.349
956,206_fs3-00006.jpg,256.250,462.824
957,206_fs3-00006.jpg,256.250,462.298
958,206_fs3-00006.jpg,256.250,461.773
959,206_fs3-00006.jpg,256.250,461.248
960,206_fs3-00006.jpg,256.250,460.722
961,206_fs3-00006.jpg,256.250,460.197
962,206_fs3-00006.jpg,256.250,459.671
963,206_fs3-00006.jpg,256.250,459.146
964,206_fs3-00006.jpg,256.250,458.621
965,206_fs3-00006.jpg,256.250,458.095
966,206_fs3-00006.jpg,256.250,457.570
967,206_fs3-00006.jpg,256.250,457.044
968,206_fs3-00006.jpg,256.250,456.519
969,206_fs3-00006.jpg,256.250,455.994
970,206_fs3-00006.jpg,256.250,455.468
971,206_fs3-00006.jpg,256.250,454.943
972,206_fs3-00006.jpg,256.250,454.417
973,206_fs3-00006.jpg,256.250,453.892
974,206_fs3-00006.jpg,256.250,453.367
975,206_fs3-00006.jpg,256.250,452.841
976,206_fs3-00006.jpg,256.250,452.316
977,206_fs3-00006.jpg,256.250,451.790
978,206_fs3-00006.jpg,256.250,451.265
979,206_fs3-00006.jpg,256.250,450.740
980,206_fs3-00006.jpg,256.250,450.214
981,206_fs3-00006.jpg,256.250,449.689
982,206_fs3-00006.jpg,256.250,449.163
983,206_fs3-00006.jpg,256.250,448.638
984,206_fs3-00006.jpg,256.250,448.113
985,206_fs3-00006.jpg,256.250,447.587
986,206_fs3-00006.jpg,256.250,447.062
987,206_fs3-00006.jpg,256.250,446.536
988,206_fs3-00006.jpg,256.250,446.011
989,206_fs3-00006.jpg,256.033,445.533
990,206_fs3-00006.jpg,256.000,445.008
991,206_fs3-00006.jpg,256.000,444.483
992,206_fs3-00006.jpg,256.000,443.957
993,206_fs3-00006.jpg,256.000,443.432
994,206_fs3-00006.jpg,256.000,442.907
995,206_fs3-00006.jpg,256.000,442.381
996,206_fs3-00006.jpg,255.872,441.872
997,206_fs3-00006.jpg,255.750,441.361
998,206_fs3-00006.jpg,255.750,440.835
999,206_fs3-00006.jpg,255.750,440.310
1000,206_fs3-00006.jpg,255.750,439.784
1001,206_fs3-00006.jpg,255.750,439.259
1002,206_fs3-00006.jpg,255.750,438.734
1003,206_fs3-00006.jpg,255.750,438.208
1004,206_fs3-00006.jpg,255.750,437.683
1005,206_fs3-00006.jpg,255.750,437.157
1006,206_fs3-00006.jpg,255.750,436.632
1007,206_fs3-00006.jpg,255.750,436.107
1008,206_fs3-00006.jpg,255.750,435.581
1009,206_fs3-00006.jpg,255.750,435.056
1010,206_fs3-00006.jpg,255.750,434.530
1011,206_fs3-00006.jpg,255.750,434.005
1012,206_fs3-00006.jpg,255.750,433.480
1013,206_fs3-00006.jpg,255.750,432.954
1014,206_fs3-00006.jpg,255.750,432.429
1015,206_fs3-00006.jpg,255.750,431.903
1016,206_fs3-00006.jpg,255.750,431.378
1017,206_fs3-00006.jpg,255.750,430.853
1018,206_fs3-00006.jpg,256.000,430.391
1019,206_fs3-00006.jpg,256.000,429.865
1020,206_fs3-00006.jpg,256.000,429.340
1021,206_fs3-00006.jpg,256.000,428.814
1022,206_fs3-00006.jpg,256.000,428.289
1023,206_fs3-00006.jpg,256.000,427.764
1024,206_fs3-00006.jpg,256.000,427.238
1025,206_fs3-00006.jpg,256.000,426.713
1026,206_fs3-00006.jpg,256.000,426.187
1027,206_fs3-00006.jpg,256.000,425.662
1028,206_fs3-00006.jpg,256.000,425.137
1029,206_fs3-00006.jpg,256.000,424.611
1030,206_fs3-00006.jpg,256.000,424.086
1031,206_fs3-00006.jpg,256.000,423.560
1032,206_fs3-00006.jpg,256.000,423.035
1033,206_fs3-00006.jpg,256.000,422.510
1034,206_fs3-00006.jpg,256.000,421.984
1035,206_fs3-00006.jpg,255.960,421.460
1036,206_fs3-00006.jpg,255.735,420.985
1037,206_fs3-00006.jpg,255.500,420.516
1038,206_fs3-00006.jpg,255.286,420.036
1039,206_fs3-00006.jpg,255.250,419.512
1040,206_fs3-00006.jpg,255.250,418.986
1041,206_fs3-00006.jpg,255.212,418.462
1042,206_fs3-00006.jpg,255.000,417.982
1043,206_fs3-00006.jpg,254.763,417.513
1044,206_fs3-00006.jpg,254.750,416.988
1045,206_fs3-00006.jpg,254.750,416.462
1046,206_fs3-00006.jpg,254.500,416.000
1047,206_fs3-00006.jpg,254.475,415.475
1048,206_fs3-00006.jpg,254.250,415.001
1049,206_fs3-00006.jpg,254.250,414.475
1050,206_fs3-00006.jpg,254.250,413.950
1051,206_fs3-00006.jpg,254.250,413.424
1052,206_fs3-00006.jpg,254.250,412.899
1053,206_fs3-00006.jpg,254.250,412.374
1054,206_fs3-00006.jpg,254.250,411.848
1055,206_fs3-00006.jpg,254.250,411.323
1056,206_fs3-00006.jpg,254.250,410.797
1057,206_fs3-00006.jpg,254.250,410.272
1058,206_fs3-00006.jpg,254.250,409.747
1059,206_fs3-00006.jpg,254.222,409.222
1060,206_fs3-00006.jpg,254.000,408.746
1061,206_fs3-00006.jpg,254.000,408.220
1062,206_fs3-00006.jpg,254.000,407.695
1063,206_fs3-00006.jpg,254.000,407.169
1064,206_fs3-00006.jpg,254.000,406.644
1065,206_fs3-00006.jpg,254.000,406.119
1066,206_fs3-00006.jpg,253.750,405.657
1067,206_fs3-00006.jpg,253.750,405.131
1068,206_fs3-00006.jpg,253.750,404.606
1069,206_fs3-00006.jpg,253.500,404.144
1070,206_fs3-00006.jpg,253.500,403.618
1071,206_fs3-00006.jpg,253.500,403.093
1072,206_fs3-00006.jpg,253.500,402.567
1073,206_fs3-00006.jpg,253.500,402.042
1074,206_fs3-00006.jpg,253.500,401.517
1075,206_fs3-00006.jpg,253.713,401.037
1076,206_fs3-00006.jpg,253.750,400.512
1077,206_fs3-00006.jpg,253.750,399.987
1078,206_fs3-00006.jpg,253.750,399.462
1079,206_fs3-00006.jpg,253.750,398.936
1080,206_fs3-00006.jpg,253.908,398.435
1081,206_fs3-00006.jpg,254.000,397.918
1082,206_fs3-00006.jpg,254.098,397.402
1083,206_fs3-00006.jpg,254.250,396.899
1084,206_fs3-00006.jpg,254.250,396.373
1085,206_fs3-00006.jpg,254.620,396.000
1086,206_fs3-00006.jpg,254.927,395.573
1087,206_fs3-00006.jpg,255.151,395.099
1088,206_fs3-00006.jpg,255.376,394.624
1089,206_fs3-00006.jpg,255.748,394.252
1090,206_fs3-00006.jpg,256.209,394.000
1091,206_fs3-00006.jpg,256.461,393.539
1092,206_fs3-00006.jpg,256.832,393.168
1093,206_fs3-00006.jpg,257.307,392.943
1094,206_fs3-00006.jpg,257.679,392.571
1095,206_fs3-00006.jpg,258.050,392.200
1096,206_fs3-00006.jpg,258.422,391.828
1097,206_fs3-00006.jpg,258.832,391.500
1098,206_fs3-00006.jpg,259.294,391.250
1099,206_fs3-00006.jpg,259.756,391.000
1100,206_fs3-00006.jpg,260.229,390.771
1101,206_fs3-00006.jpg,260.704,390.546
1102,206_fs3-00006.jpg,261.138,390.250
1103,206_fs3-00006.jpg,261.600,390.000
1104,206_fs3-00006.jpg,262.126,390.000
1105,206_fs3-00006.jpg,262.651,390.000
1106,206_fs3-00006.jpg,263.176,390.000
1107,206_fs3-00006.jpg,263.702,390.000
1108,206_fs3-00006.jpg,264.227,390.000
1109,206_fs3-00006.jpg,264.753,390.000
1110,206_fs3-00006.jpg,265.278,390.000
1111,206_fs3-00006.jpg,265.803,390.000
1112,206_fs3-00006.jpg,266.329,390.000
1113,206_fs3-00006.jpg,266.845,390.095
1114,206_fs3-00006.jpg,267.250,390.431
1115,206_fs3-00006.jpg,267.701,390.701
1116,206_fs3-00006.jpg,268.224,390.750
1117,206_fs3-00006.jpg,268.686,391.000
1118,206_fs3-00006.jpg,269.148,391.250
1119,206_fs3-00006.jpg,269.309,391.750
1120,206_fs3-00006.jpg,269.771,392.000
1121,206_fs3-00007.jpg,259.000,492.500
1122,206_fs3-00007.jpg,258.891,491.993
1123,206_fs3-00007.jpg,258.783,491.487
1124,206_fs3-00007.jpg,258.674,490.980
1125,206_fs3-00007.jpg,258.566,490.474
1126,206_fs3-00007.jpg,258.457,489.967
1127,206_fs3-00007.jpg,258.349,489.461
1128,206_fs3-00007.jpg,258.250,488.952
1129,206_fs3-00007.jpg,258.250,488.435
1130,206_fs3-00007.jpg,258.250,487.917
1131,206_fs3-00007.jpg,258.157,487.407
1132,206_fs3-00007.jpg,258.000,486.913
1133,206_fs3-00007.jpg,258.000,486.395
1134,206_fs3-00007.jpg,258.000,485.877
1135,206_fs3-00007.jpg,258.000,485.359
1136,206_fs3-00007.jpg,257.860,484.860
1137,206_fs3-00007.jpg,257.750,484.354
1138,206_fs3-00007.jpg,257.750,483.836
1139,206_fs3-00007.jpg,257.750,483.318
1140,206_fs3-00007.jpg,257.750,482.800
1141,206_fs3-00007.jpg,257.500,482.347
1142,206_fs3-00007.jpg,257.500,481.829
1143,206_fs3-00007.jpg,257.500,481.311
1144,206_fs3-00007.jpg,257.324,480.824
1145,206_fs3-00007.jpg,257.250,480.311
1146,206_fs3-00007.jpg,257.250,479.793
1147,206_fs3-00007.jpg,257.250,479.275
1148,206_fs3-00007.jpg,257.250,478.757
1149,206_fs3-00007.jpg,257.035,478.285
1150,206_fs3-00007.jpg,257.000,477.769
1151,206_fs3-00007.jpg,256.794,477.294
1152,206_fs3-00007.jpg,256.750,476.777
1153,206_fs3-00007.jpg,256.750,476.259
1154,206_fs3-00007.jpg,256.500,475.806
1155,206_fs3-00007.jpg,256.500,475.288
1156,206_fs3-00007.jpg,256.307,474.807
1157,206_fs3-00007.jpg,256.250,474.292
1158,206_fs3-00007.jpg,256.250,473.774
1159,206_fs3-00007.jpg,256.250,473.256
1160,206_fs3-00007.jpg,256.250,472.738
1161,206_fs3-00007.jpg,256.250,472.220
1162,206_fs3-00007.jpg,256.250,471.702
1163,206_fs3-00007.jpg,256.250,471.184
1164,206_fs3-00007.jpg,256.250,470.666
1165,206_fs3-00007.jpg,256.250,470.148
1166,206_fs3-00007.jpg,256.250,469.630
1167,206_fs3-00007.jpg,256.250,469.112
1168,206_fs3-00007.jpg,256.250,468.594
1169,206_fs3-00007.jpg,256.250,468.076
1170,206_fs3-00007.jpg,256.250,467.558
1171,206_fs3-00007.jpg,256.250,467.040
1172,206_fs3-00007.jpg,256.250,466.522
1173,206_fs3-00007.jpg,256.250,466.004
1174,206_fs3-00007.jpg,256.250,465.486
1175,206_fs3-00007.jpg,256.250,464.968
1176,206_fs3-00007.jpg,256.250,464.450
1177,206_fs3-00007.jpg,256.250,463.932
1178,206_fs3-00007.jpg,256.250,463.414
1179,206_fs3-00007.jpg,256.250,462.896
1180,206_fs3-00007.jpg,256.250,462.378
1181,206_fs3-00007.jpg,256.250,461.860
1182,206_fs3-00007.jpg,256.250,461.342
1183,206_fs3-00007.jpg,256.250,460.824
1184,206_fs3-00007.jpg,256.250,460.306
1185,206_fs3-00007.jpg,256.250,459.788
1186,206_fs3-00007.jpg,256.250,459.270
1187,206_fs3-00007.jpg,256.250,458.752
1188,206_fs3-00007.jpg,256.250,458.234
1189,206_fs3-00007.jpg,256.250,457.716
1190,206_fs3-00007.jpg,256.250,457.198
1191,206_fs3-00007.jpg,256.250,456.680
1192,206_fs3-00007.jpg,256.250,456.162
1193,206_fs3-00007.jpg,256.250,455.644
1194,206_fs3-00007.jpg,256.250,455.126
1195,206_fs3-00007.jpg,256.500,454.672
1196,206_fs3-00007.jpg,256.500,454.154
1197,206_fs3-00007.jpg,256.500,453.636
1198,206_fs3-00007.jpg,256.500,453.118
1199,206_fs3-00007.jpg,256.572,452.606
1200,206_fs3-00007.jpg,256.750,452.119
1201,206_fs3-00007.jpg,256.750,451.601
1202,206_fs3-00007.jpg,256.750,451.083
1203,206_fs3-00007.jpg,256.948,450.604
1204,206_fs3-00007.jpg,257.000,450.089
1205,206_fs3-00007.jpg,257.000,449.571
1206,206_fs3-00007.jpg,257.169,449.081
1207,206_fs3-00007.jpg,257.250,448.570
1208,206_fs3-00007.jpg,257.250,448.052
1209,206_fs3-00007.jpg,257.250,447.534
1210,206_fs3-00007.jpg,257.250,447.016
1211,206_fs3-00007.jpg,257.250,446.498
1212,206_fs3-00007.jpg,257.471,446.029
1213,206_fs3-00007.jpg,257.500,445.512
1214,206_fs3-00007.jpg,257.500,444.994
1215,206_fs3-00007.jpg,257.524,444.476
1216,206_fs3-00007.jpg,257.750,444.010
1217,206_fs3-00007.jpg,257.750,443.493
1218,206_fs3-00007.jpg,257.750,442.975
1219,206_fs3-00007.jpg,257.986,442.514
1220,206_fs3-00007.jpg,258.000,441.996
1221,206_fs3-00007.jpg,258.000,441.478
1222,206_fs3-00007.jpg,258.000,440.960
1223,206_fs3-00007.jpg,258.029,440.443
1224,206_fs3-00007.jpg,258.250,439.974
1225,206_fs3-00007.jpg,258.250,439.456
1226,206_fs3-00007.jpg,258.250,438.938
1227,206_fs3-00007.jpg,258.250,438.420
1228,206_fs3-00007.jpg,258.250,437.902
1229,206_fs3-00007.jpg,258.250,437.384
1230,206_fs3-00007.jpg,258.250,436.866
1231,206_fs3-00007.jpg,258.500,436.413
1232,206_fs3-00007.jpg,258.500,435.895
1233,206_fs3-00007.jpg,258.500,435.377
1234,206_fs3-00007.jpg,258.750,434.923
1235,206_fs3-00007.jpg,258.750,434.405
1236,206_fs3-00007.jpg,258.750,433.887
1237,206_fs3-00007.jpg,258.868,433.382
1238,206_fs3-00007.jpg,259.000,432.882
1239,206_fs3-00007.jpg,259.000,432.364
1240,206_fs3-00007.jpg,259.000,431.846
1241,206_fs3-00007.jpg,259.000,431.328
1242,206_fs3-00007.jpg,259.000,430.810
1243,206_fs3-00007.jpg,259.000,430.292
1244,206_fs3-00007.jpg,259.000,429.774
1245,206_fs3-00007.jpg,259.000,429.256
1246,206_fs3-00007.jpg,258.750,428.802
1247,206_fs3-00007.jpg,258.750,428.284
1248,206_fs3-00007.jpg,258.750,427.766
1249,206_fs3-00007.jpg,258.631,427.262
1250,206_fs3-00007.jpg,258.500,426.761
1251,206_fs3-00007.jpg,258.493,426.243
1252,206_fs3-00007.jpg,258.250,425.785
1253,206_fs3-00007.jpg,258.250,425.267
1254,206_fs3-00007.jpg,258.250,424.749
1255,206_fs3-00007.jpg,258.250,424.231
1256,206_fs3-00007.jpg,258.018,423.768
1257,206_fs3-00007.jpg,258.000,423.250
1258,206_fs3-00007.jpg,257.781,422.781
1259,206_fs3-00007.jpg,257.750,422.264
1260,206_fs3-00007.jpg,257.500,421.810
1261,206_fs3-00007.jpg,257.401,421.302
1262,206_fs3-00007.jpg,257.250,420.806
1263,206_fs3-00007.jpg,257.250,420.288
1264,206_fs3-00007.jpg,257.250,419.770
1265,206_fs3-00007.jpg,257.000,419.316
1266,206_fs3-00007.jpg,256.750,418.863
1267,206_fs3-00007.jpg,256.613,418.363
1268,206_fs3-00007.jpg,256.250,417.994
1269,206_fs3-00007.jpg,256.250,417.476
1270,206_fs3-00007.jpg,256.209,416.959
1271,206_fs3-00007.jpg,256.000,416.486
1272,206_fs3-00007.jpg,255.750,416.032
1273,206_fs3-00007.jpg,255.500,415.578
1274,206_fs3-00007.jpg,255.250,415.125
1275,206_fs3-00007.jpg,255.181,414.611
1276,206_fs3-00007.jpg,255.000,414.126
1277,206_fs3-00007.jpg,254.750,413.672
1278,206_fs3-00007.jpg,254.500,413.218
1279,206_fs3-00007.jpg,254.250,412.765
1280,206_fs3-00007.jpg,254.250,412.247
1281,206_fs3-00007.jpg,254.000,411.793
1282,206_fs3-00007.jpg,253.750,411.339
1283,206_fs3-00007.jpg,253.595,410.845
1284,206_fs3-00007.jpg,253.376,410.376
1285,206_fs3-00007.jpg,253.250,409.873
1286,206_fs3-00007.jpg,253.180,409.360
1287,206_fs3-00007.jpg,252.915,408.915
1288,206_fs3-00007.jpg,252.718,408.436
1289,206_fs3-00007.jpg,252.500,407.966
1290,206_fs3-00007.jpg,252.450,407.450
1291,206_fs3-00007.jpg,252.250,406.973
1292,206_fs3-00007.jpg,252.250,406.455
1293,206_fs3-00007.jpg,252.250,405.937
1294,206_fs3-00007.jpg,252.250,405.419
1295,206_fs3-00007.jpg,252.000,404.965
1296,206_fs3-00007.jpg,252.000,404.447
1297,206_fs3-00007.jpg,251.933,403.933
1298,206_fs3-00007.jpg,251.750,403.449
1299,206_fs3-00007.jpg,251.685,402.935
1300,206_fs3-00007.jpg,251.500,402.451
1301,206_fs3-00007.jpg,251.500,401.933
1302,206_fs3-00007.jpg,251.500,401.415
1303,206_fs3-00007.jpg,251.500,400.897
1304,206_fs3-00007.jpg,251.500,400.379
1305,206_fs3-00007.jpg,251.500,399.861
1306,206_fs3-00007.jpg,251.638,399.362
1307,206_fs3-00007.jpg,251.857,398.893
1308,206_fs3-00007.jpg,252.077,398.423
1309,206_fs3-00007.jpg,252.250,397.935
1310,206_fs3-00007.jpg,252.500,397.481
1311,206_fs3-00007.jpg,252.691,397.000
1312,206_fs3-00007.jpg,253.000,396.584
1313,206_fs3-00007.jpg,253.159,396.091
1314,206_fs3-00008.jpg,269.500,499.000
1315,206_fs3-00008.jpg,269.059,498.652
1316,206_fs3-00008.jpg,268.618,498.304
1317,206_fs3-00008.jpg,268.177,497.956
1318,206_fs3-00008.jpg,267.737,497.608
1319,206_fs3-00008.jpg,267.296,497.260
1320,206_fs3-00008.jpg,266.855,496.912
1321,206_fs3-00008.jpg,266.414,496.564
1322,206_fs3-00008.jpg,265.973,496.216
1323,206_fs3-00008.jpg,265.532,495.868
1324,206_fs3-00008.jpg,265.091,495.519
1325,206_fs3-00008.jpg,264.660,495.160
1326,206_fs3-00008.jpg,264.158,494.908
1327,206_fs3-00008.jpg,263.906,494.406
1328,206_fs3-00008.jpg,263.404,494.154
1329,206_fs3-00008.jpg,263.152,493.652
1330,206_fs3-00008.jpg,262.650,493.400
1331,206_fs3-00008.jpg,262.253,493.003
1332,206_fs3-00008.jpg,261.855,492.605
1333,206_fs3-00008.jpg,261.458,492.208
1334,206_fs3-00008.jpg,261.061,491.811
1335,206_fs3-00008.jpg,260.786,491.322
1336,206_fs3-00008.jpg,260.440,490.879
1337,206_fs3-00008.jpg,260.250,490.350
1338,206_fs3-00008.jpg,259.811,490.000
1339,206_fs3-00008.jpg,259.699,489.449
1340,206_fs3-00008.jpg,259.302,489.052
1341,206_fs3-00008.jpg,259.244,488.494
1342,206_fs3-00008.jpg,258.846,488.096
1343,206_fs3-00008.jpg,258.659,487.567
1344,206_fs3-00008.jpg,258.500,487.028
1345,206_fs3-00008.jpg,258.267,486.517
1346,206_fs3-00008.jpg,258.250,485.956
1347,206_fs3-00008.jpg,258.250,485.394
1348,206_fs3-00008.jpg,258.102,484.852
1349,206_fs3-00008.jpg,258.000,484.300
1350,206_fs3-00008.jpg,257.750,483.797
1351,206_fs3-00008.jpg,257.518,483.285
1352,206_fs3-00008.jpg,257.475,482.725
1353,206_fs3-00008.jpg,257.250,482.211
1354,206_fs3-00008.jpg,257.157,481.657
1355,206_fs3-00008.jpg,257.000,481.117
1356,206_fs3-00008.jpg,256.750,480.614
1357,206_fs3-00008.jpg,256.579,480.079
1358,206_fs3-00008.jpg,256.327,479.577
1359,206_fs3-00008.jpg,256.250,479.021
1360,206_fs3-00008.jpg,256.250,478.459
1361,206_fs3-00008.jpg,256.250,477.898
1362,206_fs3-00008.jpg,256.060,477.369
1363,206_fs3-00008.jpg,255.913,476.827
1364,206_fs3-00008.jpg,255.750,476.289
1365,206_fs3-00008.jpg,255.500,475.786
1366,206_fs3-00008.jpg,255.475,475.225
1367,206_fs3-00008.jpg,255.250,474.711
1368,206_fs3-00008.jpg,255.250,474.149
1369,206_fs3-00008.jpg,255.250,473.587
1370,206_fs3-00008.jpg,255.250,473.026
1371,206_fs3-00008.jpg,255.250,472.464
1372,206_fs3-00008.jpg,255.250,471.902
1373,206_fs3-00008.jpg,255.062,471.373
1374,206_fs3-00008.jpg,255.000,470.815
1375,206_fs3-00008.jpg,255.000,470.253
1376,206_fs3-00008.jpg,255.000,469.691
1377,206_fs3-00008.jpg,255.000,469.130
1378,206_fs3-00008.jpg,255.000,468.568
1379,206_fs3-00008.jpg,254.795,468.045
1380,206_fs3-00008.jpg,254.750,467.485
1381,206_fs3-00008.jpg,254.750,466.923
1382,206_fs3-00008.jpg,254.750,466.362
1383,206_fs3-00008.jpg,254.750,465.800
1384,206_fs3-00008.jpg,254.750,465.238
1385,206_fs3-00008.jpg,254.750,464.677
1386,206_fs3-00008.jpg,254.750,464.115
1387,206_fs3-00008.jpg,254.750,463.553
1388,206_fs3-00008.jpg,254.750,462.991
1389,206_fs3-00008.jpg,254.750,462.430
1390,206_fs3-00008.jpg,254.750,461.868
1391,206_fs3-00008.jpg,254.750,461.306
1392,206_fs3-00008.jpg,254.750,460.745
1393,206_fs3-00008.jpg,254.750,460.183
1394,206_fs3-00008.jpg,254.750,459.621
1395,206_fs3-00008.jpg,255.000,459.118
1396,206_fs3-00008.jpg,255.000,458.557
1397,206_fs3-00008.jpg,255.228,458.043
1398,206_fs3-00008.jpg,255.250,457.482
1399,206_fs3-00008.jpg,255.250,456.920
1400,206_fs3-00008.jpg,255.250,456.359
1401,206_fs3-00008.jpg,255.500,455.856
1402,206_fs3-00008.jpg,255.500,455.294
1403,206_fs3-00008.jpg,255.627,454.747
1404,206_fs3-00008.jpg,255.750,454.199
1405,206_fs3-00008.jpg,255.805,453.640
1406,206_fs3-00008.jpg,256.000,453.113
1407,206_fs3-00008.jpg,256.000,452.551
1408,206_fs3-00008.jpg,256.005,451.990
1409,206_fs3-00008.jpg,256.250,451.484
1410,206_fs3-00008.jpg,256.250,450.922
1411,206_fs3-00008.jpg,256.250,450.361
1412,206_fs3-00008.jpg,256.250,449.799
1413,206_fs3-00008.jpg,256.250,449.237
1414,206_fs3-00008.jpg,256.500,448.734
1415,206_fs3-00008.jpg,256.500,448.173
1416,206_fs3-00008.jpg,256.500,447.611
1417,206_fs3-00008.jpg,256.500,447.049
1418,206_fs3-00008.jpg,256.624,446.501
1419,206_fs3-00008.jpg,256.750,445.954
1420,206_fs3-00008.jpg,256.750,445.392
1421,206_fs3-00008.jpg,256.750,444.831
1422,206_fs3-00008.jpg,256.750,444.269
1423,206_fs3-00008.jpg,256.750,443.707
1424,206_fs3-00008.jpg,256.846,443.154
1425,206_fs3-00008.jpg,257.000,442.613
1426,206_fs3-00008.jpg,257.000,442.052
1427,206_fs3-00008.jpg,257.000,441.490
1428,206_fs3-00008.jpg,257.000,440.928
1429,206_fs3-00008.jpg,257.000,440.367
1430,206_fs3-00008.jpg,257.000,439.805
1431,206_fs3-00008.jpg,257.214,439.286
1432,206_fs3-00008.jpg,257.250,438.725
1433,206_fs3-00008.jpg,257.250,438.163
1434,206_fs3-00008.jpg,257.250,437.602
1435,206_fs3-00008.jpg,257.250,437.040
1436,206_fs3-00008.jpg,257.250,436.478
1437,206_fs3-00008.jpg,257.250,435.917
1438,206_fs3-00008.jpg,257.250,435.355
1439,206_fs3-00008.jpg,257.250,434.793
1440,206_fs3-00008.jpg,257.500,434.290
1441,206_fs3-00008.jpg,257.500,433.729
1442,206_fs3-00008.jpg,257.500,433.167
1443,206_fs3-00008.jpg,257.570,432.610
1444,206_fs3-00008.jpg,257.750,432.077
1445,206_fs3-00008.jpg,257.750,431.516
1446,206_fs3-00008.jpg,257.750,430.954
1447,206_fs3-00008.jpg,257.750,430.392
1448,206_fs3-00008.jpg,257.750,429.831
1449,206_fs3-00008.jpg,257.750,429.269
1450,206_fs3-00008.jpg,257.750,428.707
1451,206_fs3-00008.jpg,257.750,428.146
1452,206_fs3-00008.jpg,257.897,427.603
1453,206_fs3-00008.jpg,258.000,427.051
1454,206_fs3-00008.jpg,258.000,426.490
1455,206_fs3-00008.jpg,258.000,425.928
1456,206_fs3-00008.jpg,258.000,425.366
1457,206_fs3-00008.jpg,258.000,424.804
1458,206_fs3-00008.jpg,258.215,424.285
1459,206_fs3-00008.jpg,258.250,423.725
1460,206_fs3-00008.jpg,258.250,423.163
1461,206_fs3-00008.jpg,258.250,422.601
1462,206_fs3-00008.jpg,258.250,422.040
1463,206_fs3-00008.jpg,258.250,421.478
1464,206_fs3-00008.jpg,258.250,420.916
1465,206_fs3-00008.jpg,258.250,420.355
1466,206_fs3-00008.jpg,258.250,419.793
1467,206_fs3-00008.jpg,258.250,419.231
1468,206_fs3-00008.jpg,258.250,418.669
1469,206_fs3-00008.jpg,258.250,418.108
1470,206_fs3-00008.jpg,258.000,417.605
1471,206_fs3-00008.jpg,258.000,417.043
1472,206_fs3-00008.jpg,258.000,416.481
1473,206_fs3-00008.jpg,257.925,415.925
1474,206_fs3-00008.jpg,257.750,415.391
1475,206_fs3-00008.jpg,257.500,414.888
1476,206_fs3-00008.jpg,257.347,414.347
1477,206_fs3-00008.jpg,257.250,413.794
1478,206_fs3-00008.jpg,257.233,413.233
1479,206_fs3-00008.jpg,257.000,412.721
1480,206_fs3-00008.jpg,257.000,412.160
1481,206_fs3-00008.jpg,256.750,411.657
1482,206_fs3-00008.jpg,256.750,411.095
1483,206_fs3-00008.jpg,256.500,410.592
1484,206_fs3-00008.jpg,256.250,410.089
1485,206_fs3-00008.jpg,256.250,409.527
1486,206_fs3-00008.jpg,256.000,409.024
1487,206_fs3-00008.jpg,255.615,408.615
1488,206_fs3-00008.jpg,255.363,408.113
1489,206_fs3-00008.jpg,255.250,407.563
1490,206_fs3-00008.jpg,255.000,407.060
1491,206_fs3-00008.jpg,254.634,406.634
1492,206_fs3-00008.jpg,254.250,406.224
1493,206_fs3-00008.jpg,254.000,405.721
1494,206_fs3-00008.jpg,253.729,405.229
1495,206_fs3-00008.jpg,253.332,404.832
1496,206_fs3-00008.jpg,253.250,404.276
1497,206_fs3-00008.jpg,252.866,403.866
1498,206_fs3-00008.jpg,252.614,403.364
1499,206_fs3-00008.jpg,252.250,402.936
1500,206_fs3-00008.jpg,251.957,402.457
1501,206_fs3-00008.jpg,251.631,402.000
1502,206_fs3-00008.jpg,251.250,401.587
1503,206_fs3-00008.jpg,250.899,401.149
1504,206_fs3-00008.jpg,250.647,400.647
1505,206_fs3-00008.jpg,250.339,400.177
1506,206_fs3-00008.jpg,250.000,399.729
1507,206_fs3-00009.jpg,287.500,499.750
1508,206_fs3-00009.jpg,286.907,499.596
1509,206_fs3-00009.jpg,286.313,499.442
1510,206_fs3-00009.jpg,285.720,499.288
1511,206_fs3-00009.jpg,285.126,499.135
1512,206_fs3-00009.jpg,284.533,498.981
1513,206_fs3-00009.jpg,283.939,498.827
1514,206_fs3-00009.jpg,283.346,498.673
1515,206_fs3-00009.jpg,282.752,498.519
1516,206_fs3-00009.jpg,282.159,498.365
1517,206_fs3-00009.jpg,281.565,498.211
1518,206_fs3-00009.jpg,280.972,498.057
1519,206_fs3-00009.jpg,280.384,497.884
1520,206_fs3-00009.jpg,279.844,497.594
1521,206_fs3-00009.jpg,279.336,497.250
1522,206_fs3-00009.jpg,278.776,497.000
1523,206_fs3-00009.jpg,278.168,496.918
1524,206_fs3-00009.jpg,277.628,496.628
1525,206_fs3-00009.jpg,277.088,496.338
1526,206_fs3-00009.jpg,276.548,496.048
1527,206_fs3-00009.jpg,275.937,496.000
1528,206_fs3-00009.jpg,275.344,495.844
1529,206_fs3-00009.jpg,274.836,495.500
1530,206_fs3-00009.jpg,274.269,495.269
1531,206_fs3-00009.jpg,273.718,495.000
1532,206_fs3-00009.jpg,273.158,494.750
1533,206_fs3-00009.jpg,272.598,494.500
1534,206_fs3-00009.jpg,272.118,494.118
1535,206_fs3-00009.jpg,271.517,494.000
1536,206_fs3-00009.jpg,271.000,493.670
1537,206_fs3-00009.jpg,270.434,493.434
1538,206_fs3-00009.jpg,270.001,493.000
1539,206_fs3-00009.jpg,269.441,492.750
1540,206_fs3-00009.jpg,269.038,492.288
1541,206_fs3-00009.jpg,268.497,492.000
1542,206_fs3-00009.jpg,267.958,491.708
1543,206_fs3-00009.jpg,267.500,491.300
1544,206_fs3-00009.jpg,266.965,491.000
1545,206_fs3-00009.jpg,266.438,490.688
1546,206_fs3-00009.jpg,266.004,490.254
1547,206_fs3-00009.jpg,265.446,490.000
1548,206_fs3-00009.jpg,265.040,489.540
1549,206_fs3-00009.jpg,264.607,489.107
1550,206_fs3-00009.jpg,264.067,488.817
1551,206_fs3-00009.jpg,263.633,488.383
1552,206_fs3-00009.jpg,263.155,488.000
1553,206_fs3-00009.jpg,262.651,487.651
1554,206_fs3-00009.jpg,262.217,487.217
1555,206_fs3-00009.jpg,261.677,486.927
1556,206_fs3-00009.jpg,261.250,486.487
1557,206_fs3-00009.jpg,260.810,486.060
1558,206_fs3-00009.jpg,260.270,485.770
1559,206_fs3-00009.jpg,259.980,485.230
1560,206_fs3-00009.jpg,259.440,484.940
1561,206_fs3-00009.jpg,259.013,484.500
1562,206_fs3-00009.jpg,258.573,484.073
1563,206_fs3-00009.jpg,258.139,483.639
1564,206_fs3-00009.jpg,257.706,483.206
1565,206_fs3-00009.jpg,257.272,482.772
1566,206_fs3-00009.jpg,256.982,482.232
1567,206_fs3-00009.jpg,256.500,481.854
1568,206_fs3-00009.jpg,256.250,481.294
1569,206_fs3-00009.jpg,256.000,480.734
1570,206_fs3-00009.jpg,255.700,480.200
1571,206_fs3-00009.jpg,255.409,479.659
1572,206_fs3-00009.jpg,255.250,479.067
1573,206_fs3-00009.jpg,255.000,478.508
1574,206_fs3-00009.jpg,254.715,477.965
1575,206_fs3-00009.jpg,254.425,477.425
1576,206_fs3-00009.jpg,254.250,476.837
1577,206_fs3-00009.jpg,254.019,476.269
1578,206_fs3-00009.jpg,253.750,475.718
1579,206_fs3-00009.jpg,253.619,475.119
1580,206_fs3-00009.jpg,253.329,474.579
1581,206_fs3-00009.jpg,253.250,473.971
1582,206_fs3-00009.jpg,253.122,473.372
1583,206_fs3-00009.jpg,252.832,472.832
1584,206_fs3-00009.jpg,252.727,472.227
1585,206_fs3-00009.jpg,252.437,471.687
1586,206_fs3-00009.jpg,252.250,471.103
1587,206_fs3-00009.jpg,252.250,470.490
1588,206_fs3-00009.jpg,252.250,469.877
1589,206_fs3-00009.jpg,252.000,469.317
1590,206_fs3-00009.jpg,251.755,468.755
1591,206_fs3-00009.jpg,251.750,468.142
1592,206_fs3-00009.jpg,251.500,467.582
1593,206_fs3-00009.jpg,251.500,466.969
1594,206_fs3-00009.jpg,251.250,466.409
1595,206_fs3-00009.jpg,251.250,465.796
1596,206_fs3-00009.jpg,251.250,465.183
1597,206_fs3-00009.jpg,251.250,464.570
1598,206_fs3-00009.jpg,251.250,463.957
1599,206_fs3-00009.jpg,251.250,463.344
1600,206_fs3-00009.jpg,251.250,462.731
1601,206_fs3-00009.jpg,251.250,462.118
1602,206_fs3-00009.jpg,251.250,461.505
1603,206_fs3-00009.jpg,251.250,460.892
1604,206_fs3-00009.jpg,251.250,460.278
1605,206_fs3-00009.jpg,251.250,459.665
1606,206_fs3-00009.jpg,251.250,459.052
1607,206_fs3-00009.jpg,251.250,458.439
1608,206_fs3-00009.jpg,251.250,457.826
1609,206_fs3-00009.jpg,251.250,457.213
1610,206_fs3-00009.jpg,251.250,456.600
1611,206_fs3-00009.jpg,251.250,455.987
1612,206_fs3-00009.jpg,251.365,455.385
1613,206_fs3-00009.jpg,251.500,454.786
1614,206_fs3-00009.jpg,251.750,454.227
1615,206_fs3-00009.jpg,251.750,453.614
1616,206_fs3-00009.jpg,252.000,453.054
1617,206_fs3-00009.jpg,252.000,452.441
1618,206_fs3-00009.jpg,252.153,451.847
1619,206_fs3-00009.jpg,252.250,451.242
1620,206_fs3-00009.jpg,252.250,450.628
1621,206_fs3-00009.jpg,252.250,450.015
1622,206_fs3-00009.jpg,252.500,449.456
1623,206_fs3-00009.jpg,252.750,448.896
1624,206_fs3-00009.jpg,252.750,448.283
1625,206_fs3-00009.jpg,253.167,447.833
1626,206_fs3-00009.jpg,253.250,447.226
1627,206_fs3-00009.jpg,253.250,446.613
1628,206_fs3-00009.jpg,253.500,446.053
1629,206_fs3-00009.jpg,253.765,445.500
1630,206_fs3-00009.jpg,254.120,445.000
1631,206_fs3-00009.jpg,254.250,444.401
1632,206_fs3-00009.jpg,254.602,443.898
1633,206_fs3-00009.jpg,254.892,443.358
1634,206_fs3-00009.jpg,255.250,442.861
1635,206_fs3-00009.jpg,255.250,442.248
1636,206_fs3-00009.jpg,255.500,441.688
1637,206_fs3-00009.jpg,255.750,441.128
1638,206_fs3-00009.jpg,256.000,440.568
1639,206_fs3-00009.jpg,256.244,440.006
1640,206_fs3-00009.jpg,256.250,439.393
1641,206_fs3-00009.jpg,256.721,439.000
1642,206_fs3-00009.jpg,256.849,438.401
1643,206_fs3-00009.jpg,257.250,437.936
1644,206_fs3-00009.jpg,257.406,437.344
1645,206_fs3-00009.jpg,257.750,436.836
1646,206_fs3-00009.jpg,258.000,436.276
1647,206_fs3-00009.jpg,258.315,435.750
1648,206_fs3-00009.jpg,258.715,435.285
1649,206_fs3-00009.jpg,259.003,434.744
1650,206_fs3-00009.jpg,259.250,434.183
1651,206_fs3-00009.jpg,259.500,433.623
1652,206_fs3-00009.jpg,259.750,433.063
1653,206_fs3-00009.jpg,260.000,432.504
1654,206_fs3-00009.jpg,260.250,431.944
1655,206_fs3-00009.jpg,260.401,431.349
1656,206_fs3-00009.jpg,260.750,430.846
1657,206_fs3-00009.jpg,261.000,430.286
1658,206_fs3-00009.jpg,261.250,429.726
1659,206_fs3-00009.jpg,261.374,429.126
1660,206_fs3-00009.jpg,261.598,428.555
1661,206_fs3-00009.jpg,261.750,427.961
1662,206_fs3-00009.jpg,261.887,427.363
1663,206_fs3-00009.jpg,262.000,426.761
1664,206_fs3-00009.jpg,262.000,426.147
1665,206_fs3-00009.jpg,262.000,425.534
1666,206_fs3-00009.jpg,262.074,424.926
1667,206_fs3-00009.jpg,262.250,424.338
1668,206_fs3-00009.jpg,262.250,423.725
1669,206_fs3-00009.jpg,262.250,423.112
1670,206_fs3-00009.jpg,262.250,422.499
1671,206_fs3-00009.jpg,262.250,421.886
1672,206_fs3-00009.jpg,262.250,421.273
1673,206_fs3-00009.jpg,262.250,420.660
1674,206_fs3-00009.jpg,262.000,420.100
1675,206_fs3-00009.jpg,262.000,419.487
1676,206_fs3-00009.jpg,261.750,418.927
1677,206_fs3-00009.jpg,261.750,418.314
1678,206_fs3-00009.jpg,261.500,417.754
1679,206_fs3-00009.jpg,261.250,417.194
1680,206_fs3-00009.jpg,261.250,416.581
1681,206_fs3-00009.jpg,261.015,416.015
1682,206_fs3-00009.jpg,260.750,415.462
1683,206_fs3-00009.jpg,260.500,414.902
1684,206_fs3-00009.jpg,260.250,414.342
1685,206_fs3-00009.jpg,260.230,413.730
1686,206_fs3-00009.jpg,260.000,413.161
1687,206_fs3-00009.jpg,259.750,412.601
1688,206_fs3-00009.jpg,259.500,412.042
1689,206_fs3-00009.jpg,259.250,411.482
1690,206_fs3-00009.jpg,259.130,410.880
1691,206_fs3-00010.jpg,295.500,503.167
1692,206_fs3-00010.jpg,294.875,503.051
1693,206_fs3-00010.jpg,294.250,502.935
1694,206_fs3-00010.jpg,293.625,502.819
1695,206_fs3-00010.jpg,293.000,502.704
1696,206_fs3-00010.jpg,292.375,502.588
1697,206_fs3-00010.jpg,291.750,502.472
1698,206_fs3-00010.jpg,291.125,502.357
1699,206_fs3-00010.jpg,290.500,502.241
1700,206_fs3-00010.jpg,289.875,502.125
1701,206_fs3-00010.jpg,289.250,502.009
1702,206_fs3-00010.jpg,288.625,501.894
1703,206_fs3-00010.jpg,288.000,501.778
1704,206_fs3-00010.jpg,287.375,501.662
1705,206_fs3-00010.jpg,286.750,501.546
1706,206_fs3-00010.jpg,286.241,501.167
1707,206_fs3-00010.jpg,285.699,500.833
1708,206_fs3-00010.jpg,285.071,500.738
1709,206_fs3-00010.jpg,284.482,500.500
1710,206_fs3-00010.jpg,283.846,500.500
1711,206_fs3-00010.jpg,283.305,500.167
1712,206_fs3-00010.jpg,282.764,499.833
1713,206_fs3-00010.jpg,282.223,499.500
1714,206_fs3-00010.jpg,281.681,499.167
1715,206_fs3-00010.jpg,281.046,499.167
1716,206_fs3-00010.jpg,280.500,498.841
1717,206_fs3-00010.jpg,279.964,498.500
1718,206_fs3-00010.jpg,279.347,498.347
1719,206_fs3-00010.jpg,278.972,497.833
1720,206_fs3-00010.jpg,278.336,497.833
1721,206_fs3-00010.jpg,277.795,497.500
1722,206_fs3-00010.jpg,277.254,497.167
1723,206_fs3-00010.jpg,276.713,496.833
1724,206_fs3-00010.jpg,276.172,496.500
1725,206_fs3-00010.jpg,275.536,496.500
1726,206_fs3-00010.jpg,274.995,496.167
1727,206_fs3-00010.jpg,274.454,495.833
1728,206_fs3-00010.jpg,273.833,495.695
1729,206_fs3-00010.jpg,273.228,495.500
1730,206_fs3-00010.jpg,272.627,495.294
1731,206_fs3-00010.jpg,272.004,495.167
1732,206_fs3-00010.jpg,271.380,495.047
1733,206_fs3-00010.jpg,270.931,494.597
1734,206_fs3-00010.jpg,270.303,494.500
1735,206_fs3-00010.jpg,269.833,494.071
1736,206_fs3-00010.jpg,269.244,493.833
1737,206_fs3-00010.jpg,268.758,493.424
1738,206_fs3-00010.jpg,268.308,492.975
1739,206_fs3-00010.jpg,267.724,492.724
1740,206_fs3-00010.jpg,267.140,492.473
1741,206_fs3-00010.jpg,266.691,492.024
1742,206_fs3-00010.jpg,266.107,491.773
1743,206_fs3-00010.jpg,265.657,491.324
1744,206_fs3-00010.jpg,265.041,491.167
1745,206_fs3-00010.jpg,264.500,490.833
1746,206_fs3-00010.jpg,263.864,490.833
1747,206_fs3-00010.jpg,263.400,490.400
1748,206_fs3-00010.jpg,262.816,490.149
1749,206_fs3-00010.jpg,262.264,489.833
1750,206_fs3-00010.jpg,261.723,489.500
1751,206_fs3-00010.jpg,261.182,489.167
1752,206_fs3-00010.jpg,260.640,488.833
1753,206_fs3-00010.jpg,260.099,488.500
1754,206_fs3-00010.jpg,259.500,488.288
1755,206_fs3-00010.jpg,259.056,487.833
1756,206_fs3-00010.jpg,258.500,487.525
1757,206_fs3-00010.jpg,257.975,487.167
1758,206_fs3-00010.jpg,257.434,486.833
1759,206_fs3-00010.jpg,256.871,486.538
1760,206_fs3-00010.jpg,256.422,486.088
1761,206_fs3-00010.jpg,255.840,485.833
1762,206_fs3-00010.jpg,255.298,485.500
1763,206_fs3-00010.jpg,255.167,484.878
1764,206_fs3-00010.jpg,254.740,484.407
1765,206_fs3-00010.jpg,254.291,483.957
1766,206_fs3-00010.jpg,253.841,483.508
1767,206_fs3-00010.jpg,253.833,482.872
1768,206_fs3-00010.jpg,253.404,482.404
1769,206_fs3-00010.jpg,253.124,481.833
1770,206_fs3-00010.jpg,252.696,481.363
1771,206_fs3-00010.jpg,252.500,480.758
1772,206_fs3-00010.jpg,252.199,480.199
1773,206_fs3-00010.jpg,251.948,479.615
1774,206_fs3-00010.jpg,251.500,479.164
1775,206_fs3-00010.jpg,251.247,478.581
1776,206_fs3-00010.jpg,251.167,477.950
1777,206_fs3-00010.jpg,250.833,477.409
1778,206_fs3-00010.jpg,250.522,476.855
1779,206_fs3-00010.jpg,250.167,476.328
1780,206_fs3-00010.jpg,249.833,475.787
1781,206_fs3-00010.jpg,249.818,475.151
1782,206_fs3-00010.jpg,249.500,474.601
1783,206_fs3-00010.jpg,249.324,473.990
1784,206_fs3-00010.jpg,248.919,473.500
1785,206_fs3-00010.jpg,248.833,472.870
1786,206_fs3-00010.jpg,248.833,472.235
1787,206_fs3-00010.jpg,248.577,471.653
1788,206_fs3-00010.jpg,248.500,471.022
1789,206_fs3-00010.jpg,248.500,470.387
1790,206_fs3-00010.jpg,248.187,469.833
1791,206_fs3-00010.jpg,248.167,469.198
1792,206_fs3-00010.jpg,248.167,468.562
1793,206_fs3-00010.jpg,247.833,468.021
1794,206_fs3-00010.jpg,247.833,467.386
1795,206_fs3-00010.jpg,247.833,466.750
1796,206_fs3-00010.jpg,247.833,466.114
1797,206_fs3-00010.jpg,247.813,465.479
1798,206_fs3-00010.jpg,247.500,464.926
1799,206_fs3-00010.jpg,247.500,464.290
1800,206_fs3-00010.jpg,247.500,463.655
1801,206_fs3-00010.jpg,247.500,463.019
1802,206_fs3-00010.jpg,247.500,462.383
1803,206_fs3-00010.jpg,247.500,461.748
1804,206_fs3-00010.jpg,247.500,461.112
1805,206_fs3-00010.jpg,247.500,460.477
1806,206_fs3-00010.jpg,247.500,459.841
1807,206_fs3-00010.jpg,247.745,459.255
1808,206_fs3-00010.jpg,247.833,458.625
1809,206_fs3-00010.jpg,247.833,457.990
1810,206_fs3-00010.jpg,248.167,457.448
1811,206_fs3-00010.jpg,248.167,456.813
1812,206_fs3-00010.jpg,248.500,456.272
1813,206_fs3-00010.jpg,248.500,455.636
1814,206_fs3-00010.jpg,248.500,455.000
1815,206_fs3-00010.jpg,248.833,454.459
1816,206_fs3-00010.jpg,249.112,453.888
1817,206_fs3-00010.jpg,249.363,453.304
1818,206_fs3-00010.jpg,249.613,452.720
1819,206_fs3-00010.jpg,249.833,452.123
1820,206_fs3-00010.jpg,249.833,451.488
1821,206_fs3-00010.jpg,250.167,450.947
1822,206_fs3-00010.jpg,250.500,450.406
1823,206_fs3-00010.jpg,250.833,449.864
1824,206_fs3-00010.jpg,251.167,449.323
1825,206_fs3-00010.jpg,251.167,448.688
1826,206_fs3-00010.jpg,251.500,448.146
1827,206_fs3-00010.jpg,251.833,447.605
1828,206_fs3-00010.jpg,252.293,447.167
1829,206_fs3-00010.jpg,252.500,446.566
1830,206_fs3-00010.jpg,252.915,446.085
1831,206_fs3-00010.jpg,253.499,445.833
1832,206_fs3-00010.jpg,253.833,445.293
1833,206_fs3-00010.jpg,253.990,444.677
1834,206_fs3-00010.jpg,254.439,444.227
1835,206_fs3-00010.jpg,254.833,443.728
1836,206_fs3-00010.jpg,255.167,443.187
1837,206_fs3-00010.jpg,255.500,442.646
1838,206_fs3-00010.jpg,255.871,442.129
1839,206_fs3-00010.jpg,256.433,441.833
1840,206_fs3-00010.jpg,256.500,441.201
1841,206_fs3-00010.jpg,256.833,440.660
1842,206_fs3-00010.jpg,257.196,440.138
1843,206_fs3-00010.jpg,257.645,439.688
1844,206_fs3-00010.jpg,258.008,439.167
1845,206_fs3-00010.jpg,258.530,438.804
1846,206_fs3-00010.jpg,258.979,438.354
1847,206_fs3-00010.jpg,259.343,437.833
1848,206_fs3-00010.jpg,259.696,437.304
1849,206_fs3-00010.jpg,260.145,436.855
1850,206_fs3-00010.jpg,260.595,436.405
1851,206_fs3-00010.jpg,260.872,435.833
1852,206_fs3-00010.jpg,261.413,435.500
1853,206_fs3-00010.jpg,261.722,434.945
1854,206_fs3-00010.jpg,261.833,434.319
1855,206_fs3-00010.jpg,262.167,433.778
1856,206_fs3-00010.jpg,262.167,433.142
1857,206_fs3-00010.jpg,262.500,432.601
1858,206_fs3-00010.jpg,262.500,431.965
1859,206_fs3-00010.jpg,262.500,431.330
1860,206_fs3-00010.jpg,262.500,430.694
1861,206_fs3-00010.jpg,262.500,430.059
1862,206_fs3-00010.jpg,262.500,429.423
1863,206_fs3-00010.jpg,262.500,428.787
1864,206_fs3-00010.jpg,262.500,428.152
1865,206_fs3-00010.jpg,262.239,427.572
1866,206_fs3-00010.jpg,262.610,427.056
1867,206_fs3-00010.jpg,263.060,426.607
1868,206_fs3-00011.jpg,311.833,508.500
1869,206_fs3-00011.jpg,311.184,508.380
1870,206_fs3-00011.jpg,310.535,508.260
1871,206_fs3-00011.jpg,309.886,508.139
1872,206_fs3-00011.jpg,309.237,508.019
1873,206_fs3-00011.jpg,308.588,507.899
1874,206_fs3-00011.jpg,307.938,507.779
1875,206_fs3-00011.jpg,307.289,507.659
1876,206_fs3-00011.jpg,306.640,507.538
1877,206_fs3-00011.jpg,305.991,507.418
1878,206_fs3-00011.jpg,305.342,507.298
1879,206_fs3-00011.jpg,304.693,507.178
1880,206_fs3-00011.jpg,304.043,507.057
1881,206_fs3-00011.jpg,303.394,506.937
1882,206_fs3-00011.jpg,302.759,506.759
1883,206_fs3-00011.jpg,302.151,506.500
1884,206_fs3-00011.jpg,301.511,506.339
1885,206_fs3-00011.jpg,300.874,506.167
1886,206_fs3-00011.jpg,300.304,505.833
1887,206_fs3-00011.jpg,299.644,505.833
1888,206_fs3-00011.jpg,299.074,505.500
1889,206_fs3-00011.jpg,298.413,505.500
1890,206_fs3-00011.jpg,297.833,505.185
1891,206_fs3-00011.jpg,297.173,505.167
1892,206_fs3-00011.jpg,296.604,504.833
1893,206_fs3-00011.jpg,296.034,504.500
1894,206_fs3-00011.jpg,295.373,504.500
1895,206_fs3-00011.jpg,294.723,504.389
1896,206_fs3-00011.jpg,294.101,504.167
1897,206_fs3-00011.jpg,293.531,503.833
1898,206_fs3-00011.jpg,292.919,503.586
1899,206_fs3-00011.jpg,292.316,503.316
1900,206_fs3-00011.jpg,291.673,503.167
1901,206_fs3-00011.jpg,291.028,503.028
1902,206_fs3-00011.jpg,290.425,502.759
1903,206_fs3-00011.jpg,289.833,502.466
1904,206_fs3-00011.jpg,289.350,502.017
1905,206_fs3-00011.jpg,288.716,501.833
1906,206_fs3-00011.jpg,288.063,501.730
1907,206_fs3-00011.jpg,287.461,501.461
1908,206_fs3-00011.jpg,286.870,501.167
1909,206_fs3-00011.jpg,286.300,500.833
1910,206_fs3-00011.jpg,285.662,500.662
1911,206_fs3-00011.jpg,285.022,500.500
1912,206_fs3-00011.jpg,284.374,500.374
1913,206_fs3-00011.jpg,283.771,500.105
1914,206_fs3-00011.jpg,283.170,499.833
1915,206_fs3-00011.jpg,282.600,499.500
1916,206_fs3-00011.jpg,282.030,499.167
1917,206_fs3-00011.jpg,281.370,499.167
1918,206_fs3-00011.jpg,280.800,498.833
1919,206_fs3-00011.jpg,280.208,498.541
1920,206_fs3-00011.jpg,279.664,498.167
1921,206_fs3-00011.jpg,279.094,497.833
1922,206_fs3-00011.jpg,278.434,497.833
1923,206_fs3-00011.jpg,277.853,497.520
1924,206_fs3-00011.jpg,277.295,497.167
1925,206_fs3-00011.jpg,276.725,496.833
1926,206_fs3-00011.jpg,276.155,496.500
1927,206_fs3-00011.jpg,275.495,496.500
1928,206_fs3-00011.jpg,274.925,496.167
1929,206_fs3-00011.jpg,274.297,495.964
1930,206_fs3-00011.jpg,273.650,495.833
1931,206_fs3-00011.jpg,273.080,495.500
1932,206_fs3-00011.jpg,272.500,495.185
1933,206_fs3-00011.jpg,271.840,495.167
1934,206_fs3-00011.jpg,271.180,495.167
1935,206_fs3-00011.jpg,270.610,494.833
1936,206_fs3-00011.jpg,270.091,494.425
1937,206_fs3-00011.jpg,269.798,493.833
1938,206_fs3-00011.jpg,269.138,493.833
1939,206_fs3-00011.jpg,268.500,493.663
1940,206_fs3-00011.jpg,268.064,493.167
1941,206_fs3-00011.jpg,267.410,493.077
1942,206_fs3-00011.jpg,266.943,492.610
1943,206_fs3-00011.jpg,266.292,492.500
1944,206_fs3-00011.jpg,265.722,492.167
1945,206_fs3-00011.jpg,265.069,492.069
1946,206_fs3-00011.jpg,264.603,491.603
1947,206_fs3-00011.jpg,264.107,491.167
1948,206_fs3-00011.jpg,263.447,491.167
1949,206_fs3-00011.jpg,262.877,490.833
1950,206_fs3-00011.jpg,262.389,490.389
1951,206_fs3-00011.jpg,261.786,490.119
1952,206_fs3-00011.jpg,261.191,489.833
1953,206_fs3-00011.jpg,260.581,489.581
1954,206_fs3-00011.jpg,260.114,489.114
1955,206_fs3-00011.jpg,259.516,488.833
1956,206_fs3-00011.jpg,258.947,488.500
1957,206_fs3-00011.jpg,258.377,488.167
1958,206_fs3-00011.jpg,257.833,487.792
1959,206_fs3-00011.jpg,257.536,487.202
1960,206_fs3-00011.jpg,256.877,487.167
1961,206_fs3-00011.jpg,256.500,486.624
1962,206_fs3-00011.jpg,256.024,486.167
1963,206_fs3-00011.jpg,255.454,485.833
1964,206_fs3-00011.jpg,254.884,485.500
1965,206_fs3-00011.jpg,254.393,485.059
1966,206_fs3-00011.jpg,253.926,484.593
1967,206_fs3-00011.jpg,253.422,484.167
1968,206_fs3-00011.jpg,252.996,483.662
1969,206_fs3-00011.jpg,252.529,483.195
1970,206_fs3-00011.jpg,251.977,482.833
1971,206_fs3-00011.jpg,251.500,482.377
1972,206_fs3-00011.jpg,251.167,481.807
1973,206_fs3-00011.jpg,251.005,481.167
1974,206_fs3-00011.jpg,250.500,480.741
1975,206_fs3-00011.jpg,250.167,480.171
1976,206_fs3-00011.jpg,249.833,479.601
1977,206_fs3-00011.jpg,249.420,479.087
1978,206_fs3-00011.jpg,248.953,478.620
1979,206_fs3-00011.jpg,248.684,478.017
1980,206_fs3-00011.jpg,248.414,477.414
1981,206_fs3-00011.jpg,248.167,476.802
1982,206_fs3-00011.jpg,247.833,476.232
1983,206_fs3-00011.jpg,247.500,475.663
1984,206_fs3-00011.jpg,247.167,475.093
1985,206_fs3-00011.jpg,247.167,474.432
1986,206_fs3-00011.jpg,247.167,473.772
1987,206_fs3-00011.jpg,246.856,473.190
1988,206_fs3-00011.jpg,246.833,472.530
1989,206_fs3-00011.jpg,246.500,471.960
1990,206_fs3-00011.jpg,246.500,471.300
1991,206_fs3-00011.jpg,246.167,470.730
1992,206_fs3-00011.jpg,246.167,470.070
1993,206_fs3-00011.jpg,245.833,469.500
1994,206_fs3-00011.jpg,245.833,468.840
1995,206_fs3-00011.jpg,245.833,468.179
1996,206_fs3-00011.jpg,245.833,467.519
1997,206_fs3-00011.jpg,245.833,466.859
1998,206_fs3-00011.jpg,245.833,466.199
1999,206_fs3-00011.jpg,245.833,465.539
2000,206_fs3-00011.jpg,245.833,464.878
2001,206_fs3-00011.jpg,245.833,464.218
2002,206_fs3-00011.jpg,245.833,463.558
2003,206_fs3-00011.jpg,245.833,462.898
2004,206_fs3-00011.jpg,245.500,462.328
2005,206_fs3-00011.jpg,245.500,461.668
2006,206_fs3-00011.jpg,245.500,461.008
2007,206_fs3-00011.jpg,245.500,460.347
2008,206_fs3-00011.jpg,245.500,459.687
2009,206_fs3-00011.jpg,245.500,459.027
2010,206_fs3-00011.jpg,245.500,458.367
2011,206_fs3-00011.jpg,245.500,457.707
2012,206_fs3-00011.jpg,245.500,457.046
2013,206_fs3-00011.jpg,245.833,456.476
2014,206_fs3-00011.jpg,245.833,455.816
2015,206_fs3-00011.jpg,245.951,455.167
2016,206_fs3-00011.jpg,246.500,454.800
2017,206_fs3-00011.jpg,246.792,454.208
2018,206_fs3-00011.jpg,247.167,453.664
2019,206_fs3-00011.jpg,247.500,453.094
2020,206_fs3-00011.jpg,247.818,452.515
2021,206_fs3-00011.jpg,248.421,452.246
2022,206_fs3-00011.jpg,248.500,451.591
2023,206_fs3-00011.jpg,249.006,451.167
2024,206_fs3-00011.jpg,249.500,450.729
2025,206_fs3-00011.jpg,249.833,450.159
2026,206_fs3-00011.jpg,250.304,449.696
2027,206_fs3-00011.jpg,250.771,449.229
2028,206_fs3-00011.jpg,251.167,448.701
2029,206_fs3-00011.jpg,251.283,448.051
2030,206_fs3-00011.jpg,251.749,447.584
2031,206_fs3-00011.jpg,252.216,447.117
2032,206_fs3-00011.jpg,252.500,446.521
2033,206_fs3-00011.jpg,252.755,445.912
2034,206_fs3-00011.jpg,253.222,445.445
2035,206_fs3-00011.jpg,253.820,445.167
2036,206_fs3-00011.jpg,253.833,444.507
2037,206_fs3-00011.jpg,254.434,444.233
2038,206_fs3-00011.jpg,254.901,443.766
2039,206_fs3-00011.jpg,255.178,443.167
2040,206_fs3-00011.jpg,255.748,442.833
2041,206_fs3-00011.jpg,256.256,442.411
2042,206_fs3-00011.jpg,256.575,441.833
2043,206_fs3-00011.jpg,257.003,441.331
2044,206_fs3-00011.jpg,257.470,440.864
2045,206_fs3-00011.jpg,257.833,440.313
2046,206_fs3-00011.jpg,257.833,439.653
2047,206_fs3-00012.jpg,322.833,512.167
2048,206_fs3-00012.jpg,322.227,511.965
2049,206_fs3-00012.jpg,321.621,511.762
2050,206_fs3-00012.jpg,321.014,511.560
2051,206_fs3-00012.jpg,320.408,511.358
2052,206_fs3-00012.jpg,319.802,511.156
2053,206_fs3-00012.jpg,319.196,510.954
2054,206_fs3-00012.jpg,318.589,510.752
2055,206_fs3-00012.jpg,317.983,510.550
2056,206_fs3-00012.jpg,317.377,510.348
2057,206_fs3-00012.jpg,316.770,510.146
2058,206_fs3-00012.jpg,316.164,509.944
2059,206_fs3-00012.jpg,315.558,509.741
2060,206_fs3-00012.jpg,314.951,509.539
2061,206_fs3-00012.jpg,314.345,509.337
2062,206_fs3-00012.jpg,313.729,509.167
2063,206_fs3-00012.jpg,313.184,508.833
2064,206_fs3-00012.jpg,312.545,508.833
2065,206_fs3-00012.jpg,312.000,508.500
2066,206_fs3-00012.jpg,311.454,508.167
2067,206_fs3-00012.jpg,310.909,507.833
2068,206_fs3-00012.jpg,310.364,507.500
2069,206_fs3-00012.jpg,309.818,507.167
2070,206_fs3-00012.jpg,309.179,507.167
2071,206_fs3-00012.jpg,308.540,507.167
2072,206_fs3-00012.jpg,307.995,506.833
2073,206_fs3-00012.jpg,307.450,506.500
2074,206_fs3-00012.jpg,306.904,506.167
2075,206_fs3-00012.jpg,306.359,505.833
2076,206_fs3-00012.jpg,305.729,505.729
2077,206_fs3-00012.jpg,305.132,505.500
2078,206_fs3-00012.jpg,304.556,505.223
2079,206_fs3-00012.jpg,303.969,504.969
2080,206_fs3-00012.jpg,303.383,504.716
2081,206_fs3-00012.jpg,302.781,504.500
2082,206_fs3-00012.jpg,302.142,504.500
2083,206_fs3-00012.jpg,301.563,504.230
2084,206_fs3-00012.jpg,300.927,504.167
2085,206_fs3-00012.jpg,300.382,503.833
2086,206_fs3-00012.jpg,299.748,503.748
2087,206_fs3-00012.jpg,299.161,503.495
2088,206_fs3-00012.jpg,298.613,503.167
2089,206_fs3-00012.jpg,297.974,503.167
2090,206_fs3-00012.jpg,297.335,503.167
2091,206_fs3-00012.jpg,296.789,502.833
2092,206_fs3-00012.jpg,296.151,502.817
2093,206_fs3-00012.jpg,295.596,502.500
2094,206_fs3-00012.jpg,295.051,502.167
2095,206_fs3-00012.jpg,294.411,502.167
2096,206_fs3-00012.jpg,293.854,501.854
2097,206_fs3-00012.jpg,293.215,501.833
2098,206_fs3-00012.jpg,292.576,501.833
2099,206_fs3-00012.jpg,292.031,501.500
2100,206_fs3-00012.jpg,291.486,501.167
2101,206_fs3-00012.jpg,290.903,500.903
2102,206_fs3-00012.jpg,290.268,500.833
2103,206_fs3-00012.jpg,289.723,500.500
2104,206_fs3-00012.jpg,289.084,500.500
2105,206_fs3-00012.jpg,288.524,500.191
2106,206_fs3-00012.jpg,287.938,499.938
2107,206_fs3-00012.jpg,287.307,499.833
2108,206_fs3-00012.jpg,286.762,499.500
2109,206_fs3-00012.jpg,286.123,499.500
2110,206_fs3-00012.jpg,285.577,499.167
2111,206_fs3-00012.jpg,284.938,499.167
2112,206_fs3-00012.jpg,284.393,498.833
2113,206_fs3-00012.jpg,283.754,498.833
2114,206_fs3-00012.jpg,283.193,498.527
2115,206_fs3-00012.jpg,282.555,498.500
2116,206_fs3-00012.jpg,282.009,498.167
2117,206_fs3-00012.jpg,281.381,498.048
2118,206_fs3-00012.jpg,280.779,497.833
2119,206_fs3-00012.jpg,280.140,497.833
2120,206_fs3-00012.jpg,279.501,497.833
2121,206_fs3-00012.jpg,278.956,497.500
2122,206_fs3-00012.jpg,278.317,497.500
2123,206_fs3-00012.jpg,277.772,497.167
2124,206_fs3-00012.jpg,277.205,496.871
2125,206_fs3-00012.jpg,276.567,496.833
2126,206_fs3-00012.jpg,276.021,496.500
2127,206_fs3-00012.jpg,275.382,496.500
2128,206_fs3-00012.jpg,274.743,496.500
2129,206_fs3-00012.jpg,274.198,496.167
2130,206_fs3-00012.jpg,273.602,495.936
2131,206_fs3-00012.jpg,272.971,495.833
2132,206_fs3-00012.jpg,272.426,495.500
2133,206_fs3-00012.jpg,271.788,495.455
2134,206_fs3-00012.jpg,271.218,495.167
2135,206_fs3-00012.jpg,270.579,495.167
2136,206_fs3-00012.jpg,269.940,495.167
2137,206_fs3-00012.jpg,269.395,494.833
2138,206_fs3-00012.jpg,268.756,494.833
2139,206_fs3-00012.jpg,268.210,494.500
2140,206_fs3-00012.jpg,267.571,494.500
2141,206_fs3-00012.jpg,267.026,494.167
2142,206_fs3-00012.jpg,266.395,494.062
2143,206_fs3-00012.jpg,265.799,493.833
2144,206_fs3-00012.jpg,265.160,493.833
2145,206_fs3-00012.jpg,264.520,493.833
2146,206_fs3-00012.jpg,263.975,493.500
2147,206_fs3-00012.jpg,263.430,493.167
2148,206_fs3-00012.jpg,262.792,493.125
2149,206_fs3-00012.jpg,262.224,492.833
2150,206_fs3-00012.jpg,261.678,492.500
2151,206_fs3-00012.jpg,261.039,492.500
2152,206_fs3-00012.jpg,260.400,492.500
2153,206_fs3-00012.jpg,259.855,492.167
2154,206_fs3-00012.jpg,259.262,491.928
2155,206_fs3-00012.jpg,258.788,491.500
2156,206_fs3-00012.jpg,258.215,491.215
2157,206_fs3-00012.jpg,257.703,490.833
2158,206_fs3-00012.jpg,257.158,490.500
2159,206_fs3-00012.jpg,256.613,490.167
2160,206_fs3-00012.jpg,256.167,489.709
2161,206_fs3-00012.jpg,255.657,489.323
2162,206_fs3-00012.jpg,255.167,488.913
2163,206_fs3-00012.jpg,254.679,488.500
2164,206_fs3-00012.jpg,254.051,488.384
2165,206_fs3-00012.jpg,253.599,487.932
2166,206_fs3-00012.jpg,253.128,487.500
2167,206_fs3-00012.jpg,252.583,487.167
2168,206_fs3-00012.jpg,252.091,486.758
2169,206_fs3-00012.jpg,251.507,486.500
2170,206_fs3-00012.jpg,251.167,485.959
2171,206_fs3-00012.jpg,250.722,485.500
2172,206_fs3-00012.jpg,250.173,485.173
2173,206_fs3-00012.jpg,249.833,484.631
2174,206_fs3-00012.jpg,249.292,484.292
2175,206_fs3-00012.jpg,248.833,483.847
2176,206_fs3-00012.jpg,248.500,483.301
2177,206_fs3-00012.jpg,247.875,483.167
2178,206_fs3-00012.jpg,247.403,482.736
2179,206_fs3-00012.jpg,247.149,482.149
2180,206_fs3-00012.jpg,246.594,481.833
2181,206_fs3-00012.jpg,246.098,481.431
2182,206_fs3-00012.jpg,245.833,480.849
2183,206_fs3-00012.jpg,245.298,480.500
2184,206_fs3-00012.jpg,244.833,480.061
2185,206_fs3-00012.jpg,244.510,479.510
2186,206_fs3-00012.jpg,244.167,478.971
2187,206_fs3-00012.jpg,243.789,478.455
2188,206_fs3-00012.jpg,243.500,477.885
2189,206_fs3-00012.jpg,243.075,477.408
2190,206_fs3-00012.jpg,242.821,476.821
2191,206_fs3-00012.jpg,242.500,476.269
2192,206_fs3-00012.jpg,242.167,475.724
2193,206_fs3-00012.jpg,242.089,475.089
2194,206_fs3-00012.jpg,241.833,474.504
2195,206_fs3-00012.jpg,241.833,473.865
2196,206_fs3-00012.jpg,241.833,473.226
2197,206_fs3-00012.jpg,241.833,472.586
2198,206_fs3-00012.jpg,241.500,472.041
2199,206_fs3-00012.jpg,241.500,471.402
2200,206_fs3-00012.jpg,241.500,470.763
2201,206_fs3-00012.jpg,241.500,470.124
2202,206_fs3-00012.jpg,241.500,469.485
2203,206_fs3-00012.jpg,241.500,468.846
2204,206_fs3-00012.jpg,241.500,468.207
2205,206_fs3-00012.jpg,241.833,467.661
2206,206_fs3-00012.jpg,241.833,467.022
2207,206_fs3-00012.jpg,241.833,466.383
2208,206_fs3-00012.jpg,241.917,465.750
2209,206_fs3-00012.jpg,242.167,465.161
2210,206_fs3-00012.jpg,242.167,464.522
2211,206_fs3-00012.jpg,242.500,463.977
2212,206_fs3-00012.jpg,242.833,463.431
2213,206_fs3-00012.jpg,243.133,462.867
2214,206_fs3-00012.jpg,243.167,462.229
2215,206_fs3-00012.jpg,243.167,461.590
2216,206_fs3-00012.jpg,243.500,461.044
2217,206_fs3-00012.jpg,243.500,460.405
2218,206_fs3-00012.jpg,243.817,459.850
2219,206_fs3-00012.jpg,243.833,459.211
2220,206_fs3-00012.jpg,244.055,458.612
2221,206_fs3-00012.jpg,244.167,457.983
2222,206_fs3-00012.jpg,244.500,457.437
2223,206_fs3-00012.jpg,244.500,456.798
2224,206_fs3-00012.jpg,244.500,456.159
2225,206_fs3-00012.jpg,244.759,455.575
