1,,2,,3,,4,,5,,6,,7,,8,
121.72442941673711,-3.185997052923341,109.75486052409138,-12.856326723253119,103.0600169061708,-33.61710440710769,109.34911242603556,-45.045675835679106,126.79628064243462,-53.76925994387858,141.74133558748946,-66.48270034962667,155.53677092138645,-75.88253128791916,168.18258664412514,-82.17162680778392
121.06787077104678,-2.845916719283281,109.47363621542684,-12.247906227697257,102.92512205696028,-32.89638268458975,108.82618629364123,-44.498786574433325,126.14361003342475,-53.401992812402625,141.14465143975843,-66.05867607681643,154.9429981823593,-75.42276721743195,167.5676439185923,-81.73580893895718
120.41075215261179,-2.5083586589692004,109.18619356034225,-11.640104047680524,102.78806373349715,-32.17655785019008,108.30885783369769,-43.946032709718395,125.49514886812227,-53.02820125272251,140.5490461112185,-65.63604823252354,154.34881552394614,-74.96446165005375,166.95218033241014,-81.30389682627526
119.7530667403858,-2.173293247155982,108.89261754562187,-11.033056476446347,102.64886522345114,-31.457619001343772,107.7972958246948,-43.38750401628715,124.85092877201674,-52.64795618756557,139.95453183290402,-65.21474236168802,153.7542241003478,-74.50759077537805,166.33619114506286,-80.87580273398947
119.09480771332238,-1.8406908590184514,108.59299315804981,-10.426899807238243,102.50754981449188,-30.739555235485938,107.29166904512232,-42.82329026889238,124.21098137059784,-52.261328539658905,139.36112083584936,-64.79468400924975,153.15922506576482,-74.0521307829984,165.71967161603442,-80.45143892635105
118.4359682503752,-1.5105218697314626,108.28740538441025,-9.821770333299611,102.36414079428897,-30.02235565005168,106.79214627347011,-42.25348124228685,123.5753382893551,-51.86838923172985,138.76882535108922,-64.37579872014868,152.56381957439822,-73.5980578625082,165.10261700480902,-80.03071766761133
117.7765415304977,-1.1827566544698698,107.97593921148734,-9.217804347873965,102.21866145051206,-29.30600934247616,106.29889628822792,-41.678166711223355,122.94403115377798,-51.46920918650551,138.17765760965773,-63.95801203932473,151.96800878044854,-73.14534820350093,164.4850225708705,-79.61355122202156
117.11652073264366,-0.857365588408527,107.65867962606524,-8.615138144204735,102.07113507083085,-28.590505410194396,105.81208786788562,-41.09743645045464,122.31709158935627,-51.063859326713214,137.58762984258948,-63.541249511717865,151.37179383811684,-72.69397799557015,163.8668835737032,-79.19985185383302
116.45589903576655,-0.5343190467222598,107.33571161492813,-8.013908015535407,101.92158494291488,-27.87583295064158,105.33188979093302,-40.51138023473351,121.69455122157939,-50.652410575080125,136.99875428091872,-63.125436682267946,150.77517590160375,-72.2439234283093,163.24819527279095,-78.78953182729708
115.79466961881997,-0.2135874045858941,107.00712016486023,-7.414250255109408,101.7700343544339,-27.16198106125276,104.85847083585992,-39.92008783881275,121.0764416759369,-50.23493385433352,136.41104315568003,-62.710499095915,150.17815612510998,-71.79516069131182,162.62895292761783,-78.38250340666497
115.13282566075759,0.10485896282565932,106.67299026264556,-6.816301156170255,101.61650659305747,-26.448938839463096,104.39199978115613,-39.323649037445136,120.46279457791837,-49.81150008720056,135.8245086979079,-62.29636229759882,149.5807356628365,-71.34766597417126,162.00915179766804,-77.97867885618797
114.47036034053298,0.42104968033763157,106.33340689506844,-6.220197011961375,101.46102494645521,-25.736695382707666,103.93264540531152,-38.722153605383454,119.85364155301346,-49.38218019640851,135.23916313863646,-61.882951832259494,148.98291566898394,-70.90141546648113,161.38878714242543,-77.57797044011738
113.80726683709969,0.7350143727751117,105.98845504891295,-5.626074115726254,101.3036127022969,-25.025239788421572,103.48057648681583,-38.11569131738051,119.24901422671172,-48.94704510468455,134.6550187089004,-61.47019324483682,148.38469729775323,-70.45638535783479,160.7678542213743,-77.18029042270456
113.14353832941134,1.046782664963274,105.63821971096326,-5.0340687607083225,101.14429314825207,-24.31456115403995,103.03596180415889,-37.504351948189054,118.64894422450271,-48.506165734755996,134.07208763973398,-61.05801208027077,147.7860817033449,-70.01255183782581,160.14634829399853,-76.78555106820068
112.47916799642155,1.3563841817272646,105.28278586800354,-4.444317240151065,100.98308957199038,-23.604648576997874,102.59897013583054,-36.8882252725619,118.05346317187599,-48.05961300935002,133.49038216217167,-60.64633388350131,147.18707003996002,-69.56989109604763,159.5242646197823,-76.39366464085714
111.81414901708388,1.663848547892286,104.92223850681796,-3.8569558472979395,100.82002526118146,-22.89549115473048,102.1697702603206,-36.26740106525179,117.4626026943211,-47.60745785119377,132.90991450724795,-60.23508419946836,146.5876634617992,-69.12837932209379,158.90159845820955,-76.00454340492513
111.148474570352,1.9692053882834273,104.55666261419071,-3.2721208753924316,100.65512350349496,-22.187077984672868,101.74853095611888,-35.64196910101151,116.87639441732773,-47.14977118301459,132.33069690599717,-59.824188573111826,145.98786312306316,-68.68799270555775,158.2783450687644,-75.61809962465605
110.48213783517946,2.272484327725863,104.18614317690589,-2.6899486176779703,100.48840758660054,-21.479398164260147,101.33542100171519,-35.0120191545939,116.2948699663853,-46.6866239275397,131.75274158945382,-59.41357254937162,145.38767017795288,-68.24870743603293,157.6544997109309,-75.23424556430109
109.81513199051983,2.573714991044767,103.81076518174774,-2.110575367398013,100.31990079816785,-20.772440790927448,100.93060917559933,-34.37764100075168,115.71806096698344,-46.218087007496194,131.17606078865225,-59.00316167318772,144.7870857806691,-67.8104997031129,157.03005764419305,-74.85289348811165
109.14745021532673,2.8729270030652856,103.43061361550036,-1.534137417796046,100.14962642586653,-20.066194962109847,100.53426425626111,-33.73892441423766,115.14599904461176,-45.74423134561147,130.60066673462694,-58.59288148950003,144.1861110854124,-67.37334569639108,156.40501412803502,-74.4739556603389
108.47908568855377,3.170149988612536,103.04577346494801,-0.9607710621155547,99.97760775736623,-19.36064977524245,100.1465550221904,-33.095959169804644,114.5787158247598,-45.265127864612566,130.02657165841214,-58.18265754324847,143.58474724638387,-66.93722160546099,155.7793644219409,-74.09734434523415
107.8100315891545,3.4654135725117214,102.65632971687472,-0.39061259359996825,99.80386808033654,-18.65579432776039,99.76765025187694,-32.44883504220536,114.01624293291712,-44.78084748722688,129.45378779104254,-57.772415379373,142.98299541778402,-66.50210361991611,155.15310378539453,-73.7229718070488
107.14028109608262,3.758747379587959,102.26236735806475,0.17620169450725598,99.62843068244712,-17.951617717098742,99.39771872381061,-31.797641806192644,113.45861199457335,-44.29146113618157,128.8823273635523,-57.36208054281349,142.3808567538137,-66.06796792934995,154.52622747788024,-73.35075031003402
106.4698273882916,4.050181034666423,101.86397137530224,0.7395355089626321,99.4513188513676,-17.24810904069267,99.03692921648116,-31.142469236519247,112.90585463521796,-43.79703973420379,128.3122026069761,-56.95157857850995,141.77833240867386,-65.63479072335588,153.89873075888187,-72.98059211844117
105.79866364473514,4.339744162572288,101.4612267553714,1.2992525565227027,99.2725558747677,-16.545257395977217,98.6854505083785,-30.48340710793795,112.35800248034059,-43.29765420402089,127.74342575234817,-56.54083503140231,141.175423536565,-65.20254819152751,153.2706088878835,-72.61240949652148
105.12678304436679,4.627466388130642,101.05421848505631,1.8552165439440387,99.09216504031696,-15.843051880387549,98.34345137799232,-29.82054519520156,111.81508715543083,-42.79337546836001,127.17600903070291,-56.129775446430415,140.5721312916882,-64.77121652345824,152.64185712436932,-72.2461147085263
104.45417876614016,4.913377336166718,100.64303155114118,2.407291177983126,98.91016963568512,-15.14148159135874,98.01110060381257,-29.15397327306283,111.27714028597825,-42.284274449948384,126.6099646730749,-55.71832536853424,139.96845682824397,-64.3407719087416,152.01247072782343,-71.88162001870688
103.78084398900882,5.197506631505576,100.22775094041015,2.955340165396507,98.72659294854174,-14.440535626325925,97.68853546565867,-28.4837811162746,110.74419349747234,-41.77042207151328,126.04530491049849,-55.30641034265369,139.36440130043337,-63.91119053697105,151.38244495772966,-71.5188376913145
103.10677189192637,5.479883898972474,99.80846163964742,3.4992272129407525,98.5414582665565,-13.740203082724179,97.371572655232,-27.810058499589587,110.21569631821916,-41.25188925578186,125.48204197400804,-54.893955913728746,138.7599658624569,-63.482448597740074,150.75177507357222,-71.15767999060051
102.43195565384644,5.760538763392475,99.38524863563714,4.038816027372377,98.35478887739902,-13.040473057988635,97.0574300086086,-27.132895197760575,109.68985911908487,-40.728746925481374,124.92018809463804,-54.480887626699314,138.15515166851554,-63.054522280642175,150.12045633483507,-70.79805918081621
101.75638845372265,6.039500849590809,98.95819691516346,4.573970315447923,98.16660806873898,-12.341334649554398,96.74645507323044,-26.4523809855404,109.16674923938814,-40.20106600333909,124.35975550342283,-54.067131026505365,137.54995987281,-62.62738777527085,149.4884840010024,-70.43988752621277
101.08005847092397,6.316799782392565,98.52739146501057,5.104553783923905,97.97693912824599,-11.642776954856544,96.43899539653944,-25.768605637681816,108.64658633775343,-39.66891741208215,123.80075643139702,-53.652611658086755,136.94439162954103,-62.201021271219474,148.8558533315582,-70.0830772910416
100.40259773043505,6.592465186622917,98.09153596745415,5.630430139556921,97.7859843532504,-10.944789071330234,96.13539852597756,-25.0816589289376,108.12959007280517,-39.13237207443785,123.24320310959484,-53.2372550663834,136.33844809290946,-61.77539895808167,148.22229942368762,-69.72754073955394
99.72382128250695,6.86652668710704,97.6466886378268,6.15146308910343,97.59420947288595,-10.247360096410574,95.8360120089867,-24.391630634060533,107.61598010316766,-38.59150091313339,122.68710776905067,-52.82098679633532,135.73213041711603,-61.35049702545081,147.58725387892588,-69.37319013600109
99.04378509307003,7.13901390867008,97.19284392120034,6.667516339320031,97.4015288227962,-9.55047912753264,95.5411833930088,-23.698610527803424,107.10597608746536,-38.04637485089597,122.1324826407992,-52.403732392882375,135.12543975636157,-60.92629166292045,146.95076755569215,-69.01993774463432
98.36254512805459,7.409956476137154,96.73027312630211,7.178453596963237,97.20782305314293,-8.854135262131535,95.2512602254858,-23.002688384918997,106.59979768432265,-37.497064810452855,121.57933995587456,-51.985417400964536,134.51837726484683,-60.50275906008403,146.31291679094448,-68.66769582970494
97.68015735339105,7.679384014333465,96.25924756185952,7.684138568789564,97.01297281408819,-8.158317597642395,94.9665900538597,-22.303953980160117,106.09766455236394,-36.943641714531225,121.02769194531123,-51.565967365521715,133.91094409677265,-60.07987540653511,145.67377792164126,-68.31637665546424
96.99667773500971,7.947326148084159,95.78003853659987,8.184434961555581,96.81685875579382,-7.4630152315003215,94.68752042557236,-21.602497088279506,105.59979635021358,-36.38617648585836,120.4775508401438,-51.14530783149388,133.30314140633976,-59.657616891867065,145.0334272847404,-67.96589248616351
96.31216223884098,8.213812502214353,95.29291735925062,8.679206482017804,96.61936152842179,-6.768217261140421,94.41439888806576,-20.898407484029974,105.10641273649605,-35.82474004716141,119.92723708312025,-50.72336434382089,132.6949703477489,-59.235959705673395,144.39194121720033,-67.61615558605399
95.62666683081522,8.47887270154925,94.79815533853912,9.168316836932803,96.42036178213402,-6.073912783997827,94.1475729887818,-20.191774942164272,104.6177333698356,-35.259403321167696,119.37353171237982,-50.30006244744271,132.0864320752009,-58.81488003754765,143.74939605597928,-67.26707821938709
94.94024747686274,8.742536370913967,94.29602378319271,9.651629733057064,96.21974016709248,-5.380090897507586,93.88739027516243,-19.48268923743524,104.13397790885676,-34.69023723060434,118.81665684841863,-49.87532768729926,131.47735048005808,-58.39435407708328,143.1058681380353,-66.91857265041398
94.25296014291393,9.004833135133651,93.7867940019388,10.129008877147157,96.01737733345897,-4.68674069910486,93.63419829464965,-18.771240144595595,103.65536601218389,-34.117312698198646,118.25693239738467,-49.44908560833045,130.86628214670787,-57.97435801387371,142.4614338003268,-66.57055114338601
93.56486079489918,9.265792619033476,93.2707373035048,10.600317975959626,95.8131539313955,-3.993851286224725,93.3883445946853,-18.05751743839818,103.18211733844134,-33.540700646677806,117.6946782654257,-49.0212617554763,130.25304201547732,-57.554868037512506,141.8161693798118,-66.22292596255448
92.87600539874876,9.525444447438616,92.74812499661795,11.065420736250985,95.60695061106401,-3.3014117563023433,93.15017672271142,-17.341610893595714,102.71445154625354,-32.96047199876904,117.13021435868956,-48.59178167367662,129.63779419474253,-57.1358603375931,141.1701512134486,-65.87560937217063
92.1864499203931,9.783818245174189,92.21922839000575,11.524180864777776,95.39864802262633,-2.609411206772762,92.92004222616981,-16.623610284941037,102.25258829424484,-32.37669767719959,116.56386058332407,-48.16057090787143,129.02070279287983,-56.71731110370905,140.52345563819546,-65.5285136364858
91.49625032576256,10.04094363706534,91.68431879239557,11.976462068296541,95.1881268162445,-1.9178387350711148,92.69828865250258,-15.9036053871869,101.79674724103972,-31.789448604696645,115.9959368454771,-47.727555003000646,128.40193191826546,-56.29919652545374,139.87615899101053,-65.18155101975128
90.80546258078743,10.296850247937272,91.1436675125147,12.422128053563824,94.97526764208038,-1.2266834386325058,92.48526354915151,-15.181685975086111,101.34714804526249,-31.198795703987457,115.42676305129646,-47.29265950400418,127.78164567927564,-55.88149279242066,139.22833760885197,-64.83463378621826
90.11414265139814,10.551567702615102,90.59754585909059,12.861042527336167,94.75995115029593,-0.5359344148920684,92.28131446355866,-14.457941823391423,100.90401036553766,-30.60480989779927,114.85665910692995,-46.85580995582188,127.1600081842866,-55.46417609420337,138.58006782867807,-64.4876742001382
89.42234650352503,10.805125625923978,90.04622514085054,13.293069196370084,94.54205799105301,0.1544192387151213,92.08678894316591,-13.732462706855642,100.46755386048949,-30.007562108859275,114.28594491852539,-46.416931903393845,126.53718354167444,-55.0472226203953,137.93142598744708,-64.14058452576222
88.73013010309847,11.057553642689072,89.48997666652201,13.718071767422117,94.32146881451365,0.8443884247539586,91.90203453541517,-13.005338400231551,100.03799818874239,-29.40712325989469,113.71494039223069,-45.97595089165986,125.9133358598155,-54.63060856058996,137.28248842211707,-63.79327702734173
88.03754941604882,11.308881377735531,88.9290717448323,14.13591394724881,94.09806427083964,1.533984045789282,91.72739878774843,-12.2766586782719,99.6155630089209,-28.803564273632787,113.1439654341936,-45.532792465559965,125.28862924708602,-54.214310104380786,136.6333314696464,-63.44566396912802
87.34466040830637,11.559138455888501,88.36378168450881,14.546459442606704,93.87172501019296,2.2232170043860435,91.56322924760758,-11.546513315729499,99.2004679796492,-28.19695607280073,112.573339950562,-45.087382170034005,124.66322781186221,-53.79830344136127,135.98403146699314,-63.09765761537227
86.65151904580154,11.808354501973156,87.79437779427894,14.949571960252314,93.64233168273563,2.9120982031091103,91.4093788040912,-10.814991088441502,98.79217739793421,-27.587368955322518,112.00338384748369,-44.639645550021896,124.0372956625202,-53.38256476112497,135.33466475111555,-62.74917023032589
85.95818129446468,12.056559140814642,87.22113138287006,15.34511520694221,93.4097649386294,3.6006385445233775,91.26356668146008,-10.082164009408388,98.38217140812276,-26.974839984122127,111.43441703110648,-44.189508150463666,123.4109969074363,-52.96707025326526,134.6853076589719,-62.40011407824011
85.26470312022616,12.303781997238104,86.64431375900955,15.732952889432909,93.17390542803633,4.2888489311937406,91.12498356064907,-9.348090190687032,97.96871032230206,-26.359357015110533,110.86675940757823,-43.73689551629923,122.78449565498687,-52.55179610737571,134.03603652752048,-62.050401423366225
84.57114048901633,12.550052696068718,86.06419623142472,16.112948714480922,92.93463380111831,4.976740265685066,90.99307011812226,-8.612827324093047,97.55269553197667,-25.740903929969477,110.30073088304675,-43.28173319246838,122.1579560135479,-52.13671851304974,133.3869276937192,-61.69994452995553
83.87754936676555,12.7954008621316,85.48105010884296,16.48496638884285,92.69183070803723,5.66432345056225,90.86726703034384,-7.876433101442046,97.1350284286512,-25.11946461038076,109.73665136365992,-42.823946723911206,121.53154209149574,-51.721813659880866,132.73805749452657,-61.34865566225932
83.18398571940418,13.039856120251898,84.8951466999917,16.848869619275177,92.44537679895507,6.351609388390216,90.74701497377788,-7.138965214549643,96.71661040383015,-24.495022938026153,109.17484075556547,-42.36346165556759,120.90541799720648,-51.30705773746257,132.08950226690064,-60.996447084528825
82.49050551286257,13.283448095254812,84.30675731359827,17.204522112534477,92.19515272403368,7.03860898173383,90.63175462488857,-6.400481355231392,96.29834284901807,-23.86756279458743,108.61561896491133,-41.90020353237742,120.2797478390566,-50.8924269353883,131.44133834779967,-60.643231061015456
81.79716471307103,13.52620641196549,83.71615325839008,17.551787575377233,91.94103913343503,7.725333133157989,90.52092666014005,-5.661039215302935,95.88112715571953,-23.237068061746385,108.05930589784526,-41.43409789928066,119.65469572542219,-50.47789744325161,130.79364207418195,-60.28891985597045
81.10401928596002,13.768160695209048,83.12360584309442,17.890529714560046,91.68291667732103,8.411792745227586,90.41397175599644,-4.920696486579857,95.46586471543907,-22.603522621184766,107.50622146051518,-40.965070301217224,119.03042576467936,-50.06344545064587,130.1464897830055,-59.93342573364504
80.41112519745985,14.00934056981069,82.52938637643877,18.22061223683943,91.42066600585366,9.097998720507519,90.31033058892189,-4.179510860877741,95.05345691968125,-21.9669103545844,106.95668555906877,-40.49304628312706,118.40710206520447,-49.64904714716471,129.49995781122874,-59.576660958290574
79.71853841350082,14.249775660595503,81.93376616715045,18.541898848971897,91.15416776919471,9.783961961562653,90.20944383538045,-3.437540030012201,94.64480515995069,-21.327215143627,106.41101809965397,-40.0179513899501,117.78488873537373,-49.2346787224015,128.8541224958097,-59.21853779415835
79.0263149000134,14.489495592388693,81.33701652395683,18.854253257713992,90.88330261750627,10.469693370957913,90.11075217183634,-2.694841685798849,94.24081082775189,-20.684420869994398,105.86953898841864,-39.53971116662623,117.16394988356348,-48.820316365949736,128.20906017370663,-58.85896850549966
78.3345106229279,14.728529990015403,80.73940875558532,19.157539169822286,90.60795120095014,11.155203851258165,90.01369627475367,-1.9514735200532698,93.84237531458939,-20.03851141536836,105.33256813151047,-39.05825115809546,116.54444961814966,-48.40593626740292,127.56484718187784,-58.49786535656574
77.64318154817465,14.96690847830078,80.14121417076325,19.451620292053263,90.32799416968834,11.840504305028304,89.91771682059658,-1.2074932245910759,93.45040001196776,-19.389470661430636,104.80042543507739,-38.57349690929763,115.92655204750872,-47.99151461635461,126.92155985728147,-58.13514061160788
76.95238364168404,15.20466068206997,79.54270407821804,19.736360331163496,90.04331217388273,12.525605634833227,89.8222544858292,-0.4629584912278517,93.0657863113916,-18.73728248986305,104.27343080526725,-38.08537396517272,115.31042128001684,-47.57702760239812,126.27927453687579,-57.770706534877434
76.2621728693864,15.441816226148148,78.94414978667697,20.011622993909555,89.75378586369521,13.210518743237856,89.72674994691567,0.2820729882208184,92.68943560436537,-18.081930782347342,103.75190414822777,-37.59380787066067,114.69622142405024,-47.162451415127066,125.63806755761897,-57.40447539062569
75.57260519721211,15.67840473536043,78.34488695798683,20.277281219476095,89.4592202370523,13.895252820015457,89.63064388032018,1.0275435219392932,92.32224928239378,-17.423399420565318,103.2361653701069,-37.09872417070139,114.08411658798514,-46.74776224413489,124.99801525646916,-57.03635944310389
74.88373659109158,15.91445583453202,77.73966568637707,20.53341607797006,89.1579230669654,14.579621086565624,89.53337696250674,1.7733954181119884,91.96512873698123,-16.761672286198717,102.72653437705236,-36.60004841023479,113.47427088019771,-46.33293627901509,124.35919397038464,-56.666270956563324
74.19562301695504,16.149999148488035,77.12784676043265,20.780314455380477,88.84921854499538,15.263062085232804,89.43438986993954,2.5195709849233197,91.61897535963232,-16.09673326092934,102.22333107521212,-36.09770613420085,112.86684840906429,-45.917949709361096,123.72168003632356,-56.29412219525534
73.50832044073297,16.38506430205365,76.509694790666,21.01827200709846,88.5330803492165,15.944972125083723,89.33312327908277,3.266012530557674,91.28469054185166,-15.428566226438988,101.72687537073386,-35.59162288753947,112.26201328296105,-45.50277872476647,123.0855497912442,-55.91982542343118
72.82188482835568,16.61968092005401,75.88547438758945,21.24758438851515,88.2094821577029,16.62474751518525,89.22901786640051,4.012662363199468,90.96317567514382,-14.757155064409403,101.23748716976547,-35.08172421519055,111.65992961026416,-45.0873995148246,122.45087957210484,-55.54329290534213
72.13637214575351,16.85387862731426,75.25545016171543,21.46854725502166,87.87839764852862,17.301784564604134,89.1215143083569,4.759462791033059,90.65533215101323,-14.082483656522385,100.7554863784548,-34.5679356620941,111.06076149934995,-44.67178826912908,121.81760016616334,-55.16444544024665
71.45183835885683,17.087687048659575,74.6198867235563,21.681456262009164,87.53980049976786,17.97547958240716,89.01005328141605,5.506356122242892,90.36206136096456,-13.404535884459705,100.28119290294961,-34.05018277318996,110.46467305859454,-44.25592117727331,121.18515024218021,-54.78333124550204
70.76710759908048,17.321146670124165,73.97904868362451,21.886607064868798,87.19366438949481,18.645228877661168,88.89407546204217,6.253284665013354,90.08426469650232,-12.723295629903134,99.81492664939782,-33.528391093418094,109.87182839637427,-43.839774428850774,120.553449340702,-54.400096476604006
70.08072403379174,17.55434981153482,73.33320065243242,22.08429531899165,86.83996299578354,19.31042875943288,88.77312087519681,7.0001906996592425,89.82284354913111,-12.038746774534445,99.35700752394723,-33.00248616771847,109.28239162106524,-43.42332421345503,119.9224788566699,-54.01488979979075
69.3927902089954,17.787404238232853,72.68260724049247,22.27481667976886,86.47866999670816,19.970475536789166,88.65232270788107,7.747003478447198,89.57869931035543,-11.350873200035437,98.9077554327456,-32.472393541030954,108.69129243736768,-43.00652091052194,119.29222018502475,-53.627859881300594
68.70341349638426,18.02041771819819,72.02753305831703,22.4584668025916,86.10975907034293,20.62476551879675,88.53433383091306,8.493618513416749,89.35273337167985,-10.659658788087881,98.46749028194085,-31.938038758295534,108.0936706508752,-42.58921118138616,118.66265472070785,-53.23915538737185
68.01270126765104,18.253498019410813,71.36824271641848,22.635541342850956,85.73320389476186,21.27269501452247,88.41846932602743,9.239925926457175,89.14584712460896,-9.96508742037355,98.0365319776808,-31.399347364452126,107.49005446644327,-42.171215637937735,118.03376385866028,-52.848924984242785
67.3207608944885,18.48675290985065,70.70500082530918,22.806335955938096,85.34897814803918,21.913660333033107,88.30404427495893,9.985815839457672,88.95894196064728,-9.267142978574213,97.61520042611318,-30.856244904440615,106.88097210149164,-41.752354892066506,117.40552899382311,-52.457317338151654
66.62769974858935,18.72029015749763,70.03807199550164,22.971146297244132,84.95705550824903,22.547057783395445,88.19037375944214,10.731178374307518,88.78731583772958,-8.565821689976815,97.20381553338592,-30.30865692320097,106.26695177343998,-41.33244955566235,116.77793152113742,-52.064481115336775
65.9336252016463,18.95421753033176,69.36772083750822,23.13026802216021,84.55740965346547,23.172283674676294,88.0767728612118,11.475903652895909,88.62032860230022,-7.8612070241925665,96.80269720564684,-29.756508965673135,105.648521699708,-40.91132024061517,116.15095283554427,-51.67056498203641
65.2386446253521,19.188642796332942,68.69421196184123,23.283996786077438,84.15001426176275,23.788734315942435,87.96255666200256,12.219881797112123,88.45763762230365,-7.153420041168232,96.41095237414493,-29.199728077438692,105.02621009771553,-40.48878755881486,115.52457433198481,-51.275717604488875
64.54286539139946,19.423673723481187,68.01780997901312,23.43262824438699,83.73484301121488,24.39580601626068,87.84704024354909,12.963002928845356,88.2991872248993,-6.442581948070455,96.0178939333424,-28.63829880076517,104.40054518488222,-40.06467212215128,114.8987774054001,-50.88008764893243
63.84639487148121,19.659418079756392,67.33877949953632,23.57645805247995,83.31186957989615,24.992895084697807,87.72953868758606,13.705157169984915,88.14492173724642,-5.728813952065963,95.62140694854799,-28.0722798853638,103.7720551786278,-39.63879454251432,114.27354345073127,-50.48382378160534
63.14934043728999,19.895983633138542,66.65738513392324,23.715781865747488,82.88106764588059,25.579397830320573,87.60936707584818,14.446234642419967,87.99478548650438,-5.012237260321484,95.22206535994007,-27.501734992086483,103.14126829637206,-39.210975431793884,113.6488538629194,-50.08707466874591
62.45180946051852,20.133478151607562,65.97389149268622,23.850895339580717,82.44241088724237,26.154710562195845,87.48584049007007,15.18612546803979,87.8487227998325,-4.292973080003662,94.82044310769686,-26.92672778178519,102.50871275553465,-38.78103540187985,113.02469003690555,-49.689988976592474
61.753909312859605,20.372009403143437,65.28856318633763,23.982094129370807,81.99587298205563,26.718229589390376,87.35827401198645,15.924719768733638,87.70667800439008,-3.571142618279282,94.41711413199681,-26.347321915311937,101.87491677353535,-38.348795064662085,112.40103336763087,-49.292715371383224
61.05574736600596,20.611685155726093,64.60166482538995,24.109673890508816,81.54142760839454,27.269351220970947,87.22598272333198,16.661907666390704,87.5685954273365,-2.8468670823149864,94.01265237301817,-25.763581053518664,101.2404085677939,-37.914075032030496,111.77786525003643,-48.89540251935654
60.35743099165029,20.852613177335513,63.913461020355555,24.23393027838594,81.07904844433318,27.80747176600437,87.08828170584138,17.39757928290024,87.43441939583101,-2.1202676792775037,93.60763177093924,-25.175568857257332,100.60571635573007,-37.476695915874956,111.15516707906329,-48.49819908675056
59.65906756148536,21.094901235951625,63.22421638174677,24.355158948393296,80.60870916794573,28.331987533557424,86.94448604124926,18.131624740151523,87.30409423703298,-1.3914656163335621,93.20262626593836,-24.583348987379907,99.97136835476346,-37.036478328085366,110.53292024965259,-48.101253739803724
58.96076444720387,21.33865709955441,62.53419552007608,24.473655555922022,80.13038345730632,28.842294832696922,86.79391081129029,18.86393416003375,87.17756427810178,-0.6605821006498331,92.79820979819385,-23.98698510473838,99.33789278231393,-36.5932428805516,109.91110615674535,-47.70471514475429
58.26262902049859,21.58398853612377,61.84366304585586,24.589715756363233,79.64404499048914,29.337789972489645,86.63587109769918,19.5943976644362,87.05477384619672,0.07226166060698347,92.39495630788406,-23.38654087018469,98.70581785580112,-36.14681018516353,109.2897061952828,-47.30873196784046
57.56476865306223,21.831003313639712,61.15288356959849,24.703635205108043,79.14966744556824,29.817869262002375,86.4696819822106,20.32290537524807,86.93566726847706,0.8069444602701594,91.99343973518728,-22.782079944570825,98.07567179264481,-35.69700085381106,108.66870176020592,-46.91345287530055
56.86729071658755,22.079809200082167,60.462121701816386,24.81570955754765,78.64706667595607,30.281929243555965,86.29465854655922,21.049347414358635,86.82018887210216,1.543345091172995,91.59423402028182,-22.173665988748724,97.4479828102647,-35.243635498384066,108.04807424645583,-46.51902653337288
56.17030258276719,22.33051396343106,59.771642053021935,24.92623446907311,78.12570345416458,30.729506288401154,86.11011587247975,21.773613903657093,86.7082829842314,2.2813423461487616,91.19791310334597,-21.561362663570407,96.82327912608054,-34.786534730772445,107.42780504897365,-46.12560160829577
55.47391162329404,22.5832253716664,59.08170923372751,25.03550559507562,77.58014426786104,31.16051292317593,85.91536904170681,22.49559496503275,86.59989393202409,3.0208150180308166,90.80505092455815,-20.94523362988778,96.2020889575121,-34.32551916286607,106.80787556270042,-45.73332676630736
54.77822520986069,22.83805119276809,58.39258785444554,25.143818590946296,77.01168822672071,31.574924281237628,85.70779529662713,23.21516879011716,86.49496604263953,3.7616418996524033,90.41622142409659,-20.325342548552868,95.58494052197904,-33.86040940655482,106.1882671825773,-45.34235067364608
54.08335071415996,23.095099194716113,57.704542525688396,25.251469112076222,76.42163444041887,31.972715495943532,85.4761225515582,23.93194994514289,86.39344364323705,4.503701783846822,90.03199854213966,-19.701753080417603,94.97236203690113,-33.391026073728625,105.5689613035454,-44.95282199655014
53.389395507884615,23.35447714549042,57.01783785796846,25.358752813856597,75.81128201863072,32.35386170065095,85.2194987726669,24.645295219268036,86.295271060976,5.2468734634474,89.65295621886565,-19.07452888633398,94.36488171969808,-32.917189776277326,104.9499393205457,-44.56488940125786
52.69646696272724,23.61629281307094,56.332738461798215,25.465965351678534,75.1819300710315,32.7183380287172,84.93894976930812,25.354550641242554,86.20039262301572,5.991035731287383,89.27966839445287,-18.443733627153904,93.76302778778961,-32.4387211260908,104.33118262851934,-44.17870155400749
52.004672450380724,23.88065396543766,55.64950894768998,25.573402380933146,74.53487770729657,33.06611961349958,84.63550135083682,26.05906223981637,86.10875265651549,6.736067380200097,88.91270900907966,-17.809430963729426,93.16732845859548,-31.955440735058943,103.71267262240752,-43.794407121037295
51.31411934253771,24.1476683705705,54.96841392615619,25.681359557011547,73.87142403710118,33.39718158835544,84.31017932660802,26.758176043739468,86.02029548863464,7.4818472030188445,88.55265200292439,-17.171684556912453,92.57831194953542,-31.467169215071664,103.0943906971512,-43.41215476858565
50.62491501089096,24.417443796449447,54.289718007709155,25.790132535304934,73.1928681701205,33.71149908664199,83.9640095059766,27.451238081761744,85.93496544653254,8.228253992576896,88.20007131616524,-16.530558067554978,91.99650647802918,-30.973727178018834,102.4763182476915,-43.03209316289076
49.93716682713324,24.690088011054428,53.613685802861426,25.900016971204394,72.50050921602991,34.009047241716644,83.59801769829755,28.137594382633182,85.8527068573685,8.975166541707551,87.85554088898067,-15.886115156508993,91.42244026149643,-30.474935235790326,101.8584366689696,-42.65437097019094
49.2509821629572,24.965708782365397,52.94058192212526,26.011308520101068,71.79564628450458,34.28980118693664,83.21322971292585,28.816590975103736,85.77346404830189,9.722463643244112,87.51963466154893,-15.238419484626405,90.85664151735693,-29.970614000276043,101.24072735592648,-42.27913685672445
48.56646839005566,25.24441387836231,52.27067097601315,26.124302837386097,71.07957848521983,34.55373605565933,82.81067135921649,29.48757388792336,85.69718134649196,10.470024090019905,87.19292657404839,-14.587534712759236,90.29963846303042,-29.46058408336586,100.62317170350332,-41.90653948872961
47.88373288012133,25.526311067025148,51.60421757503747,26.239295578450623,70.35360492785088,34.80082698124198,82.39136844652433,30.149889149841982,85.62380307909808,11.217726674868146,86.87599056665726,-13.933524501759393,89.75195931593663,-28.944666096949675,100.00127885366055,-41.536648599791164
47.20288300484691,25.811508116333812,50.94148632971053,26.35658239868573,69.619024722073,35.031049097041915,81.95634678420441,30.802882789609555,85.55327357327957,11.96545019062222,86.56940057955399,-13.276452512478926,89.21413229349531,-28.422680652917364,99.36908464746574,-41.16909949376574
46.52402613592517,26.100112794268284,50.282741850544824,26.47645895348262,68.87713697756152,35.24437753641644,81.50663218161168,31.445900835976033,85.48553715619573,12.713073430115344,86.27373055291685,-12.616382405769741,88.68668561312614,-27.8944483631588,98.72768220600182,-40.80337881201234
45.84726964504881,26.39223286880855,49.62824874805273,26.599220898232346,68.12924080399159,35.440787432722885,81.04325044810105,32.07828931769137,85.420538155006,13.460475186180844,85.98955442692409,-11.953377842483832,88.17014749224887,-27.359789839563888,98.07822931785284,-40.43897306555937
45.172720903910545,26.687976107934503,48.976014208843765,26.725156214622388,67.37663531103857,35.620253919318515,80.56722739302757,32.699394263505496,85.35936727317619,14.207543930167446,85.71744614175412,-11.287502483473162,87.66504614828324,-26.818525694022497,97.42188377160284,-40.07536876543517
44.500487284203246,26.987450279626103,48.31983647614652,26.854474034861738,66.62061960837764,35.78275212956069,80.0795888257461,33.30856170216839,85.30378787261276,14.954232452428698,85.45797963758525,-10.618819989589696,87.17190979864898,-26.270476538424532,96.75980335583574,-39.712052422668165
43.83067615761945,27.29076315186336,47.65966389738122,26.98733714241814,65.86249280568416,35.92825719680667,79.5813605556117,33.90513766242998,85.25327581811979,15.700519772991953,85.21172885459578,-9.947394021685398,86.69126666076579,-25.715462984659837,96.09314585913569,-39.348510548286725
43.16339489585209,27.598022492626143,46.995855579149804,27.12390772819637,65.10355401263331,36.056744254413786,79.07356839197922,34.48846817304022,85.2072588085411,16.446384989116495,84.97926773296405,-9.273288240612231,86.22364495205346,-25.15330564461837,95.42306907008663,-38.98422965331923
42.49875087059371,27.909336069894493,46.32877062805392,27.264347983101118,64.3451023389004,36.168188435739324,78.55723814420372,35.05789926274906,85.16516454272039,17.19180719806161,84.76117021286831,-8.59656630722219,85.76957288993168,-24.58382513018995,94.75073077727251,-38.618696248794066
41.83685145353718,28.22481165164831,45.65876815069538,27.408820098037182,63.58843689416068,36.26256487414062,78.03339562164012,35.612776960306434,85.12642071950137,17.93676549708647,84.55801023448691,-7.917291882367181,85.32957869182019,-24.006842053264506,94.07728876927746,-38.251396845739606
41.17780401637515,28.544557005867546,44.98620725367607,27.557486263909283,62.83485678808938,36.33984870297499,77.50306663364336,36.15244729446232,85.09045503772779,18.681238983450356,84.37036173799822,-7.235528626899253,84.90419057513867,-23.422177025731855,93.40390083468537,-37.88181795518426
40.52171593080044,28.868679900532186,44.31144704359764,27.710508671622136,62.085661130361814,36.40001505559968,76.9672769895684,36.676256293966674,85.05669519624337,19.425206754412528,84.19879866358053,-6.551340201670314,84.49393675730698,-22.829650659481985,92.73172476208038,-37.50944608815635
39.8686945685057,29.197288103622128,43.63484662706202,27.868049512080518,61.34214903065322,36.44303906537206,76.42705249877025,37.18354998756939,85.02456889389185,20.168647907232213,84.04389495141214,-5.864790267532385,84.09934545574475,-22.22908356640471,92.06191834004636,-37.133767755684346
39.21884730118376,29.530489383117384,42.956765110670915,28.030270976189172,60.60561959863884,36.468895865649415,75.88341897060383,37.67367440402046,84.99350382951701,20.911541539168695,83.9062245416714,-5.175942485337373,83.72094488787167,-21.620296358389908,91.39563935716745,-36.75426946879654
38.5722815005272,29.86839150699788,42.27756160102615,28.19733525485279,59.87737194399398,36.47756058978905,75.33740221442412,38.14597557206983,84.96292770196254,21.653866747481203,83.78636137453663,-4.484860515937271,83.35926327110758,-21.003109647327506,90.73404560202755,-36.37043773852136
37.9291045382289,30.211102243243545,41.59759520472949,28.36940453897617,59.15870517639388,36.46900837114828,74.79002803958599,38.59979952046746,84.93226821007215,22.395602629428964,83.6848793901861,-3.7916080201840714,83.01473778776148,-20.377344098978085,90.07829486321077,-35.9817590758872
37.28942378598151,30.558729359834388,40.917225028382745,28.546641019464005,58.45091840551379,36.443214343084406,74.24232225544455,39.03449227796324,84.9009530526896,23.136728282271264,83.60235252879818,-3.09624865892971,82.6733118434883,-19.7429356425597,89.42954492930102,-35.5877199919224
36.6533466154778,30.911380624750336,40.23681017858769,28.729206887221068,57.74934008942188,36.40027932992993,73.68162484519382,39.44948823103951,84.86840992865865,23.87722280326733,83.53422011872885,-2.398851243508318,82.32592571610752,-19.1001790866859,88.7889535888824,-35.18780699765537
36.02098039841053,31.269163805971317,39.55670976194614,28.917264333152104,57.0476269140986,36.34085936048467,73.08937481886579,39.84470854424393,84.834066536823,24.617065289676418,83.46786092395342,-1.6995308559756666,81.97452102573516,-18.449438886504794,88.1576786305389,-34.7815066041145
35.392432506472346,31.632186671477314,38.877282885059856,29.110975548161832,56.34575541427074,36.265763714000144,72.46771388426106,40.22024111349566,84.79735057602642,25.356234838757757,83.40275931762386,-0.9984270284639933,81.62103939248732,-17.791079497164475,87.53687784285444,-34.36830532232818
34.76781031135607,32.00055698924828,38.19888865453066,29.310502723155025,55.64370886073419,36.17580167474725,71.81897868730425,40.57617398208919,84.7576897451126,26.09471054777063,83.33902472956515,-0.29567951460606423,81.2674224364801,-17.12546537381303,86.92770901441315,-33.94768966332475
34.147007699431754,32.37438220192229,37.52188617696032,29.5160080490364,54.94147052428485,36.071782526996884,71.14550587392011,40.91259519331902,84.71451174292531,26.832471513974298,83.27676658960246,0.40857193196538333,80.9156117778295,-16.45296097159863,86.331329933799,-33.51914613813261
33.52742727111075,32.753750165597495,36.8466345589506,29.727653716710677,54.23902367571861,35.954515555019896,70.44963209003333,41.229592790479614,84.66724426830825,27.569496834627955,83.21609432756071,1.1141875576176403,80.5675490366516,-15.773930745669333,85.74889838959598,-33.08216125778014
32.90856197485857,33.13871833920814,36.17349290710331,29.945601917082627,53.53635158583137,35.82481004308721,69.73369398156854,41.52725481686545,84.61531502010519,28.30576560699086,83.15711737326495,1.821027608717941,80.22517583306251,-15.088739151173257,85.18157217038816,-32.63622153329575
32.290781790829385,33.529341562429096,35.50282032802028,30.170014841057025,52.8334375254189,35.6834752754697,69.00002819445046,41.80566931577101,84.55815169715987,29.041256928322326,83.09994515654029,2.5289523316336044,79.89043378717827,-14.397750643258519,84.63050906475945,-32.180813475707794
31.674456699177142,33.92567467493521,34.834975928303265,30.401054679538532,52.13026476527716,35.53132053643827,68.25097137460375,42.06492433049081,84.49518199831596,29.775949895881524,83.0446871072117,3.237821972731865,79.56526451911492,-13.701329677073204,84.09686686129396,-31.715423596044673
31.05995668005602,34.327772516401325,34.17031881455404,30.63888362343195,51.426816576201986,35.36915511026379,67.48886016795308,42.30510790431927,84.42583362241731,30.509823606927768,82.9914526551043,3.947496778380014,79.25160964898856,-12.99984070776543,83.58180334857565,-31.23953840533474
30.447651713619962,34.735689926502346,33.50920809337441,30.883663863642,50.72307622898933,35.19778828121716,66.71603122042313,42.52630808055093,84.34953426830754,31.242857158720255,82.940351230043,4.657836994945285,78.9514107969153,-12.29364819048331,83.08647631518852,-30.752644414606408
29.837911780023205,35.14948174491309,32.85200287136621,31.135557591073393,50.01902699443497,35.018029333569274,65.9348211779386,42.72861290248022,84.25471876018685,31.97494524318543,82.89149226185287,5.368702868794941,78.66660958301111,-11.583116580374991,82.61204354971665,-30.254228134888052
29.231106859419697,35.56920281130846,32.19906225513114,31.394726996630936,49.314652143334854,34.830687551590984,65.14756668642417,42.91211041340168,84.11404394305754,32.70520683908245,82.84498518035906,6.079954646296301,78.3991476273921,-10.868610332588474,82.15966284074392,-29.743776077208025
28.627606931963555,35.994907965363296,31.55074535127102,31.661334271219346,48.609934946484884,34.636572219553216,64.35660439180447,43.076888656609725,83.92868509970714,33.43234340937303,82.8009394153865,6.791452573816571,78.15096655017436,-10.150493902271961,81.72801933884767,-29.22078330617174
28.027781977808786,36.42665204675248,30.907411266387726,31.93554160574334,47.90485867468084,34.43649262172687,63.56427094000429,43.223035675398876,83.70130224687017,34.15505238791752,82.75946439676022,7.50305689772307,77.924007971474,-9.42913174457351,81.29401983716565,-28.685105804815578
27.432001977109564,36.864489895150854,30.26941910708291,32.21751119110766,47.19940659871861,34.23125804238279,62.77290297694822,43.35063951306361,83.43455540128133,34.87203120857626,82.72066955430535,8.214627864383061,77.72021351140694,-8.704888314641238,80.8530688494198,-28.13708552609239
26.840636910019896,37.30847635023329,29.637127979958507,32.50740521821706,46.49356198939421,34.02167776579188,61.98483714856093,43.45978821289839,83.13110457967508,35.58197730520956,82.68466431784685,8.926025720163778,77.5415247900894,-7.978128067623288,80.40683940345849,-27.577098682768394
26.254056756693785,37.75866625167467,29.01089699161622,32.805385877976306,45.78730811750336,33.80856107622506,61.20241010076717,43.550569818197744,82.79360979878606,36.2835881116778,82.65155811720979,9.637110711432513,77.38988342763736,-7.24921545866772,79.95700452713032,-27.005521487609627
25.672631497285465,38.21511443914983,28.391085248657816,33.11161536129009,45.08062825384195,33.592717257953154,60.427958479491565,43.623072372256075,82.42473107534892,36.97556106184132,82.62146038221914,10.347743084556527,77.26723104416692,-6.51851494292265,79.50523724828372,-26.422730153382247
25.096731111948827,38.67787575233365,27.778051857685114,33.42625585906319,44.37350566920594,33.374955595247116,59.663818930658806,43.67738391836795,82.02712842609816,37.65659358956043,82.59448054270007,11.057783085903111,77.17550925979413,-5.786390975536165,79.05321059476722,-25.82910089285241
24.526725580838104,39.147005030901,27.172155925299933,33.749469562200346,43.66592363439122,33.15608537237782,58.91232810019358,43.7135924998278,81.60346186776843,38.32538312869548,82.5707280284775,11.767090961839472,77.11665969463508,-5.053208011656437,78.60259759442931,-25.225009918786185
23.962984884107243,39.62255711452673,26.573756558104037,34.08141866160628,42.95786542019357,32.9369158736161,58.17582263402056,43.731786159930095,81.15639141709426,38.980627113106806,82.55031226937649,12.475526958732928,77.09262396880581,-4.319330506431527,78.15507127511847,-24.61083344394976
23.40587900191042,40.10458684288568,25.983212862699247,34.42226534818573,42.24931429740889,32.71825638323293,57.45663917806445,43.73205294196936,80.68857709081033,39.62102297665473,82.53334269522213,13.182951322950771,77.09771996316158,-3.585092358809902,77.71230466468324,-23.98694768110923
22.855777914401585,40.59314905565276,25.40088394568727,34.77217181284345,41.54025353683312,32.50091618549911,56.75711437824987,43.714480889240036,80.20267890565117,40.24526815319962,82.51992873583936,13.889224300860207,77.11860884204475,-2.8506272565986706,77.27597079097205,-23.353728843030723
22.313051601734912,41.08829859250281,24.82712891366998,35.131300246484216,40.83066640926211,32.2857045646856,56.07958488050161,43.679158045036615,79.70135687835142,40.85206007660179,82.51017982105333,14.594206138828554,77.15433986513636,-2.1159882802774064,76.84774268183344,-22.71155314248034
21.77807004406435,41.590090293110705,24.262306873249145,35.49981284001268,40.12053618549169,32.07343080506325,55.415349391687414,43.626172452653606,79.1872710256456,41.44009618072158,82.50420538068903,15.297757083223019,77.20423593950397,-1.3812282893410668,76.42929336511588,-22.060796792224266
21.25120322154413,42.09857899715129,23.70677693102658,35.87787178433368,39.40984613631775,31.864904190902962,54.752936136980054,43.55561215538546,78.6630813642683,42.008073899419315,82.50211484457151,15.99973738041092,77.26761997221524,-0.6464001432846374,76.02229586866787,-21.401836005028628
20.732821114328203,42.61381954429942,23.160898193603998,36.2656392703519,38.69857953253626,31.660934006475628,54.0923844306937,43.467565196526664,78.1314479109542,42.55469066655536,82.52115972697396,16.700035310151833,77.34381487033778,0.08844329839692477,75.62842322033794,-20.735046993659466
20.22329282291713,43.13586666332472,22.62502976758327,36.663277488972085,37.98671964494298,31.462329536052124,53.43374253716314,43.3621196193717,77.59503068243782,43.07864391599006,82.57855532496433,17.398661139602353,77.43214354093931,0.823249176208634,75.24934844797457,-20.060805970882996
19.722728459577183,43.664697718515384,22.099530759566107,37.070948631099014,37.274249744333815,31.26990006390332,52.77705872072323,43.23936346721507,77.05648969545376,43.57863108158372,82.67129304106362,18.095658308918814,77.53192889108732,1.5579646306555333,74.88674457942619,-19.379489149465314
19.230659951005464,44.20007745323534,21.584760276154384,37.488814887637375,36.561153101504715,31.08445487430015,52.12238124570871,43.09938478335121,76.51848496673665,44.05334959719667,82.7963495760086,18.791070258932365,77.64249382784948,2.2925368022426085,74.54228464254135,-18.69147274217255
18.746545002137452,44.74173440377004,21.08046918780991,37.91703208351316,35.84741298725146,30.90680325151351,51.46975837645448,42.94227161107463,75.98367651302101,44.501496896689275,82.95070163053617,19.484940430474126,77.76316125829345,3.026912831474874,74.21764166516857,-17.99713296177083
18.2698413179088,45.28939710640509,20.58225003357228,38.35555933461629,35.13301267237,30.737754479814214,50.81923837729522,42.76811199367984,75.45472435104148,44.921770413921905,83.13132590538311,20.177312264375217,77.89325408948685,3.76103985885743,73.91448867515629,-17.296846021026283
17.800006603255042,45.84279409742601,20.0892221283014,38.804126238121256,34.417935427656175,30.578117843473223,50.17086951256579,42.57699397446126,74.91282930743466,45.3130429639138,83.33519910128626,20.868229201466818,78.03209522849727,4.494865024895233,73.63449870035305,-16.590988132705007
17.336498563111775,46.40165391311825,19.601468250607923,39.26244941430062,33.70216452390588,30.42870262676138,49.524700046601026,42.36900559671338,74.32964402157302,45.67514001174942,83.55929791898245,21.55773468257999,78.17900758239244,5.228335470093327,73.37934476860733,-15.879935509573187
16.878774902414534,46.965705089767425,19.119071179102605,39.73024548342687,32.98568323191495,30.29031811394958,48.880778243735676,42.144234903730734,73.70823766301169,46.00820894541448,83.80059905920842,22.245872148545885,78.33331405823986,5.961398334956755,73.1506999077676,-15.164064364396893
16.42629332609897,47.534676163658986,18.642113692396094,40.20723106577256,32.268474822479334,30.163773589308732,48.239152368304644,41.90276993880778,73.05195379864551,46.31239740486316,84.05607922270116,22.93268504019565,78.4943375631072,6.694000759990502,72.95023714568237,-14.44375090994231
15.978511539100623,48.10829567107848,18.170678569099152,40.693122781610214,31.550522566394818,30.04987833710973,47.59987068464261,41.64469874523897,72.36413599536934,46.587853030049644,84.32271511019735,23.618216798360407,78.6614010040621,7.426089885699639,72.77962951020015,-13.719371358975508
15.534887246355083,48.68629214831148,17.704848587822482,41.18763725121235,30.831809505165893,29.94944164159739,46.96298145708448,41.370109366318815,71.64812782007789,46.834723460928075,84.59748342243387,24.302510863871277,78.83382728817224,8.157612852589182,72.64055002916939,-12.991301924262643
15.09487815279789,49.26839413164345,17.24470652717673,41.690491094851524,30.107920400297928,29.86319582672965,46.328532949964995,41.07908984534177,70.90727283966606,47.053156337452634,84.87736086014752,24.985610677559407,79.01093932250512,8.888516801164116,72.53467173043867,-12.259918818569815
14.657941963364692,49.85433015735995,16.790335165772717,42.201400932800226,29.375845988819947,29.791571787341383,45.696573427618944,40.771728225602345,70.14491462102865,47.243299299577444,85.15932412407511,25.66755968025589,79.19206001412851,9.618748871929512,72.46366764185643,-11.525598254663208
14.223536382991028,50.44382876174646,16.34181728222103,42.72008338533098,28.6374835174272,29.73492663074191,45.067151154381236,40.448112550394995,69.36439673106048,47.40529998725674,85.44034991495352,26.34840131279188,79.37651227010991,10.348256205390356,72.42921079127115,-10.788716445308893
13.791119116612435,51.03661848108857,15.89923565513243,43.246255072716366,27.89473023281505,29.693617464240532,44.44031439458661,40.10833086301423,68.56906273665635,47.539306040444615,85.71741493351954,27.028179015998518,79.56361899751704,11.07698594205172,72.42746363214064,-10.049649603273025
13.360147869164564,51.632427851671764,15.462673063117677,43.77963261522885,27.149483381678863,29.668001395146547,43.81611141256985,39.75247120675451,67.7622562047111,47.645465099095304,85.98749588050998,27.7069362307069,79.7527031034175,11.80488522241859,72.43648815162561,-9.308773941321732
12.930080345582951,52.23098540978157,15.03221228478742,44.319932633141036,26.40364021071389,29.658435530769225,43.194590472665766,39.380621624910304,66.94732070211944,47.7239248031629,86.24756945666167,28.38471639774818,79.94308749487891,12.53190118699598,72.45419657886754,-8.566465672221113
12.50037425080319,52.83201969170352,14.607936098752361,44.866871746725366,25.65909796661549,29.665276978417893,42.575799839209196,38.992870160776135,66.12759979577635,47.77483279260164,86.49461236271145,29.061562957953498,80.13409507896887,13.25798097628899,72.48102541332224,-7.823101008737325
12.07048728976082,53.435259233723116,14.189927283623206,45.42016657625442,24.91775389607909,29.68888284540185,41.95978777653494,38.589304857646454,65.30643705257654,47.79833670736562,86.72560129939615,29.737519352153925,80.3250487627551,13.983071730802521,72.51741115444554,-7.079056163636523
11.63987716739149,54.04043257212592,13.778268618010713,45.97953374200074,24.181505245799883,29.729610239030364,41.346602548977785,38.17001375881574,64.48717603941492,47.79458418740907,86.93751296745256,30.412629021180663,80.5152714533051,14.707120591041729,72.56379030169319,-6.334707349684749
11.208001588630736,54.64726824319746,13.373042880525531,46.5446898642368,23.45224926247323,29.787816266612737,40.73629242087259,37.73508490757851,63.67316032318615,47.76372287268612,87.12732406761751,31.08693540586478,80.7040860576866,15.430074697511571,72.62059935452106,-5.590430779648187
10.774318258414098,55.25549478322324,12.974332849778364,47.11535156323518,22.73188319279444,29.863858035458293,40.128905656554025,37.284606347229186,62.8677334707852,47.705900403150935,87.2920113006279,31.760481947037476,80.89081548296718,16.151881190717063,72.68827481238486,-4.846602666292966
10.338284881677225,55.86484072848876,12.58222130437997,47.6912354592684,22.022304283458936,29.95809265287633,39.52449052035706,36.81866612106228,62.07423904910678,47.621264418757676,87.4285513672204,32.43331208552979,81.07478263621448,16.872487211163275,72.76725317474046,-4.103599222385185
9.899485596956424,56.47503461527958,12.196791022941056,48.27205817260895,21.325409781161966,30.070877226176123,38.92309527661638,36.3373522723723,61.29602062504574,47.50996255946052,87.53392096813195,33.10546926217293,81.25731847425385,17.591839899355165,72.85797094104367,-3.361796660690999
9.460344799778,57.0858049798812,11.818124784072324,48.85753632352939,20.643096932598894,30.202568862666993,38.324768189666884,35.840752844453675,60.53642176549698,47.37214246521364,87.60509680409939,33.77699691779796,81.44655930600601,18.309886395797804,72.9608646107502,-2.6215711939765356
9.021978051768258,57.69688035857919,11.446305366384422,49.44738653230223,19.97214736615092,30.353524669658213,37.729557523843255,35.328955880600915,59.79878603735517,47.207951775971196,87.63905557585946,34.44793849323608,81.64325509567004,19.026573840996235,73.07637068331593,-1.8832990350078944
8.584388130057903,58.30798928765904,11.081415548488167,50.041325419200035,19.305251171785358,30.524101754459082,37.13751154348046,34.80204942410853,59.08645700751521,47.01753813168733,87.6357388396525,35.11833742931836,81.84718259635696,19.741849375455445,73.20492565819666,-1.1473563965512312
8.147577811777637,58.91886030340629,10.723538108994148,50.63906960449529,18.642458912361747,30.714657224378897,36.54867851291311,34.26012151827092,58.40277824287193,46.801049172316254,87.60410578004144,35.788237166875945,82.05811856117793,20.455660139680475,73.34696603484815,-0.41411949137264514
7.711549874058164,59.52922194210643,10.372755826513128,51.24033570846055,17.983923831046127,30.925548186726985,35.96310669647619,33.70326020638265,57.75093534058618,46.55863253781206,87.54570244817859,36.457681146739986,82.27583974324398,21.16795327417634,73.50292831272623,0.3160354677617079
7.27630709403013,60.13880274004501,10.028887260326997,51.844840351368305,17.329799171004368,31.157131748812617,35.38084435850442,33.13155353173818,57.1171269087186,46.29043586812901,87.4612796213305,37.126712809741576,82.50012289566621,21.878675919448085,73.67324899128664,1.0427322680857287
6.8418522488243525,60.747331233507566,9.69061732681672,52.45230015349114,16.680238175402337,31.40976501794512,34.8019397633326,32.545089537631924,56.49081573267762,45.9966068032212,87.35158807676368,37.795375596711864,82.73074477155575,22.587775216000693,73.85836456998527,1.7655946968332614
6.408188115571363,61.35453595877962,9.357816407772248,53.06243173510157,16.03539408740602,31.683805101433734,34.22644117529558,31.94395626735846,55.872063930658214,45.677292983042804,87.21737859174459,38.463712948482,82.96748212402355,23.295198304339237,74.05871154827787,2.484246541238207
5.975317471402036,61.96014545214669,9.030557689763612,53.674951716472094,15.39542015018128,31.979609106587816,33.65439685872809,31.32824176421221,55.260933620855326,45.33264204754798,87.05940194353963,39.13176830588307,83.21011170618084,24.00089232496873,74.27472642562026,3.198311588534409
5.543243093446961,62.56388824989429,8.708914359361017,54.28957671787526,14.760469606894048,32.297534140716635,33.08585507796505,30.698034071487655,54.657486921464,44.962801636690926,86.87840890941527,39.79958510974623,83.45841027113858,24.70480441839419,74.50684570146825,3.907413625955769
5.111967758836897,63.16549288830794,8.39295960313467,54.90602335958357,14.130695700710248,32.63793731112946,32.52086409734113,30.053421232479337,54.06178595067911,44.5679193904258,86.67515026663807,40.4672068009026,83.71215457200788,25.4068817251206,74.75550587527755,4.611176440736131
4.681494244702492,63.764687903673206,8.082766607654719,55.5240082618696,13.506251674795806,33.00117572513565,31.959472181191245,29.394491290481653,53.47389282669576,44.14814294870675,86.45037679247446,41.1346768201833,83.97112136189992,26.107071385653057,75.02114344650408,5.309223820109395
4.251825328174505,64.36120183227558,7.778408559491197,56.14324804500583,12.887290772316703,33.387606490044476,31.401727593850126,28.721332288789142,52.89386966770877,43.70361995148795,86.20483926419087,41.80203860841948,84.23508739392565,26.805320540496552,75.30419491460361,6.001179551309434
3.822963786383582,64.95476321040059,7.479958645214367,56.76345932926483,12.273966236438696,33.79758671316523,30.847678599652625,28.034032270696258,52.32177859191319,43.23449803872356,85.93928845905384,42.469335606442286,84.5038294211962,27.501576330156126,75.6050967790319,6.686667421570121
3.394912396460427,65.54510057433379,7.18749005139432,57.38435873491912,11.666431310327823,34.231473501807216,30.29737346293348,27.332679279497484,51.757681717504,42.740924850367776,85.65447515432976,43.136611255082784,84.77712419682263,28.195785895136765,75.92428553924475,7.365311218125299
2.9676739355357995,66.13194246036062,6.901075964601262,58.00566288224118,11.06483923715001,34.6896239632797,29.75086044802765,26.61736135848733,51.2016411626762,42.22304802637473,85.35115012728517,43.80390899517215,85.0547484739161,28.88789637594354,76.26219769469799,8.036734728208842
2.541251180740403,66.71501740476671,6.620789571405339,58.627088391503605,10.469343260071128,35.17239520489204,29.208187819269767,25.88816655096025,50.65371904562471,41.68101520669856,85.0300641551865,44.47127226754151,85.33647900558759,29.57785491308144,76.61926974484737,8.700561739054649
2.115646909204827,67.29405394383753,6.346704058376645,59.24835188297888,9.8800966222571,35.68014433395351,28.669403840994676,25.1451829002107,50.11397748454448,41.114974031293485,84.69196801530023,45.138744513021976,85.62209254494826,30.2656086470555,76.99593818914877,9.356416037896594
1.690863898059888,67.86878061385863,6.078892612085383,59.86916997693956,9.297252566873851,36.21322845777337,28.134556777537284,24.388498449533216,49.58247859763054,40.52507214011365,84.33761248489282,45.806369172444704,85.91136584510912,30.95110471837077,77.39263952705795,10.003921411968548
1.2669049244362327,68.4389259511155,5.817428419101645,60.48925929365814,8.72096433708731,36.77200468366095,27.603694893232273,23.618201242222256,49.05928450307783,39.911457173113206,83.96774834123073,46.474189686640784,86.20407565918129,31.634290267532236,77.80981025803072,10.642701648504385
0.8437727654645641,69.00421849189368,5.562384665995694,61.10833645340716,8.1513851760634,37.35683011892556,27.07686645241455,22.8343793215723,48.544457319081346,39.27427677024639,83.58312636158053,47.142249496441366,86.49999874027588,32.31511243504494,78.24788688152285,11.27238053473792
0.4214701982755855,69.56438677247871,5.313834539337563,61.72611807645919,7.588668326967991,37.96806187087648,26.55411971941885,22.037120730877803,48.03805916383601,38.61367857146726,83.18449732320852,47.8105920426776,86.79891184150387,32.99351836141392,78.70730589699019,11.89258185790311
0,70.1191593291561,5.071851225697458,62.342320783086706,7.032967032967065,38.606057046823,26.03550295857997,21.226513513433304,47.54015215553687,37.92981021673003,82.77261200338131,48.47926076618057,87.10059171597646,33.669455187144194,79.18850380388847,12.5029294052338
