ID,joint_0,joint_1,joint_2,joint_3,joint_4,joint_5,joint_6,joint_7,joint_8,joint_9,joint_10,joint_11
002_fs1,24,44,63,82,100,117,132,146,162,178,193,
002_fs2,22,44,63,80,96,114,128,145,160,175,191,
003_fs1,29,57,80,103,122,145,166,187,,,,
003_fs2,30,54,80,104,129,150,172,191,,,,
004_fs1,29,51,74,93,116,136,155,176,194,,,
004_fs2,27,56,83,105,128,152,175,193,,,,
005_fs1,31,59,85,106,126,145,164,182,,,,
005_fs2,27,52,74,95,115,136,153,172,194,,,
007_fs1,26,53,79,101,121,139,156,,,,,
007_fs2,30,62,86,107,129,152,173,188,,,,
008_fs1,28,57,81,104,122,141,159,180,,,,
008_fs2,27,55,81,103,125,145,164,182,,,,
008_fs3,23,49,68,89,108,127,147,166,183,,,
011_fs1,36,67,93,126,157,187,,,,,,
011_fs2,30,69,104,135,163,189,,,,,,
011_fs3,39,73,107,137,164,188,,,,,,
014_fs1,38,70,98,123,147,169,190,,,,,
014_fs2,31,63,98,124,147,175,,,,,,
014_fs3,42,73,108,135,158,183,,,,,,
015_fs1,27,54,75,97,116,136,155,174,190,,,
015_fs2,26,53,76,98,121,140,163,181,,,,
016_fs1,30,54,77,99,121,140,159,175,191,,,
016_fs2,22,47,68,87,108,128,147,163,181,197,,
016_fs3,33,56,82,102,123,140,157,175,192,,,
017_fs1,23,47,70,92,114,133,153,174,194,,,
017_fs2,24,43,67,88,107,126,146,164,184,,,
018_fs1,21,42,58,77,96,112,134,153,168,184,198,
018_fs2,20,42,61,82,101,117,132,150,165,185,,
018_fs3,26,49,69,85,104,123,140,157,177,194,,
019_fs1,29,56,79,99,120,137,155,172,188,,,
019_fs2,25,46,70,89,108,125,142,157,171,187,,
019_fs3,23,45,65,84,102,119,133,150,165,181,195,
020_fs1,26,52,73,95,114,133,153,171,187,,,
020_fs2,24,52,79,104,128,149,168,187,,,,
020_fs3,24,49,71,90,110,130,150,169,189,,,
021_fs1,40,68,97,124,149,173,198,,,,,
021_fs2,33,62,88,113,137,161,183,,,,,
021_fs3,31,58,84,108,131,153,177,197,,,,
022_fs1,22,45,64,82,100,118,132,149,165,180,196,
022_fs2,26,48,68,90,110,127,141,156,173,190,,
022_fs3,21,44,63,81,99,116,132,147,161,177,191,
022_fs4,31,53,72,90,107,124,141,157,175,190,,
023_fs1,24,47,70,90,110,130,147,165,182,,,
023_fs2,35,57,74,92,111,128,149,166,182,198,,
023_fs3,26,52,75,97,115,132,153,169,187,,,
023_fs4,29,56,82,105,128,149,166,183,197,,,
024_fs1,35,63,84,110,135,159,186,,,,,
024_fs2,41,72,100,132,160,184,,,,,,
025_fs1,28,52,75,98,118,137,158,178,194,,,
025_fs2,24,50,75,95,113,134,154,174,192,,,
025_fs3,27,55,77,100,120,140,159,178,195,,,
026_fs1,26,51,74,97,117,135,154,172,190,,,
026_fs2,22,48,70,92,113,133,155,174,193,,,
027_fs1,23,46,67,86,105,125,142,159,174,191,,
027_fs2,27,50,70,90,109,129,149,165,181,197,,
027_fs3,22,48,70,91,112,132,151,168,184,197,,
029_fs1,33,58,82,107,128,151,173,196,,,,
029_fs2,32,61,87,111,133,153,176,198,,,,
037_fs1,25,49,67,85,104,150,167,186,,,,
037_fs2,30,57,81,104,123,143,164,182,198,,,
037_fs3,29,54,78,100,120,136,155,173,191,,,
038_fs1,19,41,63,84,102,119,135,155,173,189,,
038_fs2,25,48,67,88,107,123,144,161,180,,,
038_fs3,24,46,65,82,101,119,138,154,173,189,,
039_fs1,23,46,63,79,95,113,127,145,162,175,193,
039_fs2,22,42,62,83,101,118,139,154,171,186,,
039_fs3,26,51,74,94,111,128,143,161,175,191,,
040_fs1,25,49,70,90,108,126,142,158,175,194,,
040_fs2,28,59,91,111,129,149,173,,,,,
040_fs3,23,48,69,92,109,138,156,172,191,,,
040_fs4,20,49,71,92,111,132,148,166,184,,,
041_fs1,26,54,77,99,118,138,157,177,195,,,
041_fs2,24,49,70,94,115,132,152,171,191,,,
042_fs1,30,51,71,92,112,129,150,169,187,,,
042_fs2,24,46,67,85,105,123,139,155,171,187,,
042_fs3,25,53,72,95,113,132,149,165,184,,,
042_fs4,24,49,69,91,108,128,146,163,180,195,,
045_fs1,27,52,74,96,116,133,154,170,191,,,
045_fs2,24,51,78,102,123,141,159,176,193,,,
045_fs3,24,51,69,90,111,131,151,167,187,,,
046_fs1,26,51,72,94,113,132,148,165,182,197,,
046_fs2,23,51,71,91,110,128,147,164,181,196,,
046_fs3,24,48,69,94,114,132,149,164,181,195,,
167_fs1,27,56,77,97,118,140,158,176,193,,,
167_fs2,21,44,67,84,106,124,149,168,186,,,
167_fs3,30,57,79,105,123,144,163,183,,,,
168_fs1,20,39,60,78,94,111,126,141,154,168,182,196
168_fs2,20,41,58,75,90,106,122,136,152,166,183,195
168_fs3,17,37,58,74,92,105,122,137,152,167,180,196
170_fs1,32,64,87,110,132,151,172,193,,,,
170_fs2,32,57,79,103,123,142,162,184,,,,
170_fs3,30,52,75,95,116,133,152,173,191,,,
171_fs1,25,49,69,88,108,127,146,163,180,197,,
171_fs2,29,56,76,98,115,132,150,166,187,,,
171_fs3,25,45,68,108,127,147,163,183,,,,
172_fs1,37,66,91,116,140,165,192,,,,,
172_fs2,37,68,96,121,147,172,195,,,,,
172_fs3,30,63,92,116,143,168,,,,,,
173_fs1,23,48,71,93,113,134,176,194,,,,
173_fs2,25,50,75,100,118,135,152,170,189,,,
173_fs3,22,44,67,87,104,122,140,156,173,190,,
174_fs1,35,71,100,125,149,174,196,,,,,
174_fs2,29,62,89,115,139,160,185,,,,,
174_fs3,36,69,112,136,160,186,,,,,,
175_fs1,23,43,65,83,101,119,133,154,171,190,,
175_fs2,26,49,69,88,106,121,135,154,172,187,,
175_fs3,21,45,64,85,104,120,136,151,167,184,,
176_fs1,24,50,74,96,116,134,149,167,182,197,,
176_fs2,23,47,68,92,107,120,134,148,163,179,193,
176_fs3,25,47,66,85,104,122,138,155,171,187,,
177_fs1,43,79,105,129,155,177,,,,,,
177_fs2,26,57,78,101,124,147,171,196,,,,
177_fs3,28,60,85,109,130,155,181,,,,,
177_fs4,28,55,81,104,127,151,173,193,,,,
178_fs1,29,61,105,129,152,176,197,,,,,
178_fs2,33,69,97,124,147,174,197,,,,,
179_fs1,19,42,67,89,104,121,138,154,176,191,,
179_fs2,25,51,73,95,114,133,149,167,183,198,,
179_fs3,27,51,74,96,118,138,157,173,190,,,
180_fs1,29,54,77,100,120,142,163,182,,,,
180_fs2,31,63,85,111,130,152,174,192,,,,
181_fs1,26,56,77,99,123,145,167,186,,,,
183_fs1,24,49,70,92,109,128,146,165,183,,,
183_fs2,21,45,65,85,105,124,142,159,175,193,,
184_fs1,26,51,66,86,103,120,136,152,169,185,,
184_fs2,22,46,67,87,104,122,139,155,169,186,198,
185_fs1,31,58,82,104,126,147,168,187,,,,
185_fs2,33,64,88,112,135,155,176,196,,,,
185_fs3,27,56,79,105,129,153,174,195,,,,
186_fs1,43,63,86,107,125,146,164,182,198,,,
186_fs2,65,85,103,124,141,161,178,193,,,,
188_fs1,25,54,76,98,120,141,160,177,195,,,
188_fs2,26,50,75,96,115,135,156,178,195,,,
189_fs1,33,62,95,115,140,160,178,197,,,,
189_fs2,28,58,83,104,129,149,171,190,,,,
189_fs3,31,60,82,108,130,151,172,193,,,,
190_fs1,24,48,67,88,109,123,138,155,171,190,,
190_fs2,24,48,68,87,103,120,138,155,169,188,,
190_fs3,23,43,64,85,104,122,137,151,167,181,196,
190_fs4,21,39,64,82,99,117,132,147,162,177,193,
191_fs1,28,56,80,104,127,149,172,190,,,,
191_fs2,25,50,73,93,113,133,152,172,191,,,
192_fs1,28,54,75,95,114,132,149,167,184,,,
193_fs1,29,60,84,109,132,153,176,196,,,,
193_fs2,37,71,99,123,142,161,190,,,,,
193_fs3,30,60,86,106,129,152,173,195,,,,
194_fs1,34,67,89,116,140,165,189,,,,,
194_fs2,36,72,102,126,153,180,,,,,,
195_fs1,23,55,83,109,137,162,187,,,,,
195_fs2,29,54,80,102,123,146,168,188,,,,
196_fs1,21,44,68,88,110,132,152,168,188,,,
196_fs2,26,58,82,106,127,148,170,191,,,,
196_fs3,26,52,74,92,113,131,149,169,191,,,
197_fs1,33,62,86,111,134,158,181,,,,,
197_fs2,29,60,84,109,136,157,183,,,,,
198_fs1,24,50,76,95,114,132,149,165,181,194,,
198_fs2,22,50,71,92,110,129,149,167,184,,,
199_fs1,30,62,87,110,134,155,177,197,,,,
199_fs2,43,67,91,116,137,161,184,,,,,
199_fs3,26,58,87,112,134,156,179,,,,,
200_fs1,21,43,62,81,98,113,128,144,160,175,190,
200_fs2,24,47,66,85,106,120,137,151,167,180,193,
200_fs3,21,42,62,82,99,117,134,149,165,179,195,
201_fs1,30,53,77,101,124,147,170,194,,,,
201_fs2,35,58,80,100,127,148,170,191,,,,
201_fs3,34,61,86,110,133,158,176,197,,,,
202_fs1,34,57,79,102,121,140,158,178,193,,,
202_fs2,34,59,87,109,130,149,167,188,,,,
202_fs3,28,55,78,99,117,139,160,178,198,,,
203_fs1,29,57,77,98,121,143,165,184,,,,
203_fs2,22,46,72,91,110,134,158,178,198,,,
203_fs3,26,53,76,98,122,141,160,181,,,,
204_fs1,25,54,80,100,123,143,166,185,,,,
204_fs2,28,58,81,103,126,147,166,185,,,,
206_fs1,30,61,87,115,140,163,187,,,,,
206_fs2,34,68,97,125,151,172,194,,,,,
206_fs3,31,59,80,104,126,148,171,190,,,,
207_fs1,32,56,89,110,133,153,170,192,,,,
207_fs2,27,53,75,98,121,142,164,182,,,,
207_fs3,43,70,90,108,125,139,158,175,190,,,
208_fs1,31,61,86,108,127,153,170,,,,,
208_fs2,27,54,80,102,126,147,167,188,,,,
208_fs3,23,50,72,93,113,132,151,170,189,,,
209_fs1,21,40,57,74,90,107,122,137,151,166,180,193
209_fs2,28,47,68,85,107,123,142,156,173,188,,
210_fs1,25,49,69,91,108,128,149,166,185,,,
210_fs2,26,52,75,97,114,136,157,178,193,,,
210_fs3,27,56,78,99,119,136,159,181,,,,
211_fs1,23,48,68,91,109,126,145,160,174,189,,
211_fs2,19,43,62,81,98,113,130,145,160,173,188,
212_fs1,20,46,65,84,102,122,136,153,169,186,,
212_fs2,24,50,66,89,106,122,140,156,174,189,,
213_fs1,31,59,87,113,137,160,182,,,,,
213_fs2,31,55,82,106,133,157,182,,,,,
213_fs3,38,75,103,133,154,183,,,,,,
